[2m2026-09-26 16:33:05.199 UTC[0m [91mERR[0m [2msyslogger/syslogger.go:171[0m can't connect to syslog: Unix syslog delivery error
[2m2026-09-26 16:33:05.221 UTC[0m [92mINF[0m [2mtestenv/testenv.go:70[0m MySQL version: 8.0.46
[2m2026-09-26 16:33:05.221 UTC[0m [92mINF[0m [2mtestenv/testenv.go:75[0m Default collation ID: 255
[2m2026-09-26 16:33:05.222 UTC[0m [92mINF[0m [2msyslogger/syslogger.go:133[0m vttest [keyspace] created value: 
[2m2026-09-26 16:33:05.222 UTC[0m [92mINF[0m [2mtopo/locks.go:167[0m Locking keyspace vttest for action CreateShard with options: {lockType:0 ttl:0}
[2m2026-09-26 16:33:05.222 UTC[0m [92mINF[0m [2msyslogger/syslogger.go:133[0m vttest/0 [shard] created value: is_primary_serving:true
[2m2026-09-26 16:33:05.222 UTC[0m [92mINF[0m [2mtopo/locks.go:219[0m Unlocking keyspace vttest for successful action CreateShard
[2m2026-09-26 16:33:05.222 UTC[0m [92mINF[0m [2mvttest/local_cluster.go:342[0m No environment in cluster settings. Creating default...
[2m2026-09-26 16:33:05.222 UTC[0m [92mINF[0m [2mvttest/local_cluster.go:349[0m LocalCluster environment: &{BasePort:25015 TmpPath:/home/vt/v4btest/data/vttest1035440681 DefaultMyCnf:[/home/vt/config/mycnf/test-suite.cnf] InitDBFile:/home/vt/config/init_db.sql Env:[VTDATAROOT=/home/vt/v4btest/data/vttest1035440681 VTTEST=endtoend]}
[2m2026-09-26 16:33:05.222 UTC[0m [92mINF[0m [2mvttest/local_cluster.go:369[0m Initializing MySQL Manager (*vttest.Mysqlctl)...
[2m2026-09-26 16:33:10.006 UTC[0m [92mINF[0m [2mvttest/local_cluster.go:554[0m Creating databases in cluster...
[2m2026-09-26 16:33:10.006 UTC[0m [92mINF[0m [2msidecardb/sidecardb.go:233[0m Starting sidecardb.Init()
[2m2026-09-26 16:33:10.008 UTC[0m [92mINF[0m [2mvttest/local_cluster.go:609[0m ExecuteFetch(): "select 'true' as 'dbexists' from information_schema.SCHEMATA where SCHEMA_NAME = '_vt'"
[2m2026-09-26 16:33:10.010 UTC[0m [92mINF[0m [2msidecardb/sidecardb.go:321[0m doesSidecarDBExist: _vt not found
[2m2026-09-26 16:33:10.011 UTC[0m [92mINF[0m [2mvttest/local_cluster.go:609[0m ExecuteFetch(): "create database if not exists _vt"
[2m2026-09-26 16:33:10.012 UTC[0m [92mINF[0m [2msidecardb/sidecardb.go:338[0m createSidecarDB: _vt
[2m2026-09-26 16:33:10.012 UTC[0m [92mINF[0m [2mvttest/local_cluster.go:609[0m ExecuteFetch(): "use _vt"
[2m2026-09-26 16:33:10.013 UTC[0m [92mINF[0m [2mvttest/local_cluster.go:609[0m ExecuteFetch(): "select @@session.sql_mode as sql_mode"
[2m2026-09-26 16:33:10.013 UTC[0m [92mINF[0m [2mvttest/local_cluster.go:609[0m ExecuteFetch(): "set @@session.sql_mode=''"
[2m2026-09-26 16:33:10.014 UTC[0m [92mINF[0m [2mvttest/local_cluster.go:609[0m ExecuteFetch(): "select @@global.collation_server"
[2m2026-09-26 16:33:10.014 UTC[0m [92mINF[0m [2mvttest/local_cluster.go:609[0m ExecuteFetch(): "show create table _vt.heartbeat"
[2m2026-09-26 16:33:10.015 UTC[0m [92mINF[0m [2mvttest/local_cluster.go:609[0m ExecuteFetch(): "select @@version"
[2m2026-09-26 16:33:10.015 UTC[0m [92mINF[0m [2msidecardb/sidecardb.go:469[0m Applying DDL for table heartbeat:
CREATE TABLE IF NOT EXISTS `_vt`.`heartbeat` (
	`keyspaceShard` varbinary(256) NOT NULL,
	`tabletUid` int unsigned NOT NULL,
	`ts` bigint unsigned NOT NULL,
	PRIMARY KEY (`keyspaceShard`)
) ENGINE InnoDB,
  CHARSET utf8mb4
[2m2026-09-26 16:33:10.015 UTC[0m [92mINF[0m [2mvttest/local_cluster.go:588[0m Execute(): "use _vt"
[2m2026-09-26 16:33:10.016 UTC[0m [92mINF[0m [2mvttest/local_cluster.go:609[0m ExecuteFetch(): "CREATE TABLE IF NOT EXISTS `_vt`.`heartbeat` (
	`keyspaceShard` varbinary(256) NOT NULL,
	`tabletUid` int unsigned NOT NULL,
	`ts` bigint unsigned NOT NULL,
	PRIMARY KEY (`keyspaceShard`)
) ENGINE InnoDB,
  CHARSET utf8mb4"
[2m2026-09-26 16:33:10.023 UTC[0m [92mINF[0m [2msidecardb/sidecardb.go:516[0m Applied DDL CREATE TABLE IF NOT EXISTS `_vt`.`heartbeat` (
	`keyspaceShard` varbinary(256) NOT NULL,
	`tabletUid` int unsigned NOT NULL,
	`ts` bigint unsigned NOT NULL,
	PRIMARY KEY (`keyspaceShard`)
) ENGINE InnoDB,
  CHARSET utf8mb4 for table _vt.heartbeat (misc) during sidecar database initialization
[2m2026-09-26 16:33:10.024 UTC[0m [92mINF[0m [2mvttest/local_cluster.go:609[0m ExecuteFetch(): "show create table _vt.reparent_journal"
[2m2026-09-26 16:33:10.025 UTC[0m [92mINF[0m [2msidecardb/sidecardb.go:469[0m Applying DDL for table reparent_journal:
CREATE TABLE IF NOT EXISTS `_vt`.`reparent_journal` (
	`time_created_ns` bigint unsigned NOT NULL,
	`action_name` varbinary(255) NOT NULL,
	`primary_alias` varbinary(255) NOT NULL,
	`replication_position` varbinary(64000),
	PRIMARY KEY (`time_created_ns`)
) ENGINE InnoDB,
  CHARSET utf8mb4
[2m2026-09-26 16:33:10.025 UTC[0m [92mINF[0m [2mvttest/local_cluster.go:588[0m Execute(): "use _vt"
[2m2026-09-26 16:33:10.025 UTC[0m [92mINF[0m [2mvttest/local_cluster.go:609[0m ExecuteFetch(): "CREATE TABLE IF NOT EXISTS `_vt`.`reparent_journal` (
	`time_created_ns` bigint unsigned NOT NULL,
	`action_name` varbinary(255) NOT NULL,
	`primary_alias` varbinary(255) NOT NULL,
	`replication_position` varbinary(64000),
	PRIMARY KEY (`time_created_ns`)
) ENGINE InnoDB,
  CHARSET utf8mb4"
[2m2026-09-26 16:33:10.034 UTC[0m [92mINF[0m [2msidecardb/sidecardb.go:516[0m Applied DDL CREATE TABLE IF NOT EXISTS `_vt`.`reparent_journal` (
	`time_created_ns` bigint unsigned NOT NULL,
	`action_name` varbinary(255) NOT NULL,
	`primary_alias` varbinary(255) NOT NULL,
	`replication_position` varbinary(64000),
	PRIMARY KEY (`time_created_ns`)
) ENGINE InnoDB,
  CHARSET utf8mb4 for table _vt.reparent_journal (misc) during sidecar database initialization
[2m2026-09-26 16:33:10.034 UTC[0m [92mINF[0m [2mvttest/local_cluster.go:609[0m ExecuteFetch(): "show create table _vt.semisync_heartbeat"
[2m2026-09-26 16:33:10.035 UTC[0m [92mINF[0m [2msidecardb/sidecardb.go:469[0m Applying DDL for table semisync_heartbeat:
CREATE TABLE IF NOT EXISTS `_vt`.`semisync_heartbeat` (
	`ts` bigint unsigned NOT NULL,
	PRIMARY KEY (`ts`)
) ENGINE InnoDB,
  CHARSET utf8mb4
[2m2026-09-26 16:33:10.035 UTC[0m [92mINF[0m [2mvttest/local_cluster.go:588[0m Execute(): "use _vt"
[2m2026-09-26 16:33:10.036 UTC[0m [92mINF[0m [2mvttest/local_cluster.go:609[0m ExecuteFetch(): "CREATE TABLE IF NOT EXISTS `_vt`.`semisync_heartbeat` (
	`ts` bigint unsigned NOT NULL,
	PRIMARY KEY (`ts`)
) ENGINE InnoDB,
  CHARSET utf8mb4"
[2m2026-09-26 16:33:10.040 UTC[0m [92mINF[0m [2msidecardb/sidecardb.go:516[0m Applied DDL CREATE TABLE IF NOT EXISTS `_vt`.`semisync_heartbeat` (
	`ts` bigint unsigned NOT NULL,
	PRIMARY KEY (`ts`)
) ENGINE InnoDB,
  CHARSET utf8mb4 for table _vt.semisync_heartbeat (misc) during sidecar database initialization
[2m2026-09-26 16:33:10.040 UTC[0m [92mINF[0m [2mvttest/local_cluster.go:609[0m ExecuteFetch(): "show create table _vt.schema_migrations"
[2m2026-09-26 16:33:10.041 UTC[0m [92mINF[0m [2msidecardb/sidecardb.go:469[0m Applying DDL for table schema_migrations:
CREATE TABLE IF NOT EXISTS `_vt`.`schema_migrations` (
	`id` bigint unsigned NOT NULL AUTO_INCREMENT,
	`migration_uuid` varchar(64) NOT NULL,
	`keyspace` varchar(256) NOT NULL,
	`shard` varchar(255) NOT NULL,
	`mysql_schema` varchar(128) NOT NULL,
	`mysql_table` varchar(128) NOT NULL,
	`migration_statement` text NOT NULL,
	`strategy` varchar(128) NOT NULL,
	`options` varchar(8192) NOT NULL,
	`added_timestamp` timestamp NOT NULL DEFAULT current_timestamp(),
	`requested_timestamp` timestamp NOT NULL DEFAULT current_timestamp(),
	`ready_timestamp` timestamp NULL,
	`started_timestamp` timestamp NULL,
	`liveness_timestamp` timestamp NULL,
	`completed_timestamp` timestamp(6) NULL,
	`cleanup_timestamp` timestamp NULL,
	`migration_status` varchar(128) NOT NULL,
	`log_path` varchar(1024) NOT NULL,
	`artifacts` text NOT NULL,
	`retries` int unsigned NOT NULL DEFAULT '0',
	`tablet` varchar(128) NOT NULL DEFAULT '',
	`tablet_failure` tinyint unsigned NOT NULL DEFAULT '0',
	`progress` float NOT NULL DEFAULT '0',
	`migration_context` varchar(1024) NOT NULL DEFAULT '',
	`ddl_action` varchar(16) NOT NULL DEFAULT '',
	`message` text NOT NULL,
	`message_timestamp` timestamp(6) NULL,
	`eta_seconds` bigint NOT NULL DEFAULT '-1',
	`rows_copied` bigint unsigned NOT NULL DEFAULT '0',
	`vreplication_lag_seconds` bigint unsigned NOT NULL DEFAULT '0',
	`table_rows` bigint NOT NULL DEFAULT '0',
	`added_unique_keys` int unsigned NOT NULL DEFAULT '0',
	`removed_unique_keys` int unsigned NOT NULL DEFAULT '0',
	`log_file` varchar(1024) NOT NULL DEFAULT '',
	`retain_artifacts_seconds` bigint NOT NULL DEFAULT '0',
	`postpone_completion` tinyint unsigned NOT NULL DEFAULT '0',
	`removed_unique_key_names` text NOT NULL,
	`dropped_no_default_column_names` text NOT NULL,
	`expanded_column_names` text NOT NULL,
	`revertible_notes` text NOT NULL,
	`allow_concurrent` tinyint unsigned NOT NULL DEFAULT '0',
	`reverted_uuid` varchar(64) NOT NULL DEFAULT '',
	`is_view` tinyint unsigned NOT NULL DEFAULT '0',
	`ready_to_complete` tinyint unsigned NOT NULL DEFAULT '0',
	`vitess_liveness_indicator` bigint NOT NULL DEFAULT '0',
	`user_throttle_ratio` float NOT NULL DEFAULT '0',
	`special_plan` text NOT NULL,
	`last_throttled_timestamp` timestamp NULL,
	`component_throttled` tinytext NOT NULL,
	`reason_throttled` text NOT NULL,
	`cancelled_timestamp` timestamp NULL,
	`postpone_launch` tinyint unsigned NOT NULL DEFAULT '0',
	`stage` text NOT NULL,
	`cutover_attempts` int unsigned NOT NULL DEFAULT '0',
	`is_immediate_operation` tinyint unsigned NOT NULL DEFAULT '0',
	`reviewed_timestamp` timestamp NULL,
	`ready_to_complete_timestamp` timestamp NULL,
	`shadow_analyzed_timestamp` timestamp NULL,
	`removed_foreign_key_names` text NOT NULL,
	`last_cutover_attempt_timestamp` timestamp NULL,
	`force_cutover` tinyint unsigned NOT NULL DEFAULT '0',
	`cutover_threshold_seconds` int unsigned NOT NULL DEFAULT '0',
	`in_order_completion_pending_count` int unsigned NOT NULL DEFAULT '0',
	PRIMARY KEY (`id`),
	UNIQUE KEY `uuid_idx` (`migration_uuid`),
	KEY `keyspace_shard_idx` (`keyspace`(64), `shard`(64)),
	KEY `status_idx` (`migration_status`, `liveness_timestamp`),
	KEY `cleanup_status_idx` (`cleanup_timestamp`, `migration_status`),
	KEY `tablet_failure_idx` (`tablet_failure`, `migration_status`, `retries`),
	KEY `table_complete_idx` (`migration_status`, `keyspace`(64), `mysql_table`(64), `completed_timestamp`),
	KEY `migration_context_idx` (`migration_context`(64)),
	KEY `reverted_uuid_idx` (`reverted_uuid`)
) ENGINE InnoDB,
  CHARSET utf8mb4
[2m2026-09-26 16:33:10.041 UTC[0m [92mINF[0m [2mvttest/local_cluster.go:588[0m Execute(): "use _vt"
[2m2026-09-26 16:33:10.042 UTC[0m [92mINF[0m [2mvttest/local_cluster.go:609[0m ExecuteFetch(): "CREATE TABLE IF NOT EXISTS `_vt`.`schema_migrations` (
	`id` bigint unsigned NOT NULL AUTO_INCREMENT,
	`migration_uuid` varchar(64) NOT NULL,
	`keyspace` varchar(256) NOT NULL,
	`shard` varchar(255) NOT NULL,
	`mysql_schema` varchar(128) NOT NULL,
	`mysql_table` varchar(128) NOT NULL,
	`migration_statement` text NOT NULL,
	`strategy` varchar(128) NOT NULL,
	`options` varchar(8192) NOT NULL,
	`added_timestamp` timestamp NOT NULL DEFAULT current_timestamp(),
	`requested_timestamp` timestamp NOT NULL DEFAULT current_timestamp(),
	`ready_timestamp` timestamp NULL,
	`started_timestamp` timestamp NULL,
	`liveness_timestamp` timestamp NULL,
	`completed_timestamp` timestamp(6) NULL,
	`cleanup_timestamp` timestamp NULL,
	`migration_status` varchar(128) NOT NULL,
	`log_path` varchar(1024) NOT NULL,
	`artifacts` text NOT NULL,
	`retries` int unsigned NOT NULL DEFAULT '0',
	`tablet` varchar(128) NOT NULL DEFAULT '',
	`tablet_failure` tinyint unsigned NOT NULL DEFAULT '0',
	`progress` float NOT NULL DEFAULT '0',
	`migration_context` varchar(1024) NOT NULL DEFAULT '',
	`ddl_action` varchar(16) NOT NULL DEFAULT '',
	`message` text NOT NULL,
	`message_timestamp` timestamp(6) NULL,
	`eta_seconds` bigint NOT NULL DEFAULT '-1',
	`rows_copied` bigint unsigned NOT NULL DEFAULT '0',
	`vreplication_lag_seconds` bigint unsigned NOT NULL DEFAULT '0',
	`table_rows` bigint NOT NULL DEFAULT '0',
	`added_unique_keys` int unsigned NOT NULL DEFAULT '0',
	`removed_unique_keys` int unsigned NOT NULL DEFAULT '0',
	`log_file` varchar(1024) NOT NULL DEFAULT '',
	`retain_artifacts_seconds` bigint NOT NULL DEFAULT '0',
	`postpone_completion` tinyint unsigned NOT NULL DEFAULT '0',
	`removed_unique_key_names` text NOT NULL,
	`dropped_no_default_column_names` text NOT NULL,
	`expanded_column_names` text NOT NULL,
	`revertible_notes` text NOT NULL,
	`allow_concurrent` tinyint unsigned NOT NULL DEFAULT '0',
	`reverted_uuid` varchar(64) NOT NULL DEFAULT '',
	`is_view` tinyint unsigned NOT NULL DEFAULT '0',
	`ready_to_complete` tinyint unsigned NOT NULL DEFAULT '0',
	`vitess_liveness_indicator` bigint NOT NULL DEFAULT '0',
	`user_throttle_ratio` float NOT NULL DEFAULT '0',
	`special_plan` text NOT NULL,
	`last_throttled_timestamp` timestamp NULL,
	`component_throttled` tinytext NOT NULL,
	`reason_throttled` text NOT NULL,
	`cancelled_timestamp` timestamp NULL,
	`postpone_launch` tinyint unsigned NOT NULL DEFAULT '0',
	`stage` text NOT NULL,
	`cutover_attempts` int unsigned NOT NULL DEFAULT '0',
	`is_immediate_operation` tinyint unsigned NOT NULL DEFAULT '0',
	`reviewed_timestamp` timestamp NULL,
	`ready_to_complete_timestamp` timestamp NULL,
	`shadow_analyzed_timestamp` timestamp NULL,
	`removed_foreign_key_names` text NOT NULL,
	`last_cutover_attempt_timestamp` timestamp NULL,
	`force_cutover` tinyint unsigned NOT NULL DEFAULT '0',
	`cutover_threshold_seconds` int unsigned NOT NULL DEFAULT '0',
	`in_order_completion_pending_count` int unsigned NOT NULL DEFAULT '0',
	PRIMARY KEY (`id`),
	UNIQUE KEY `uuid_idx` (`migration_uuid`),
	KEY `keyspace_shard_idx` (`keyspace`(64), `shard`(64)),
	KEY `status_idx` (`migration_status`, `liveness_timestamp`),
	KEY `cleanup_status_idx` (`cleanup_timestamp`, `migration_status`),
	KEY `tablet_failure_idx` (`tablet_failure`, `migration_status`, `retries`),
	KEY `table_complete_idx` (`migration_status`, `keyspace`(64), `mysql_table`(64), `completed_timestamp`),
	KEY `migration_context_idx` (`migration_context`(64)),
	KEY `reverted_uuid_idx` (`reverted_uuid`)
) ENGINE InnoDB,
  CHARSET utf8mb4"
[2m2026-09-26 16:33:10.056 UTC[0m [92mINF[0m [2msidecardb/sidecardb.go:516[0m Applied DDL CREATE TABLE IF NOT EXISTS `_vt`.`schema_migrations` (
	`id` bigint unsigned NOT NULL AUTO_INCREMENT,
	`migration_uuid` varchar(64) NOT NULL,
	`keyspace` varchar(256) NOT NULL,
	`shard` varchar(255) NOT NULL,
	`mysql_schema` varchar(128) NOT NULL,
	`mysql_table` varchar(128) NOT NULL,
	`migration_statement` text NOT NULL,
	`strategy` varchar(128) NOT NULL,
	`options` varchar(8192) NOT NULL,
	`added_timestamp` timestamp NOT NULL DEFAULT current_timestamp(),
	`requested_timestamp` timestamp NOT NULL DEFAULT current_timestamp(),
	`ready_timestamp` timestamp NULL,
	`started_timestamp` timestamp NULL,
	`liveness_timestamp` timestamp NULL,
	`completed_timestamp` timestamp(6) NULL,
	`cleanup_timestamp` timestamp NULL,
	`migration_status` varchar(128) NOT NULL,
	`log_path` varchar(1024) NOT NULL,
	`artifacts` text NOT NULL,
	`retries` int unsigned NOT NULL DEFAULT '0',
	`tablet` varchar(128) NOT NULL DEFAULT '',
	`tablet_failure` tinyint unsigned NOT NULL DEFAULT '0',
	`progress` float NOT NULL DEFAULT '0',
	`migration_context` varchar(1024) NOT NULL DEFAULT '',
	`ddl_action` varchar(16) NOT NULL DEFAULT '',
	`message` text NOT NULL,
	`message_timestamp` timestamp(6) NULL,
	`eta_seconds` bigint NOT NULL DEFAULT '-1',
	`rows_copied` bigint unsigned NOT NULL DEFAULT '0',
	`vreplication_lag_seconds` bigint unsigned NOT NULL DEFAULT '0',
	`table_rows` bigint NOT NULL DEFAULT '0',
	`added_unique_keys` int unsigned NOT NULL DEFAULT '0',
	`removed_unique_keys` int unsigned NOT NULL DEFAULT '0',
	`log_file` varchar(1024) NOT NULL DEFAULT '',
	`retain_artifacts_seconds` bigint NOT NULL DEFAULT '0',
	`postpone_completion` tinyint unsigned NOT NULL DEFAULT '0',
	`removed_unique_key_names` text NOT NULL,
	`dropped_no_default_column_names` text NOT NULL,
	`expanded_column_names` text NOT NULL,
	`revertible_notes` text NOT NULL,
	`allow_concurrent` tinyint unsigned NOT NULL DEFAULT '0',
	`reverted_uuid` varchar(64) NOT NULL DEFAULT '',
	`is_view` tinyint unsigned NOT NULL DEFAULT '0',
	`ready_to_complete` tinyint unsigned NOT NULL DEFAULT '0',
	`vitess_liveness_indicator` bigint NOT NULL DEFAULT '0',
	`user_throttle_ratio` float NOT NULL DEFAULT '0',
	`special_plan` text NOT NULL,
	`last_throttled_timestamp` timestamp NULL,
	`component_throttled` tinytext NOT NULL,
	`reason_throttled` text NOT NULL,
	`cancelled_timestamp` timestamp NULL,
	`postpone_launch` tinyint unsigned NOT NULL DEFAULT '0',
	`stage` text NOT NULL,
	`cutover_attempts` int unsigned NOT NULL DEFAULT '0',
	`is_immediate_operation` tinyint unsigned NOT NULL DEFAULT '0',
	`reviewed_timestamp` timestamp NULL,
	`ready_to_complete_timestamp` timestamp NULL,
	`shadow_analyzed_timestamp` timestamp NULL,
	`removed_foreign_key_names` text NOT NULL,
	`last_cutover_attempt_timestamp` timestamp NULL,
	`force_cutover` tinyint unsigned NOT NULL DEFAULT '0',
	`cutover_threshold_seconds` int unsigned NOT NULL DEFAULT '0',
	`in_order_completion_pending_count` int unsigned NOT NULL DEFAULT '0',
	PRIMARY KEY (`id`),
	UNIQUE KEY `uuid_idx` (`migration_uuid`),
	KEY `keyspace_shard_idx` (`keyspace`(64), `shard`(64)),
	KEY `status_idx` (`migration_status`, `liveness_timestamp`),
	KEY `cleanup_status_idx` (`cleanup_timestamp`, `migration_status`),
	KEY `tablet_failure_idx` (`tablet_failure`, `migration_status`, `retries`),
	KEY `table_complete_idx` (`migration_status`, `keyspace`(64), `mysql_table`(64), `completed_timestamp`),
	KEY `migration_context_idx` (`migration_context`(64)),
	KEY `reverted_uuid_idx` (`reverted_uuid`)
) ENGINE InnoDB,
  CHARSET utf8mb4 for table _vt.schema_migrations (onlineddl) during sidecar database initialization
[2m2026-09-26 16:33:10.056 UTC[0m [92mINF[0m [2mvttest/local_cluster.go:609[0m ExecuteFetch(): "show create table _vt.`tables`"
[2m2026-09-26 16:33:10.057 UTC[0m [92mINF[0m [2msidecardb/sidecardb.go:469[0m Applying DDL for table tables:
CREATE TABLE IF NOT EXISTS `_vt`.`tables` (
	`TABLE_SCHEMA` varchar(64) CHARACTER SET utf8mb3 COLLATE utf8mb3_bin NOT NULL,
	`TABLE_NAME` varchar(64) CHARACTER SET utf8mb3 COLLATE utf8mb3_bin NOT NULL,
	`CREATE_STATEMENT` longtext,
	`CREATE_TIME` bigint,
	PRIMARY KEY (`TABLE_SCHEMA`, `TABLE_NAME`)
) ENGINE InnoDB,
  CHARSET utf8mb4
[2m2026-09-26 16:33:10.057 UTC[0m [92mINF[0m [2mvttest/local_cluster.go:588[0m Execute(): "use _vt"
[2m2026-09-26 16:33:10.058 UTC[0m [92mINF[0m [2mvttest/local_cluster.go:609[0m ExecuteFetch(): "CREATE TABLE IF NOT EXISTS `_vt`.`tables` (
	`TABLE_SCHEMA` varchar(64) CHARACTER SET utf8mb3 COLLATE utf8mb3_bin NOT NULL,
	`TABLE_NAME` varchar(64) CHARACTER SET utf8mb3 COLLATE utf8mb3_bin NOT NULL,
	`CREATE_STATEMENT` longtext,
	`CREATE_TIME` bigint,
	PRIMARY KEY (`TABLE_SCHEMA`, `TABLE_NAME`)
) ENGINE InnoDB,
  CHARSET utf8mb4"
[2m2026-09-26 16:33:10.062 UTC[0m [92mINF[0m [2msidecardb/sidecardb.go:516[0m Applied DDL CREATE TABLE IF NOT EXISTS `_vt`.`tables` (
	`TABLE_SCHEMA` varchar(64) CHARACTER SET utf8mb3 COLLATE utf8mb3_bin NOT NULL,
	`TABLE_NAME` varchar(64) CHARACTER SET utf8mb3 COLLATE utf8mb3_bin NOT NULL,
	`CREATE_STATEMENT` longtext,
	`CREATE_TIME` bigint,
	PRIMARY KEY (`TABLE_SCHEMA`, `TABLE_NAME`)
) ENGINE InnoDB,
  CHARSET utf8mb4 for table _vt.`tables` (schemaengine) during sidecar database initialization
[2m2026-09-26 16:33:10.062 UTC[0m [92mINF[0m [2mvttest/local_cluster.go:609[0m ExecuteFetch(): "show create table _vt.udfs"
[2m2026-09-26 16:33:10.063 UTC[0m [92mINF[0m [2msidecardb/sidecardb.go:469[0m Applying DDL for table udfs:
CREATE TABLE IF NOT EXISTS `_vt`.`udfs` (
	`FUNCTION_NAME` varchar(128) CHARACTER SET utf8mb3 COLLATE utf8mb3_bin NOT NULL,
	`FUNCTION_RETURN_TYPE` varchar(20) CHARACTER SET utf8mb3 COLLATE utf8mb3_bin NOT NULL,
	`FUNCTION_TYPE` varchar(20) CHARACTER SET utf8mb3 COLLATE utf8mb3_bin NOT NULL,
	PRIMARY KEY (`FUNCTION_NAME`)
) ENGINE InnoDB,
  CHARSET utf8mb4
[2m2026-09-26 16:33:10.063 UTC[0m [92mINF[0m [2mvttest/local_cluster.go:588[0m Execute(): "use _vt"
[2m2026-09-26 16:33:10.064 UTC[0m [92mINF[0m [2mvttest/local_cluster.go:609[0m ExecuteFetch(): "CREATE TABLE IF NOT EXISTS `_vt`.`udfs` (
	`FUNCTION_NAME` varchar(128) CHARACTER SET utf8mb3 COLLATE utf8mb3_bin NOT NULL,
	`FUNCTION_RETURN_TYPE` varchar(20) CHARACTER SET utf8mb3 COLLATE utf8mb3_bin NOT NULL,
	`FUNCTION_TYPE` varchar(20) CHARACTER SET utf8mb3 COLLATE utf8mb3_bin NOT NULL,
	PRIMARY KEY (`FUNCTION_NAME`)
) ENGINE InnoDB,
  CHARSET utf8mb4"
[2m2026-09-26 16:33:10.068 UTC[0m [92mINF[0m [2msidecardb/sidecardb.go:516[0m Applied DDL CREATE TABLE IF NOT EXISTS `_vt`.`udfs` (
	`FUNCTION_NAME` varchar(128) CHARACTER SET utf8mb3 COLLATE utf8mb3_bin NOT NULL,
	`FUNCTION_RETURN_TYPE` varchar(20) CHARACTER SET utf8mb3 COLLATE utf8mb3_bin NOT NULL,
	`FUNCTION_TYPE` varchar(20) CHARACTER SET utf8mb3 COLLATE utf8mb3_bin NOT NULL,
	PRIMARY KEY (`FUNCTION_NAME`)
) ENGINE InnoDB,
  CHARSET utf8mb4 for table _vt.udfs (schemaengine) during sidecar database initialization
[2m2026-09-26 16:33:10.068 UTC[0m [92mINF[0m [2mvttest/local_cluster.go:609[0m ExecuteFetch(): "show create table _vt.views"
[2m2026-09-26 16:33:10.069 UTC[0m [92mINF[0m [2msidecardb/sidecardb.go:469[0m Applying DDL for table views:
CREATE TABLE IF NOT EXISTS `_vt`.`views` (
	`TABLE_SCHEMA` varchar(64) CHARACTER SET utf8mb3 COLLATE utf8mb3_bin NOT NULL,
	`TABLE_NAME` varchar(64) CHARACTER SET utf8mb3 COLLATE utf8mb3_bin NOT NULL,
	`CREATE_STATEMENT` longtext,
	`VIEW_DEFINITION` longtext NOT NULL,
	PRIMARY KEY (`TABLE_SCHEMA`, `TABLE_NAME`)
) ENGINE InnoDB,
  CHARSET utf8mb4
[2m2026-09-26 16:33:10.069 UTC[0m [92mINF[0m [2mvttest/local_cluster.go:588[0m Execute(): "use _vt"
[2m2026-09-26 16:33:10.070 UTC[0m [92mINF[0m [2mvttest/local_cluster.go:609[0m ExecuteFetch(): "CREATE TABLE IF NOT EXISTS `_vt`.`views` (
	`TABLE_SCHEMA` varchar(64) CHARACTER SET utf8mb3 COLLATE utf8mb3_bin NOT NULL,
	`TABLE_NAME` varchar(64) CHARACTER SET utf8mb3 COLLATE utf8mb3_bin NOT NULL,
	`CREATE_STATEMENT` longtext,
	`VIEW_DEFINITION` longtext NOT NULL,
	PRIMARY KEY (`TABLE_SCHEMA`, `TABLE_NAME`)
) ENGINE InnoDB,
  CHARSET utf8mb4"
[2m2026-09-26 16:33:10.075 UTC[0m [92mINF[0m [2msidecardb/sidecardb.go:516[0m Applied DDL CREATE TABLE IF NOT EXISTS `_vt`.`views` (
	`TABLE_SCHEMA` varchar(64) CHARACTER SET utf8mb3 COLLATE utf8mb3_bin NOT NULL,
	`TABLE_NAME` varchar(64) CHARACTER SET utf8mb3 COLLATE utf8mb3_bin NOT NULL,
	`CREATE_STATEMENT` longtext,
	`VIEW_DEFINITION` longtext NOT NULL,
	PRIMARY KEY (`TABLE_SCHEMA`, `TABLE_NAME`)
) ENGINE InnoDB,
  CHARSET utf8mb4 for table _vt.views (schemaengine) during sidecar database initialization
[2m2026-09-26 16:33:10.076 UTC[0m [92mINF[0m [2mvttest/local_cluster.go:609[0m ExecuteFetch(): "show create table _vt.dt_participant"
[2m2026-09-26 16:33:10.076 UTC[0m [92mINF[0m [2msidecardb/sidecardb.go:469[0m Applying DDL for table dt_participant:
CREATE TABLE IF NOT EXISTS `_vt`.`dt_participant` (
	`dtid` varbinary(512) NOT NULL,
	`id` bigint NOT NULL,
	`keyspace` varchar(256) NOT NULL,
	`shard` varchar(256) NOT NULL,
	PRIMARY KEY (`dtid`, `id`)
) ENGINE InnoDB,
  CHARSET utf8mb4
[2m2026-09-26 16:33:10.076 UTC[0m [92mINF[0m [2mvttest/local_cluster.go:588[0m Execute(): "use _vt"
[2m2026-09-26 16:33:10.077 UTC[0m [92mINF[0m [2mvttest/local_cluster.go:609[0m ExecuteFetch(): "CREATE TABLE IF NOT EXISTS `_vt`.`dt_participant` (
	`dtid` varbinary(512) NOT NULL,
	`id` bigint NOT NULL,
	`keyspace` varchar(256) NOT NULL,
	`shard` varchar(256) NOT NULL,
	PRIMARY KEY (`dtid`, `id`)
) ENGINE InnoDB,
  CHARSET utf8mb4"
[2m2026-09-26 16:33:10.082 UTC[0m [92mINF[0m [2msidecardb/sidecardb.go:516[0m Applied DDL CREATE TABLE IF NOT EXISTS `_vt`.`dt_participant` (
	`dtid` varbinary(512) NOT NULL,
	`id` bigint NOT NULL,
	`keyspace` varchar(256) NOT NULL,
	`shard` varchar(256) NOT NULL,
	PRIMARY KEY (`dtid`, `id`)
) ENGINE InnoDB,
  CHARSET utf8mb4 for table _vt.dt_participant (twopc) during sidecar database initialization
[2m2026-09-26 16:33:10.082 UTC[0m [92mINF[0m [2mvttest/local_cluster.go:609[0m ExecuteFetch(): "show create table _vt.dt_state"
[2m2026-09-26 16:33:10.083 UTC[0m [92mINF[0m [2msidecardb/sidecardb.go:469[0m Applying DDL for table dt_state:
CREATE TABLE IF NOT EXISTS `_vt`.`dt_state` (
	`dtid` varbinary(512) NOT NULL,
	`state` bigint NOT NULL,
	`time_created` bigint NOT NULL,
	PRIMARY KEY (`dtid`),
	KEY `time_created` (`time_created`)
) ENGINE InnoDB,
  CHARSET utf8mb4
[2m2026-09-26 16:33:10.083 UTC[0m [92mINF[0m [2mvttest/local_cluster.go:588[0m Execute(): "use _vt"
[2m2026-09-26 16:33:10.084 UTC[0m [92mINF[0m [2mvttest/local_cluster.go:609[0m ExecuteFetch(): "CREATE TABLE IF NOT EXISTS `_vt`.`dt_state` (
	`dtid` varbinary(512) NOT NULL,
	`state` bigint NOT NULL,
	`time_created` bigint NOT NULL,
	PRIMARY KEY (`dtid`),
	KEY `time_created` (`time_created`)
) ENGINE InnoDB,
  CHARSET utf8mb4"
[2m2026-09-26 16:33:10.089 UTC[0m [92mINF[0m [2msidecardb/sidecardb.go:516[0m Applied DDL CREATE TABLE IF NOT EXISTS `_vt`.`dt_state` (
	`dtid` varbinary(512) NOT NULL,
	`state` bigint NOT NULL,
	`time_created` bigint NOT NULL,
	PRIMARY KEY (`dtid`),
	KEY `time_created` (`time_created`)
) ENGINE InnoDB,
  CHARSET utf8mb4 for table _vt.dt_state (twopc) during sidecar database initialization
[2m2026-09-26 16:33:10.089 UTC[0m [92mINF[0m [2mvttest/local_cluster.go:609[0m ExecuteFetch(): "show create table _vt.redo_state"
[2m2026-09-26 16:33:10.090 UTC[0m [92mINF[0m [2msidecardb/sidecardb.go:469[0m Applying DDL for table redo_state:
CREATE TABLE IF NOT EXISTS `_vt`.`redo_state` (
	`dtid` varbinary(512) NOT NULL,
	`state` bigint NOT NULL,
	`time_created` bigint NOT NULL,
	`message` text,
	PRIMARY KEY (`dtid`)
) ENGINE InnoDB,
  CHARSET utf8mb4
[2m2026-09-26 16:33:10.090 UTC[0m [92mINF[0m [2mvttest/local_cluster.go:588[0m Execute(): "use _vt"
[2m2026-09-26 16:33:10.090 UTC[0m [92mINF[0m [2mvttest/local_cluster.go:609[0m ExecuteFetch(): "CREATE TABLE IF NOT EXISTS `_vt`.`redo_state` (
	`dtid` varbinary(512) NOT NULL,
	`state` bigint NOT NULL,
	`time_created` bigint NOT NULL,
	`message` text,
	PRIMARY KEY (`dtid`)
) ENGINE InnoDB,
  CHARSET utf8mb4"
[2m2026-09-26 16:33:10.096 UTC[0m [92mINF[0m [2msidecardb/sidecardb.go:516[0m Applied DDL CREATE TABLE IF NOT EXISTS `_vt`.`redo_state` (
	`dtid` varbinary(512) NOT NULL,
	`state` bigint NOT NULL,
	`time_created` bigint NOT NULL,
	`message` text,
	PRIMARY KEY (`dtid`)
) ENGINE InnoDB,
  CHARSET utf8mb4 for table _vt.redo_state (twopc) during sidecar database initialization
[2m2026-09-26 16:33:10.097 UTC[0m [92mINF[0m [2mvttest/local_cluster.go:609[0m ExecuteFetch(): "show create table _vt.redo_statement"
[2m2026-09-26 16:33:10.097 UTC[0m [92mINF[0m [2msidecardb/sidecardb.go:469[0m Applying DDL for table redo_statement:
CREATE TABLE IF NOT EXISTS `_vt`.`redo_statement` (
	`dtid` varbinary(512) NOT NULL,
	`id` bigint NOT NULL,
	`statement` mediumblob NOT NULL,
	PRIMARY KEY (`dtid`, `id`)
) ENGINE InnoDB,
  CHARSET utf8mb4
[2m2026-09-26 16:33:10.098 UTC[0m [92mINF[0m [2mvttest/local_cluster.go:588[0m Execute(): "use _vt"
[2m2026-09-26 16:33:10.098 UTC[0m [92mINF[0m [2mvttest/local_cluster.go:609[0m ExecuteFetch(): "CREATE TABLE IF NOT EXISTS `_vt`.`redo_statement` (
	`dtid` varbinary(512) NOT NULL,
	`id` bigint NOT NULL,
	`statement` mediumblob NOT NULL,
	PRIMARY KEY (`dtid`, `id`)
) ENGINE InnoDB,
  CHARSET utf8mb4"
[2m2026-09-26 16:33:10.105 UTC[0m [92mINF[0m [2msidecardb/sidecardb.go:516[0m Applied DDL CREATE TABLE IF NOT EXISTS `_vt`.`redo_statement` (
	`dtid` varbinary(512) NOT NULL,
	`id` bigint NOT NULL,
	`statement` mediumblob NOT NULL,
	PRIMARY KEY (`dtid`, `id`)
) ENGINE InnoDB,
  CHARSET utf8mb4 for table _vt.redo_statement (twopc) during sidecar database initialization
[2m2026-09-26 16:33:10.105 UTC[0m [92mINF[0m [2mvttest/local_cluster.go:609[0m ExecuteFetch(): "show create table _vt.vdiff"
[2m2026-09-26 16:33:10.106 UTC[0m [92mINF[0m [2msidecardb/sidecardb.go:469[0m Applying DDL for table vdiff:
CREATE TABLE IF NOT EXISTS `_vt`.`vdiff` (
	`id` bigint NOT NULL AUTO_INCREMENT,
	`vdiff_uuid` varchar(64) NOT NULL,
	`workflow` varbinary(1024),
	`keyspace` varbinary(256),
	`shard` varchar(255) NOT NULL,
	`db_name` varbinary(1024),
	`state` varbinary(64),
	`options` json,
	`created_at` timestamp NOT NULL DEFAULT current_timestamp(),
	`started_at` timestamp NULL,
	`liveness_timestamp` timestamp NULL,
	`completed_at` timestamp NULL,
	`last_error` varbinary(1024),
	PRIMARY KEY (`id`),
	UNIQUE KEY `uuid_idx` (`vdiff_uuid`, `db_name`),
	KEY `state` (`state`),
	KEY `ks_wf_idx` (`keyspace`(64), `workflow`(64))
) ENGINE InnoDB,
  CHARSET utf8mb4
[2m2026-09-26 16:33:10.107 UTC[0m [92mINF[0m [2mvttest/local_cluster.go:588[0m Execute(): "use _vt"
[2m2026-09-26 16:33:10.107 UTC[0m [92mINF[0m [2mvttest/local_cluster.go:609[0m ExecuteFetch(): "CREATE TABLE IF NOT EXISTS `_vt`.`vdiff` (
	`id` bigint NOT NULL AUTO_INCREMENT,
	`vdiff_uuid` varchar(64) NOT NULL,
	`workflow` varbinary(1024),
	`keyspace` varbinary(256),
	`shard` varchar(255) NOT NULL,
	`db_name` varbinary(1024),
	`state` varbinary(64),
	`options` json,
	`created_at` timestamp NOT NULL DEFAULT current_timestamp(),
	`started_at` timestamp NULL,
	`liveness_timestamp` timestamp NULL,
	`completed_at` timestamp NULL,
	`last_error` varbinary(1024),
	PRIMARY KEY (`id`),
	UNIQUE KEY `uuid_idx` (`vdiff_uuid`, `db_name`),
	KEY `state` (`state`),
	KEY `ks_wf_idx` (`keyspace`(64), `workflow`(64))
) ENGINE InnoDB,
  CHARSET utf8mb4"
[2m2026-09-26 16:33:10.114 UTC[0m [92mINF[0m [2msidecardb/sidecardb.go:516[0m Applied DDL CREATE TABLE IF NOT EXISTS `_vt`.`vdiff` (
	`id` bigint NOT NULL AUTO_INCREMENT,
	`vdiff_uuid` varchar(64) NOT NULL,
	`workflow` varbinary(1024),
	`keyspace` varbinary(256),
	`shard` varchar(255) NOT NULL,
	`db_name` varbinary(1024),
	`state` varbinary(64),
	`options` json,
	`created_at` timestamp NOT NULL DEFAULT current_timestamp(),
	`started_at` timestamp NULL,
	`liveness_timestamp` timestamp NULL,
	`completed_at` timestamp NULL,
	`last_error` varbinary(1024),
	PRIMARY KEY (`id`),
	UNIQUE KEY `uuid_idx` (`vdiff_uuid`, `db_name`),
	KEY `state` (`state`),
	KEY `ks_wf_idx` (`keyspace`(64), `workflow`(64))
) ENGINE InnoDB,
  CHARSET utf8mb4 for table _vt.vdiff (vdiff) during sidecar database initialization
[2m2026-09-26 16:33:10.114 UTC[0m [92mINF[0m [2mvttest/local_cluster.go:609[0m ExecuteFetch(): "show create table _vt.vdiff_log"
[2m2026-09-26 16:33:10.115 UTC[0m [92mINF[0m [2msidecardb/sidecardb.go:469[0m Applying DDL for table vdiff_log:
CREATE TABLE IF NOT EXISTS `_vt`.`vdiff_log` (
	`id` bigint NOT NULL AUTO_INCREMENT,
	`vdiff_id` bigint NOT NULL,
	`created_at` timestamp NOT NULL DEFAULT current_timestamp(),
	`message` text NOT NULL,
	PRIMARY KEY (`id`),
	KEY `vdiff_id_idx` (`vdiff_id`)
) ENGINE InnoDB,
  CHARSET utf8mb4
[2m2026-09-26 16:33:10.116 UTC[0m [92mINF[0m [2mvttest/local_cluster.go:588[0m Execute(): "use _vt"
[2m2026-09-26 16:33:10.116 UTC[0m [92mINF[0m [2mvttest/local_cluster.go:609[0m ExecuteFetch(): "CREATE TABLE IF NOT EXISTS `_vt`.`vdiff_log` (
	`id` bigint NOT NULL AUTO_INCREMENT,
	`vdiff_id` bigint NOT NULL,
	`created_at` timestamp NOT NULL DEFAULT current_timestamp(),
	`message` text NOT NULL,
	PRIMARY KEY (`id`),
	KEY `vdiff_id_idx` (`vdiff_id`)
) ENGINE InnoDB,
  CHARSET utf8mb4"
[2m2026-09-26 16:33:10.122 UTC[0m [92mINF[0m [2msidecardb/sidecardb.go:516[0m Applied DDL CREATE TABLE IF NOT EXISTS `_vt`.`vdiff_log` (
	`id` bigint NOT NULL AUTO_INCREMENT,
	`vdiff_id` bigint NOT NULL,
	`created_at` timestamp NOT NULL DEFAULT current_timestamp(),
	`message` text NOT NULL,
	PRIMARY KEY (`id`),
	KEY `vdiff_id_idx` (`vdiff_id`)
) ENGINE InnoDB,
  CHARSET utf8mb4 for table _vt.vdiff_log (vdiff) during sidecar database initialization
[2m2026-09-26 16:33:10.122 UTC[0m [92mINF[0m [2mvttest/local_cluster.go:609[0m ExecuteFetch(): "show create table _vt.vdiff_table"
[2m2026-09-26 16:33:10.123 UTC[0m [92mINF[0m [2msidecardb/sidecardb.go:469[0m Applying DDL for table vdiff_table:
CREATE TABLE IF NOT EXISTS `_vt`.`vdiff_table` (
	`vdiff_id` bigint NOT NULL,
	`table_name` varbinary(128) NOT NULL,
	`state` varbinary(64),
	`lastpk` mediumblob,
	`table_rows` bigint NOT NULL DEFAULT '0',
	`rows_compared` bigint NOT NULL DEFAULT '0',
	`mismatch` tinyint(1) NOT NULL DEFAULT '0',
	`report` json,
	`created_at` timestamp NOT NULL DEFAULT current_timestamp(),
	`updated_at` timestamp NOT NULL DEFAULT current_timestamp() ON UPDATE current_timestamp(),
	PRIMARY KEY (`vdiff_id`, `table_name`)
) ENGINE InnoDB,
  CHARSET utf8mb4
[2m2026-09-26 16:33:10.124 UTC[0m [92mINF[0m [2mvttest/local_cluster.go:588[0m Execute(): "use _vt"
[2m2026-09-26 16:33:10.124 UTC[0m [92mINF[0m [2mvttest/local_cluster.go:609[0m ExecuteFetch(): "CREATE TABLE IF NOT EXISTS `_vt`.`vdiff_table` (
	`vdiff_id` bigint NOT NULL,
	`table_name` varbinary(128) NOT NULL,
	`state` varbinary(64),
	`lastpk` mediumblob,
	`table_rows` bigint NOT NULL DEFAULT '0',
	`rows_compared` bigint NOT NULL DEFAULT '0',
	`mismatch` tinyint(1) NOT NULL DEFAULT '0',
	`report` json,
	`created_at` timestamp NOT NULL DEFAULT current_timestamp(),
	`updated_at` timestamp NOT NULL DEFAULT current_timestamp() ON UPDATE current_timestamp(),
	PRIMARY KEY (`vdiff_id`, `table_name`)
) ENGINE InnoDB,
  CHARSET utf8mb4"
[2m2026-09-26 16:33:10.130 UTC[0m [92mINF[0m [2msidecardb/sidecardb.go:516[0m Applied DDL CREATE TABLE IF NOT EXISTS `_vt`.`vdiff_table` (
	`vdiff_id` bigint NOT NULL,
	`table_name` varbinary(128) NOT NULL,
	`state` varbinary(64),
	`lastpk` mediumblob,
	`table_rows` bigint NOT NULL DEFAULT '0',
	`rows_compared` bigint NOT NULL DEFAULT '0',
	`mismatch` tinyint(1) NOT NULL DEFAULT '0',
	`report` json,
	`created_at` timestamp NOT NULL DEFAULT current_timestamp(),
	`updated_at` timestamp NOT NULL DEFAULT current_timestamp() ON UPDATE current_timestamp(),
	PRIMARY KEY (`vdiff_id`, `table_name`)
) ENGINE InnoDB,
  CHARSET utf8mb4 for table _vt.vdiff_table (vdiff) during sidecar database initialization
[2m2026-09-26 16:33:10.130 UTC[0m [92mINF[0m [2mvttest/local_cluster.go:609[0m ExecuteFetch(): "show create table _vt.copy_state"
[2m2026-09-26 16:33:10.131 UTC[0m [92mINF[0m [2msidecardb/sidecardb.go:469[0m Applying DDL for table copy_state:
CREATE TABLE IF NOT EXISTS `_vt`.`copy_state` (
	`id` bigint unsigned NOT NULL AUTO_INCREMENT,
	`vrepl_id` int NOT NULL,
	`table_name` varbinary(128) NOT NULL,
	`lastpk` mediumblob,
	PRIMARY KEY (`id`),
	KEY `vrepl_id` (`vrepl_id`, `table_name`)
) ENGINE InnoDB,
  CHARSET utf8mb4
[2m2026-09-26 16:33:10.131 UTC[0m [92mINF[0m [2mvttest/local_cluster.go:588[0m Execute(): "use _vt"
[2m2026-09-26 16:33:10.132 UTC[0m [92mINF[0m [2mvttest/local_cluster.go:609[0m ExecuteFetch(): "CREATE TABLE IF NOT EXISTS `_vt`.`copy_state` (
	`id` bigint unsigned NOT NULL AUTO_INCREMENT,
	`vrepl_id` int NOT NULL,
	`table_name` varbinary(128) NOT NULL,
	`lastpk` mediumblob,
	PRIMARY KEY (`id`),
	KEY `vrepl_id` (`vrepl_id`, `table_name`)
) ENGINE InnoDB,
  CHARSET utf8mb4"
[2m2026-09-26 16:33:10.138 UTC[0m [92mINF[0m [2msidecardb/sidecardb.go:516[0m Applied DDL CREATE TABLE IF NOT EXISTS `_vt`.`copy_state` (
	`id` bigint unsigned NOT NULL AUTO_INCREMENT,
	`vrepl_id` int NOT NULL,
	`table_name` varbinary(128) NOT NULL,
	`lastpk` mediumblob,
	PRIMARY KEY (`id`),
	KEY `vrepl_id` (`vrepl_id`, `table_name`)
) ENGINE InnoDB,
  CHARSET utf8mb4 for table _vt.copy_state (vreplication) during sidecar database initialization
[2m2026-09-26 16:33:10.138 UTC[0m [92mINF[0m [2mvttest/local_cluster.go:609[0m ExecuteFetch(): "show create table _vt.post_copy_action"
[2m2026-09-26 16:33:10.139 UTC[0m [92mINF[0m [2msidecardb/sidecardb.go:469[0m Applying DDL for table post_copy_action:
CREATE TABLE IF NOT EXISTS `_vt`.`post_copy_action` (
	`id` bigint NOT NULL AUTO_INCREMENT,
	`vrepl_id` int NOT NULL,
	`table_name` varbinary(128) NOT NULL,
	`action` json NOT NULL,
	UNIQUE KEY `vrepl_id` (`vrepl_id`, `table_name`),
	PRIMARY KEY (`id`)
) ENGINE InnoDB,
  CHARSET utf8mb4
[2m2026-09-26 16:33:10.139 UTC[0m [92mINF[0m [2mvttest/local_cluster.go:588[0m Execute(): "use _vt"
[2m2026-09-26 16:33:10.140 UTC[0m [92mINF[0m [2mvttest/local_cluster.go:609[0m ExecuteFetch(): "CREATE TABLE IF NOT EXISTS `_vt`.`post_copy_action` (
	`id` bigint NOT NULL AUTO_INCREMENT,
	`vrepl_id` int NOT NULL,
	`table_name` varbinary(128) NOT NULL,
	`action` json NOT NULL,
	UNIQUE KEY `vrepl_id` (`vrepl_id`, `table_name`),
	PRIMARY KEY (`id`)
) ENGINE InnoDB,
  CHARSET utf8mb4"
[2m2026-09-26 16:33:10.147 UTC[0m [92mINF[0m [2msidecardb/sidecardb.go:516[0m Applied DDL CREATE TABLE IF NOT EXISTS `_vt`.`post_copy_action` (
	`id` bigint NOT NULL AUTO_INCREMENT,
	`vrepl_id` int NOT NULL,
	`table_name` varbinary(128) NOT NULL,
	`action` json NOT NULL,
	UNIQUE KEY `vrepl_id` (`vrepl_id`, `table_name`),
	PRIMARY KEY (`id`)
) ENGINE InnoDB,
  CHARSET utf8mb4 for table _vt.post_copy_action (vreplication) during sidecar database initialization
[2m2026-09-26 16:33:10.148 UTC[0m [92mINF[0m [2mvttest/local_cluster.go:609[0m ExecuteFetch(): "show create table _vt.resharding_journal"
[2m2026-09-26 16:33:10.148 UTC[0m [92mINF[0m [2msidecardb/sidecardb.go:469[0m Applying DDL for table resharding_journal:
CREATE TABLE IF NOT EXISTS `_vt`.`resharding_journal` (
	`id` bigint NOT NULL,
	`db_name` varbinary(255),
	`val` longblob,
	PRIMARY KEY (`id`)
) ENGINE InnoDB,
  CHARSET utf8mb4
[2m2026-09-26 16:33:10.149 UTC[0m [92mINF[0m [2mvttest/local_cluster.go:588[0m Execute(): "use _vt"
[2m2026-09-26 16:33:10.150 UTC[0m [92mINF[0m [2mvttest/local_cluster.go:609[0m ExecuteFetch(): "CREATE TABLE IF NOT EXISTS `_vt`.`resharding_journal` (
	`id` bigint NOT NULL,
	`db_name` varbinary(255),
	`val` longblob,
	PRIMARY KEY (`id`)
) ENGINE InnoDB,
  CHARSET utf8mb4"
[2m2026-09-26 16:33:10.156 UTC[0m [92mINF[0m [2msidecardb/sidecardb.go:516[0m Applied DDL CREATE TABLE IF NOT EXISTS `_vt`.`resharding_journal` (
	`id` bigint NOT NULL,
	`db_name` varbinary(255),
	`val` longblob,
	PRIMARY KEY (`id`)
) ENGINE InnoDB,
  CHARSET utf8mb4 for table _vt.resharding_journal (vreplication) during sidecar database initialization
[2m2026-09-26 16:33:10.156 UTC[0m [92mINF[0m [2mvttest/local_cluster.go:609[0m ExecuteFetch(): "show create table _vt.schema_version"
[2m2026-09-26 16:33:10.156 UTC[0m [92mINF[0m [2msidecardb/sidecardb.go:469[0m Applying DDL for table schema_version:
CREATE TABLE IF NOT EXISTS `_vt`.`schema_version` (
	`id` int NOT NULL AUTO_INCREMENT,
	`pos` longblob NOT NULL,
	`time_updated` bigint NOT NULL,
	`ddl` blob,
	`schemax` longblob NOT NULL,
	PRIMARY KEY (`id`)
) ENGINE InnoDB,
  CHARSET utf8mb4
[2m2026-09-26 16:33:10.157 UTC[0m [92mINF[0m [2mvttest/local_cluster.go:588[0m Execute(): "use _vt"
[2m2026-09-26 16:33:10.157 UTC[0m [92mINF[0m [2mvttest/local_cluster.go:609[0m ExecuteFetch(): "CREATE TABLE IF NOT EXISTS `_vt`.`schema_version` (
	`id` int NOT NULL AUTO_INCREMENT,
	`pos` longblob NOT NULL,
	`time_updated` bigint NOT NULL,
	`ddl` blob,
	`schemax` longblob NOT NULL,
	PRIMARY KEY (`id`)
) ENGINE InnoDB,
  CHARSET utf8mb4"
[2m2026-09-26 16:33:10.163 UTC[0m [92mINF[0m [2msidecardb/sidecardb.go:516[0m Applied DDL CREATE TABLE IF NOT EXISTS `_vt`.`schema_version` (
	`id` int NOT NULL AUTO_INCREMENT,
	`pos` longblob NOT NULL,
	`time_updated` bigint NOT NULL,
	`ddl` blob,
	`schemax` longblob NOT NULL,
	PRIMARY KEY (`id`)
) ENGINE InnoDB,
  CHARSET utf8mb4 for table _vt.schema_version (vreplication) during sidecar database initialization
[2m2026-09-26 16:33:10.163 UTC[0m [92mINF[0m [2mvttest/local_cluster.go:609[0m ExecuteFetch(): "show create table _vt.vreplication"
[2m2026-09-26 16:33:10.164 UTC[0m [92mINF[0m [2msidecardb/sidecardb.go:469[0m Applying DDL for table vreplication:
CREATE TABLE IF NOT EXISTS `_vt`.`vreplication` (
	`id` int NOT NULL AUTO_INCREMENT,
	`workflow` varbinary(1000),
	`source` mediumblob NOT NULL,
	`pos` longblob NOT NULL,
	`stop_pos` longblob,
	`max_tps` bigint NOT NULL,
	`max_replication_lag` bigint NOT NULL,
	`cell` varbinary(1000),
	`tablet_types` varbinary(100),
	`time_updated` bigint NOT NULL,
	`transaction_timestamp` bigint NOT NULL,
	`state` varbinary(100) NOT NULL,
	`message` varbinary(1000),
	`db_name` varbinary(255) NOT NULL,
	`rows_copied` bigint NOT NULL DEFAULT '0',
	`tags` varbinary(1024) NOT NULL DEFAULT '',
	`time_heartbeat` bigint NOT NULL DEFAULT '0',
	`workflow_type` int NOT NULL DEFAULT '0',
	`time_throttled` bigint NOT NULL DEFAULT '0',
	`component_throttled` varchar(255) NOT NULL DEFAULT '',
	`reason_throttled` varchar(1000) NOT NULL DEFAULT '',
	`workflow_sub_type` int NOT NULL DEFAULT '0',
	`defer_secondary_keys` tinyint(1) NOT NULL DEFAULT '0',
	`options` json NOT NULL,
	PRIMARY KEY (`id`),
	KEY `workflow_idx` (`workflow`(64))
) ENGINE InnoDB,
  CHARSET utf8mb4
[2m2026-09-26 16:33:10.164 UTC[0m [92mINF[0m [2mvttest/local_cluster.go:588[0m Execute(): "use _vt"
[2m2026-09-26 16:33:10.164 UTC[0m [92mINF[0m [2mvttest/local_cluster.go:609[0m ExecuteFetch(): "CREATE TABLE IF NOT EXISTS `_vt`.`vreplication` (
	`id` int NOT NULL AUTO_INCREMENT,
	`workflow` varbinary(1000),
	`source` mediumblob NOT NULL,
	`pos` longblob NOT NULL,
	`stop_pos` longblob,
	`max_tps` bigint NOT NULL,
	`max_replication_lag` bigint NOT NULL,
	`cell` varbinary(1000),
	`tablet_types` varbinary(100),
	`time_updated` bigint NOT NULL,
	`transaction_timestamp` bigint NOT NULL,
	`state` varbinary(100) NOT NULL,
	`message` varbinary(1000),
	`db_name` varbinary(255) NOT NULL,
	`rows_copied` bigint NOT NULL DEFAULT '0',
	`tags` varbinary(1024) NOT NULL DEFAULT '',
	`time_heartbeat` bigint NOT NULL DEFAULT '0',
	`workflow_type` int NOT NULL DEFAULT '0',
	`time_throttled` bigint NOT NULL DEFAULT '0',
	`component_throttled` varchar(255) NOT NULL DEFAULT '',
	`reason_throttled` varchar(1000) NOT NULL DEFAULT '',
	`workflow_sub_type` int NOT NULL DEFAULT '0',
	`defer_secondary_keys` tinyint(1) NOT NULL DEFAULT '0',
	`options` json NOT NULL,
	PRIMARY KEY (`id`),
	KEY `workflow_idx` (`workflow`(64))
) ENGINE InnoDB,
  CHARSET utf8mb4"
[2m2026-09-26 16:33:10.172 UTC[0m [92mINF[0m [2msidecardb/sidecardb.go:516[0m Applied DDL CREATE TABLE IF NOT EXISTS `_vt`.`vreplication` (
	`id` int NOT NULL AUTO_INCREMENT,
	`workflow` varbinary(1000),
	`source` mediumblob NOT NULL,
	`pos` longblob NOT NULL,
	`stop_pos` longblob,
	`max_tps` bigint NOT NULL,
	`max_replication_lag` bigint NOT NULL,
	`cell` varbinary(1000),
	`tablet_types` varbinary(100),
	`time_updated` bigint NOT NULL,
	`transaction_timestamp` bigint NOT NULL,
	`state` varbinary(100) NOT NULL,
	`message` varbinary(1000),
	`db_name` varbinary(255) NOT NULL,
	`rows_copied` bigint NOT NULL DEFAULT '0',
	`tags` varbinary(1024) NOT NULL DEFAULT '',
	`time_heartbeat` bigint NOT NULL DEFAULT '0',
	`workflow_type` int NOT NULL DEFAULT '0',
	`time_throttled` bigint NOT NULL DEFAULT '0',
	`component_throttled` varchar(255) NOT NULL DEFAULT '',
	`reason_throttled` varchar(1000) NOT NULL DEFAULT '',
	`workflow_sub_type` int NOT NULL DEFAULT '0',
	`defer_secondary_keys` tinyint(1) NOT NULL DEFAULT '0',
	`options` json NOT NULL,
	PRIMARY KEY (`id`),
	KEY `workflow_idx` (`workflow`(64))
) ENGINE InnoDB,
  CHARSET utf8mb4 for table _vt.vreplication (vreplication) during sidecar database initialization
[2m2026-09-26 16:33:10.172 UTC[0m [92mINF[0m [2mvttest/local_cluster.go:609[0m ExecuteFetch(): "show create table _vt.vreplication_log"
[2m2026-09-26 16:33:10.173 UTC[0m [92mINF[0m [2msidecardb/sidecardb.go:469[0m Applying DDL for table vreplication_log:
CREATE TABLE IF NOT EXISTS `_vt`.`vreplication_log` (
	`id` bigint NOT NULL AUTO_INCREMENT,
	`vrepl_id` int NOT NULL,
	`type` varbinary(256) NOT NULL,
	`state` varbinary(100) NOT NULL,
	`created_at` timestamp NULL DEFAULT current_timestamp(),
	`updated_at` timestamp NULL DEFAULT current_timestamp() ON UPDATE current_timestamp(),
	`message` text NOT NULL,
	`count` bigint NOT NULL DEFAULT '1',
	PRIMARY KEY (`id`),
	KEY `vrepl_id_idx` (`vrepl_id`)
) ENGINE InnoDB,
  CHARSET utf8mb4
[2m2026-09-26 16:33:10.173 UTC[0m [92mINF[0m [2mvttest/local_cluster.go:588[0m Execute(): "use _vt"
[2m2026-09-26 16:33:10.173 UTC[0m [92mINF[0m [2mvttest/local_cluster.go:609[0m ExecuteFetch(): "CREATE TABLE IF NOT EXISTS `_vt`.`vreplication_log` (
	`id` bigint NOT NULL AUTO_INCREMENT,
	`vrepl_id` int NOT NULL,
	`type` varbinary(256) NOT NULL,
	`state` varbinary(100) NOT NULL,
	`created_at` timestamp NULL DEFAULT current_timestamp(),
	`updated_at` timestamp NULL DEFAULT current_timestamp() ON UPDATE current_timestamp(),
	`message` text NOT NULL,
	`count` bigint NOT NULL DEFAULT '1',
	PRIMARY KEY (`id`),
	KEY `vrepl_id_idx` (`vrepl_id`)
) ENGINE InnoDB,
  CHARSET utf8mb4"
[2m2026-09-26 16:33:10.180 UTC[0m [92mINF[0m [2msidecardb/sidecardb.go:516[0m Applied DDL CREATE TABLE IF NOT EXISTS `_vt`.`vreplication_log` (
	`id` bigint NOT NULL AUTO_INCREMENT,
	`vrepl_id` int NOT NULL,
	`type` varbinary(256) NOT NULL,
	`state` varbinary(100) NOT NULL,
	`created_at` timestamp NULL DEFAULT current_timestamp(),
	`updated_at` timestamp NULL DEFAULT current_timestamp() ON UPDATE current_timestamp(),
	`message` text NOT NULL,
	`count` bigint NOT NULL DEFAULT '1',
	PRIMARY KEY (`id`),
	KEY `vrepl_id_idx` (`vrepl_id`)
) ENGINE InnoDB,
  CHARSET utf8mb4 for table _vt.vreplication_log (vreplication) during sidecar database initialization
[2m2026-09-26 16:33:10.180 UTC[0m [92mINF[0m [2mvttest/local_cluster.go:609[0m ExecuteFetch(): "set @@session.sql_mode='ONLY_FULL_GROUP_BY,STRICT_TRANS_TABLES,NO_ZERO_IN_DATE,NO_ZERO_DATE,ERROR_FOR_DIVISION_BY_ZERO,NO_ENGINE_SUBSTITUTION'"
[2m2026-09-26 16:33:10.181 UTC[0m [92mINF[0m [2mvttest/local_cluster.go:588[0m Execute(): "create database `vttest`"
[2m2026-09-26 16:33:10.182 UTC[0m [92mINF[0m [2mvttest/local_cluster.go:393[0m MySQL up: {"Host":"","Port":0,"Uname":"vt_dba","Pass":"","DbName":"","UnixSocket":"/home/vt/v4btest/data/vttest1035440681/vt_0000000001/mysql.sock","Charset":0,"Flags":0,"Flavor":"","SslMode":"","SslCa":"","SslCaPath":"","SslCert":"","SslCrl":"","SslKey":"","TLSMinVersion":"","ServerName":"","ConnectTimeoutMs":0,"DisableClientDeprecateEOF":false,"EnableQueryInfo":false,"FlushDelay":0,"TruncateErrLen":0,"MultiQuery":false}
[2m2026-09-26 16:33:10.182 UTC[0m [92mINF[0m [2mvttest/local_cluster.go:405[0m Mysql data directory does not exist. Initializing cluster with database and vschema migrations...
[2m2026-09-26 16:33:10.206 UTC[0m [92mINF[0m [2mmysqlctl/mysqld.go:345[0m Using flavor: mysql, version: {8 0 46}
[2m2026-09-26 16:33:10.207 UTC[0m [92mINF[0m [2mschema/engine.go:253[0m Schema Engine: opening
[2m2026-09-26 16:33:10.212 UTC[0m [92mINF[0m [2mtopo/vschema.go:73[0m successfully updated vschema for keyspace vttest: sharded:true
[2m2026-09-26 16:33:10.214 UTC[0m [92mINF[0m [2mvstreamer/engine.go:171[0m VStreamer: opening
=== RUN   TestBuildTableColumns
[2m2026-09-26 16:33:10.215 UTC[0m [92mINF[0m [2mmysqlctl/query.go:107[0m exec create table test_build_cols (id bigint primary key, txt text, val varchar(64))
=== RUN   TestBuildTableColumns/basic_types
[2m2026-09-26 16:33:10.231 UTC[0m [92mINF[0m [2mschema/engine.go:640[0m schema engine created [test_build_cols], altered [], dropped []
=== RUN   TestBuildTableColumns/unknown_table_with_ERR_ON_MISMATCH
[2m2026-09-26 16:33:10.241 UTC[0m [92mINF[0m [2mschema/engine.go:640[0m schema engine created [], altered [test_build_cols], dropped []
[2m2026-09-26 16:33:10.241 UTC[0m [92mINF[0m [2mschema/engine.go:980[0m table non_existent_table not found in vttablet schema, current tables: map[test_build_cols:0x49668006180]
[2m2026-09-26 16:33:10.241 UTC[0m [92mINF[0m [2mvstreamer/vstreamer.go:1213[0m No schema found for table non_existent_table
=== RUN   TestBuildTableColumns/unknown_table_with_BEST_EFFORT
[2m2026-09-26 16:33:10.245 UTC[0m [92mINF[0m [2mschema/engine.go:640[0m schema engine created [], altered [test_build_cols], dropped []
[2m2026-09-26 16:33:10.245 UTC[0m [92mINF[0m [2mschema/engine.go:980[0m table non_existent_table not found in vttablet schema, current tables: map[test_build_cols:0x49668006280]
=== RUN   TestBuildTableColumns/schema_column_count_mismatch_with_ERR_ON_MISMATCH
[2m2026-09-26 16:33:10.247 UTC[0m [92mINF[0m [2mvstreamer/vstreamer.go:1221[0m Cannot determine columns for table test_build_cols
=== RUN   TestBuildTableColumns/schema_column_count_mismatch_with_BEST_EFFORT
[2m2026-09-26 16:33:10.251 UTC[0m [92mINF[0m [2mmysqlctl/query.go:107[0m exec drop table test_build_cols
--- PASS: TestBuildTableColumns (0.04s)
    --- PASS: TestBuildTableColumns/basic_types (0.01s)
    --- PASS: TestBuildTableColumns/unknown_table_with_ERR_ON_MISMATCH (0.01s)
    --- PASS: TestBuildTableColumns/unknown_table_with_BEST_EFFORT (0.00s)
    --- PASS: TestBuildTableColumns/schema_column_count_mismatch_with_ERR_ON_MISMATCH (0.00s)
    --- PASS: TestBuildTableColumns/schema_column_count_mismatch_with_BEST_EFFORT (0.00s)
=== RUN   TestVStreamCoalescesEmptyTransactions
[2m2026-09-26 16:33:10.258 UTC[0m [92mINF[0m [2mmysqlctl/query.go:107[0m exec create table coalesce_in(id int, val varbinary(128), primary key(id))
[2m2026-09-26 16:33:10.264 UTC[0m [92mINF[0m [2mmysqlctl/query.go:107[0m exec create table coalesce_out(id int, val varbinary(128), primary key(id))
[2m2026-09-26 16:33:10.270 UTC[0m [92mINF[0m [2mmysqlctl/query.go:107[0m exec insert into coalesce_out values (0, 'x')
[2m2026-09-26 16:33:10.272 UTC[0m [92mINF[0m [2mmysqlctl/query.go:107[0m exec insert into coalesce_out values (1, 'x')
[2m2026-09-26 16:33:10.272 UTC[0m [92mINF[0m [2mmysqlctl/query.go:107[0m exec insert into coalesce_out values (2, 'x')
[2m2026-09-26 16:33:10.273 UTC[0m [92mINF[0m [2mmysqlctl/query.go:107[0m exec insert into coalesce_out values (3, 'x')
[2m2026-09-26 16:33:10.273 UTC[0m [92mINF[0m [2mmysqlctl/query.go:107[0m exec insert into coalesce_out values (4, 'x')
[2m2026-09-26 16:33:10.273 UTC[0m [92mINF[0m [2mmysqlctl/query.go:107[0m exec insert into coalesce_out values (5, 'x')
[2m2026-09-26 16:33:10.274 UTC[0m [92mINF[0m [2mmysqlctl/query.go:107[0m exec insert into coalesce_out values (6, 'x')
[2m2026-09-26 16:33:10.274 UTC[0m [92mINF[0m [2mmysqlctl/query.go:107[0m exec insert into coalesce_out values (7, 'x')
[2m2026-09-26 16:33:10.274 UTC[0m [92mINF[0m [2mmysqlctl/query.go:107[0m exec insert into coalesce_out values (8, 'x')
[2m2026-09-26 16:33:10.275 UTC[0m [92mINF[0m [2mmysqlctl/query.go:107[0m exec insert into coalesce_out values (9, 'x')
[2m2026-09-26 16:33:10.275 UTC[0m [92mINF[0m [2mmysqlctl/query.go:107[0m exec insert into coalesce_out values (10, 'x')
[2m2026-09-26 16:33:10.275 UTC[0m [92mINF[0m [2mmysqlctl/query.go:107[0m exec insert into coalesce_out values (11, 'x')
[2m2026-09-26 16:33:10.276 UTC[0m [92mINF[0m [2mmysqlctl/query.go:107[0m exec insert into coalesce_out values (12, 'x')
[2m2026-09-26 16:33:10.276 UTC[0m [92mINF[0m [2mmysqlctl/query.go:107[0m exec insert into coalesce_out values (13, 'x')
[2m2026-09-26 16:33:10.276 UTC[0m [92mINF[0m [2mmysqlctl/query.go:107[0m exec insert into coalesce_out values (14, 'x')
[2m2026-09-26 16:33:10.277 UTC[0m [92mINF[0m [2mmysqlctl/query.go:107[0m exec insert into coalesce_out values (15, 'x')
[2m2026-09-26 16:33:10.277 UTC[0m [92mINF[0m [2mmysqlctl/query.go:107[0m exec insert into coalesce_out values (16, 'x')
[2m2026-09-26 16:33:10.277 UTC[0m [92mINF[0m [2mmysqlctl/query.go:107[0m exec insert into coalesce_out values (17, 'x')
[2m2026-09-26 16:33:10.277 UTC[0m [92mINF[0m [2mmysqlctl/query.go:107[0m exec insert into coalesce_out values (18, 'x')
[2m2026-09-26 16:33:10.278 UTC[0m [92mINF[0m [2mmysqlctl/query.go:107[0m exec insert into coalesce_out values (19, 'x')
[2m2026-09-26 16:33:10.278 UTC[0m [92mINF[0m [2mmysqlctl/query.go:107[0m exec insert into coalesce_out values (20, 'x')
[2m2026-09-26 16:33:10.278 UTC[0m [92mINF[0m [2mmysqlctl/query.go:107[0m exec insert into coalesce_out values (21, 'x')
[2m2026-09-26 16:33:10.278 UTC[0m [92mINF[0m [2mmysqlctl/query.go:107[0m exec insert into coalesce_out values (22, 'x')
[2m2026-09-26 16:33:10.279 UTC[0m [92mINF[0m [2mmysqlctl/query.go:107[0m exec insert into coalesce_out values (23, 'x')
[2m2026-09-26 16:33:10.279 UTC[0m [92mINF[0m [2mmysqlctl/query.go:107[0m exec insert into coalesce_out values (24, 'x')
[2m2026-09-26 16:33:10.279 UTC[0m [92mINF[0m [2mmysqlctl/query.go:107[0m exec insert into coalesce_out values (25, 'x')
[2m2026-09-26 16:33:10.279 UTC[0m [92mINF[0m [2mmysqlctl/query.go:107[0m exec insert into coalesce_out values (26, 'x')
[2m2026-09-26 16:33:10.279 UTC[0m [92mINF[0m [2mmysqlctl/query.go:107[0m exec insert into coalesce_out values (27, 'x')
[2m2026-09-26 16:33:10.279 UTC[0m [92mINF[0m [2mmysqlctl/query.go:107[0m exec insert into coalesce_out values (28, 'x')
[2m2026-09-26 16:33:10.280 UTC[0m [92mINF[0m [2mmysqlctl/query.go:107[0m exec insert into coalesce_out values (29, 'x')
[2m2026-09-26 16:33:10.283 UTC[0m [92mINF[0m [2mmysqlctl/query.go:107[0m exec insert into coalesce_out values (30, 'x')
[2m2026-09-26 16:33:10.283 UTC[0m [92mINF[0m [2mmysqlctl/query.go:107[0m exec insert into coalesce_out values (31, 'x')
[2m2026-09-26 16:33:10.283 UTC[0m [92mINF[0m [2mmysqlctl/query.go:107[0m exec insert into coalesce_out values (32, 'x')
[2m2026-09-26 16:33:10.284 UTC[0m [92mINF[0m [2mmysqlctl/query.go:107[0m exec insert into coalesce_out values (33, 'x')
[2m2026-09-26 16:33:10.284 UTC[0m [92mINF[0m [2mmysqlctl/query.go:107[0m exec insert into coalesce_out values (34, 'x')
[2m2026-09-26 16:33:10.284 UTC[0m [92mINF[0m [2mmysqlctl/query.go:107[0m exec insert into coalesce_out values (35, 'x')
[2m2026-09-26 16:33:10.284 UTC[0m [92mINF[0m [2mmysqlctl/query.go:107[0m exec insert into coalesce_out values (36, 'x')
[2m2026-09-26 16:33:10.284 UTC[0m [92mINF[0m [2mmysqlctl/query.go:107[0m exec insert into coalesce_out values (37, 'x')
[2m2026-09-26 16:33:10.284 UTC[0m [92mINF[0m [2mmysqlctl/query.go:107[0m exec insert into coalesce_out values (38, 'x')
[2m2026-09-26 16:33:10.285 UTC[0m [92mINF[0m [2mmysqlctl/query.go:107[0m exec insert into coalesce_out values (39, 'x')
[2m2026-09-26 16:33:10.285 UTC[0m [92mINF[0m [2mmysqlctl/query.go:107[0m exec insert into coalesce_out values (40, 'x')
[2m2026-09-26 16:33:10.285 UTC[0m [92mINF[0m [2mmysqlctl/query.go:107[0m exec insert into coalesce_out values (41, 'x')
[2m2026-09-26 16:33:10.285 UTC[0m [92mINF[0m [2mmysqlctl/query.go:107[0m exec insert into coalesce_out values (42, 'x')
[2m2026-09-26 16:33:10.285 UTC[0m [92mINF[0m [2mmysqlctl/query.go:107[0m exec insert into coalesce_out values (43, 'x')
[2m2026-09-26 16:33:10.285 UTC[0m [92mINF[0m [2mmysqlctl/query.go:107[0m exec insert into coalesce_out values (44, 'x')
[2m2026-09-26 16:33:10.286 UTC[0m [92mINF[0m [2mmysqlctl/query.go:107[0m exec insert into coalesce_out values (45, 'x')
[2m2026-09-26 16:33:10.286 UTC[0m [92mINF[0m [2mmysqlctl/query.go:107[0m exec insert into coalesce_out values (46, 'x')
[2m2026-09-26 16:33:10.286 UTC[0m [92mINF[0m [2mmysqlctl/query.go:107[0m exec insert into coalesce_out values (47, 'x')
[2m2026-09-26 16:33:10.286 UTC[0m [92mINF[0m [2mmysqlctl/query.go:107[0m exec insert into coalesce_out values (48, 'x')
[2m2026-09-26 16:33:10.287 UTC[0m [92mINF[0m [2mmysqlctl/query.go:107[0m exec insert into coalesce_out values (49, 'x')
[2m2026-09-26 16:33:10.287 UTC[0m [92mINF[0m [2mmysqlctl/query.go:107[0m exec insert into coalesce_out values (50, 'x')
[2m2026-09-26 16:33:10.287 UTC[0m [92mINF[0m [2mmysqlctl/query.go:107[0m exec insert into coalesce_out values (51, 'x')
[2m2026-09-26 16:33:10.288 UTC[0m [92mINF[0m [2mmysqlctl/query.go:107[0m exec insert into coalesce_out values (52, 'x')
[2m2026-09-26 16:33:10.288 UTC[0m [92mINF[0m [2mmysqlctl/query.go:107[0m exec insert into coalesce_out values (53, 'x')
[2m2026-09-26 16:33:10.288 UTC[0m [92mINF[0m [2mmysqlctl/query.go:107[0m exec insert into coalesce_out values (54, 'x')
[2m2026-09-26 16:33:10.289 UTC[0m [92mINF[0m [2mmysqlctl/query.go:107[0m exec insert into coalesce_out values (55, 'x')
[2m2026-09-26 16:33:10.289 UTC[0m [92mINF[0m [2mmysqlctl/query.go:107[0m exec insert into coalesce_out values (56, 'x')
[2m2026-09-26 16:33:10.289 UTC[0m [92mINF[0m [2mmysqlctl/query.go:107[0m exec insert into coalesce_out values (57, 'x')
[2m2026-09-26 16:33:10.290 UTC[0m [92mINF[0m [2mmysqlctl/query.go:107[0m exec insert into coalesce_out values (58, 'x')
[2m2026-09-26 16:33:10.290 UTC[0m [92mINF[0m [2mmysqlctl/query.go:107[0m exec insert into coalesce_out values (59, 'x')
[2m2026-09-26 16:33:10.291 UTC[0m [92mINF[0m [2mmysqlctl/query.go:107[0m exec insert into coalesce_in values (1, 'in')
[2m2026-09-26 16:33:10.293 UTC[0m [92mINF[0m [2mmysqlctl/query.go:107[0m exec insert into coalesce_out values (60, 'y')
[2m2026-09-26 16:33:10.293 UTC[0m [92mINF[0m [2mmysqlctl/query.go:107[0m exec insert into coalesce_out values (61, 'y')
[2m2026-09-26 16:33:10.293 UTC[0m [92mINF[0m [2mmysqlctl/query.go:107[0m exec insert into coalesce_out values (62, 'y')
[2m2026-09-26 16:33:10.294 UTC[0m [92mINF[0m [2mmysqlctl/query.go:107[0m exec insert into coalesce_out values (63, 'y')
[2m2026-09-26 16:33:10.294 UTC[0m [92mINF[0m [2mmysqlctl/query.go:107[0m exec insert into coalesce_out values (64, 'y')
[2m2026-09-26 16:33:10.294 UTC[0m [92mINF[0m [2mmysqlctl/query.go:107[0m exec insert into coalesce_out values (65, 'y')
[2m2026-09-26 16:33:10.295 UTC[0m [92mINF[0m [2mmysqlctl/query.go:107[0m exec insert into coalesce_out values (66, 'y')
[2m2026-09-26 16:33:10.295 UTC[0m [92mINF[0m [2mmysqlctl/query.go:107[0m exec insert into coalesce_out values (67, 'y')
[2m2026-09-26 16:33:10.296 UTC[0m [92mINF[0m [2mmysqlctl/query.go:107[0m exec insert into coalesce_out values (68, 'y')
[2m2026-09-26 16:33:10.296 UTC[0m [92mINF[0m [2mmysqlctl/query.go:107[0m exec insert into coalesce_out values (69, 'y')
[2m2026-09-26 16:33:10.296 UTC[0m [92mINF[0m [2mmysqlctl/query.go:107[0m exec insert into coalesce_out values (70, 'y')
[2m2026-09-26 16:33:10.297 UTC[0m [92mINF[0m [2mmysqlctl/query.go:107[0m exec insert into coalesce_out values (71, 'y')
[2m2026-09-26 16:33:10.297 UTC[0m [92mINF[0m [2mmysqlctl/query.go:107[0m exec insert into coalesce_out values (72, 'y')
[2m2026-09-26 16:33:10.298 UTC[0m [92mINF[0m [2mmysqlctl/query.go:107[0m exec insert into coalesce_out values (73, 'y')
[2m2026-09-26 16:33:10.298 UTC[0m [92mINF[0m [2mmysqlctl/query.go:107[0m exec insert into coalesce_out values (74, 'y')
[2m2026-09-26 16:33:10.298 UTC[0m [92mINF[0m [2mmysqlctl/query.go:107[0m exec insert into coalesce_out values (75, 'y')
[2m2026-09-26 16:33:10.298 UTC[0m [92mINF[0m [2mmysqlctl/query.go:107[0m exec insert into coalesce_out values (76, 'y')
[2m2026-09-26 16:33:10.298 UTC[0m [92mINF[0m [2mmysqlctl/query.go:107[0m exec insert into coalesce_out values (77, 'y')
[2m2026-09-26 16:33:10.298 UTC[0m [92mINF[0m [2mmysqlctl/query.go:107[0m exec insert into coalesce_out values (78, 'y')
[2m2026-09-26 16:33:10.298 UTC[0m [92mINF[0m [2mmysqlctl/query.go:107[0m exec insert into coalesce_out values (79, 'y')
[2m2026-09-26 16:33:10.300 UTC[0m [92mINF[0m [2mvstreamer/uvstreamer.go:447[0m Stream() called
[2m2026-09-26 16:33:10.302 UTC[0m [92mINF[0m [2mvstreamer/vstreamer.go:258[0m Starting Stream() with startPos MySQL56/f31d99a9-b9c7-11f1-8aa7-02fc00000001:1-26
[2m2026-09-26 16:33:10.302 UTC[0m [92mINF[0m [2mbinlog/binlog_connection.go:118[0m new binlog connection: serverID=1980439035
[2m2026-09-26 16:33:10.302 UTC[0m [92mINF[0m [2mbinlog/binlog_connection.go:169[0m sending binlog dump command: startPos=f31d99a9-b9c7-11f1-8aa7-02fc00000001:1-26, serverID=1980439035
[2m2026-09-26 16:33:10.303 UTC[0m [92mINF[0m [2mvstreamer/main_test.go:332[0m Received events: [type:BEGIN timestamp:1790440390 current_time:1790440390303087154 keyspace:"vttest" shard:"0" commit_parent:28 sequence_number:29 event_gtid:"f31d99a9-b9c7-11f1-8aa7-02fc00000001:29" type:GTID timestamp:1790440390 gtid:"MySQL56/f31d99a9-b9c7-11f1-8aa7-02fc00000001:1-29" current_time:1790440390303089116 keyspace:"vttest" shard:"0" commit_parent:28 sequence_number:29 event_gtid:"f31d99a9-b9c7-11f1-8aa7-02fc00000001:29" type:COMMIT timestamp:1790440390 current_time:1790440390303089116 keyspace:"vttest" shard:"0" commit_parent:28 sequence_number:29 event_gtid:"f31d99a9-b9c7-11f1-8aa7-02fc00000001:29"]
[2m2026-09-26 16:33:10.303 UTC[0m [92mINF[0m [2mvstreamer/main_test.go:332[0m Received events: [type:BEGIN timestamp:1790440390 current_time:1790440390303386802 keyspace:"vttest" shard:"0" commit_parent:32 sequence_number:33 event_gtid:"f31d99a9-b9c7-11f1-8aa7-02fc00000001:33" type:GTID timestamp:1790440390 gtid:"MySQL56/f31d99a9-b9c7-11f1-8aa7-02fc00000001:1-33" current_time:1790440390303388531 keyspace:"vttest" shard:"0" commit_parent:32 sequence_number:33 event_gtid:"f31d99a9-b9c7-11f1-8aa7-02fc00000001:33" type:COMMIT timestamp:1790440390 current_time:1790440390303388531 keyspace:"vttest" shard:"0" commit_parent:32 sequence_number:33 event_gtid:"f31d99a9-b9c7-11f1-8aa7-02fc00000001:33"]
[2m2026-09-26 16:33:10.804 UTC[0m [92mINF[0m [2mvstreamer/main_test.go:332[0m Received events: [type:BEGIN timestamp:1790440390 current_time:1790440390804189208 keyspace:"vttest" shard:"0" commit_parent:35 sequence_number:36 event_gtid:"f31d99a9-b9c7-11f1-8aa7-02fc00000001:36" type:GTID timestamp:1790440390 gtid:"MySQL56/f31d99a9-b9c7-11f1-8aa7-02fc00000001:1-36" current_time:1790440390804192508 keyspace:"vttest" shard:"0" commit_parent:35 sequence_number:36 event_gtid:"f31d99a9-b9c7-11f1-8aa7-02fc00000001:36" type:COMMIT timestamp:1790440390 current_time:1790440390804192508 keyspace:"vttest" shard:"0" commit_parent:35 sequence_number:36 event_gtid:"f31d99a9-b9c7-11f1-8aa7-02fc00000001:36"]
[2m2026-09-26 16:33:10.804 UTC[0m [92mINF[0m [2mvstreamer/main_test.go:332[0m Received events: [type:BEGIN timestamp:1790440390 current_time:1790440390804525100 keyspace:"vttest" shard:"0" commit_parent:38 sequence_number:39 event_gtid:"f31d99a9-b9c7-11f1-8aa7-02fc00000001:39" type:GTID timestamp:1790440390 gtid:"MySQL56/f31d99a9-b9c7-11f1-8aa7-02fc00000001:1-39" current_time:1790440390804529199 keyspace:"vttest" shard:"0" commit_parent:38 sequence_number:39 event_gtid:"f31d99a9-b9c7-11f1-8aa7-02fc00000001:39" type:COMMIT timestamp:1790440390 current_time:1790440390804529199 keyspace:"vttest" shard:"0" commit_parent:38 sequence_number:39 event_gtid:"f31d99a9-b9c7-11f1-8aa7-02fc00000001:39"]
[2m2026-09-26 16:33:10.804 UTC[0m [92mINF[0m [2mvstreamer/main_test.go:332[0m Received events: [type:BEGIN timestamp:1790440390 current_time:1790440390804627766 keyspace:"vttest" shard:"0" commit_parent:42 sequence_number:43 event_gtid:"f31d99a9-b9c7-11f1-8aa7-02fc00000001:43" type:GTID timestamp:1790440390 gtid:"MySQL56/f31d99a9-b9c7-11f1-8aa7-02fc00000001:1-43" current_time:1790440390804630735 keyspace:"vttest" shard:"0" commit_parent:42 sequence_number:43 event_gtid:"f31d99a9-b9c7-11f1-8aa7-02fc00000001:43" type:COMMIT timestamp:1790440390 current_time:1790440390804630735 keyspace:"vttest" shard:"0" commit_parent:42 sequence_number:43 event_gtid:"f31d99a9-b9c7-11f1-8aa7-02fc00000001:43"]
[2m2026-09-26 16:33:10.804 UTC[0m [92mINF[0m [2mvstreamer/main_test.go:332[0m Received events: [type:BEGIN timestamp:1790440390 current_time:1790440390804870965 keyspace:"vttest" shard:"0" commit_parent:48 sequence_number:49 event_gtid:"f31d99a9-b9c7-11f1-8aa7-02fc00000001:49" type:GTID timestamp:1790440390 gtid:"MySQL56/f31d99a9-b9c7-11f1-8aa7-02fc00000001:1-49" current_time:1790440390804873389 keyspace:"vttest" shard:"0" commit_parent:48 sequence_number:49 event_gtid:"f31d99a9-b9c7-11f1-8aa7-02fc00000001:49" type:COMMIT timestamp:1790440390 current_time:1790440390804873389 keyspace:"vttest" shard:"0" commit_parent:48 sequence_number:49 event_gtid:"f31d99a9-b9c7-11f1-8aa7-02fc00000001:49"]
[2m2026-09-26 16:33:10.804 UTC[0m [92mINF[0m [2mvstreamer/main_test.go:332[0m Received events: [type:BEGIN timestamp:1790440390 current_time:1790440390804963667 keyspace:"vttest" shard:"0" commit_parent:52 sequence_number:53 event_gtid:"f31d99a9-b9c7-11f1-8aa7-02fc00000001:53" type:GTID timestamp:1790440390 gtid:"MySQL56/f31d99a9-b9c7-11f1-8aa7-02fc00000001:1-53" current_time:1790440390804966415 keyspace:"vttest" shard:"0" commit_parent:52 sequence_number:53 event_gtid:"f31d99a9-b9c7-11f1-8aa7-02fc00000001:53" type:COMMIT timestamp:1790440390 current_time:1790440390804966415 keyspace:"vttest" shard:"0" commit_parent:52 sequence_number:53 event_gtid:"f31d99a9-b9c7-11f1-8aa7-02fc00000001:53"]
[2m2026-09-26 16:33:10.805 UTC[0m [92mINF[0m [2mvstreamer/main_test.go:332[0m Received events: [type:BEGIN timestamp:1790440390 current_time:1790440390805094028 keyspace:"vttest" shard:"0" commit_parent:55 sequence_number:56 event_gtid:"f31d99a9-b9c7-11f1-8aa7-02fc00000001:56" type:GTID timestamp:1790440390 gtid:"MySQL56/f31d99a9-b9c7-11f1-8aa7-02fc00000001:1-56" current_time:1790440390805096253 keyspace:"vttest" shard:"0" commit_parent:55 sequence_number:56 event_gtid:"f31d99a9-b9c7-11f1-8aa7-02fc00000001:56" type:COMMIT timestamp:1790440390 current_time:1790440390805096253 keyspace:"vttest" shard:"0" commit_parent:55 sequence_number:56 event_gtid:"f31d99a9-b9c7-11f1-8aa7-02fc00000001:56"]
[2m2026-09-26 16:33:10.805 UTC[0m [92mINF[0m [2mvstreamer/main_test.go:332[0m Received events: [type:BEGIN timestamp:1790440390 current_time:1790440390805179609 keyspace:"vttest" shard:"0" commit_parent:58 sequence_number:59 event_gtid:"f31d99a9-b9c7-11f1-8aa7-02fc00000001:59" type:GTID timestamp:1790440390 gtid:"MySQL56/f31d99a9-b9c7-11f1-8aa7-02fc00000001:1-59" current_time:1790440390805182122 keyspace:"vttest" shard:"0" commit_parent:58 sequence_number:59 event_gtid:"f31d99a9-b9c7-11f1-8aa7-02fc00000001:59" type:COMMIT timestamp:1790440390 current_time:1790440390805182122 keyspace:"vttest" shard:"0" commit_parent:58 sequence_number:59 event_gtid:"f31d99a9-b9c7-11f1-8aa7-02fc00000001:59"]
[2m2026-09-26 16:33:10.805 UTC[0m [92mINF[0m [2mvstreamer/main_test.go:332[0m Received events: [type:BEGIN timestamp:1790440390 current_time:1790440390805263525 keyspace:"vttest" shard:"0" commit_parent:62 sequence_number:63 event_gtid:"f31d99a9-b9c7-11f1-8aa7-02fc00000001:63" type:GTID timestamp:1790440390 gtid:"MySQL56/f31d99a9-b9c7-11f1-8aa7-02fc00000001:1-63" current_time:1790440390805265819 keyspace:"vttest" shard:"0" commit_parent:62 sequence_number:63 event_gtid:"f31d99a9-b9c7-11f1-8aa7-02fc00000001:63" type:COMMIT timestamp:1790440390 current_time:1790440390805265819 keyspace:"vttest" shard:"0" commit_parent:62 sequence_number:63 event_gtid:"f31d99a9-b9c7-11f1-8aa7-02fc00000001:63"]
[2m2026-09-26 16:33:10.805 UTC[0m [92mINF[0m [2mvstreamer/main_test.go:332[0m Received events: [type:BEGIN timestamp:1790440390 current_time:1790440390805345028 keyspace:"vttest" shard:"0" commit_parent:65 sequence_number:66 event_gtid:"f31d99a9-b9c7-11f1-8aa7-02fc00000001:66" type:GTID timestamp:1790440390 gtid:"MySQL56/f31d99a9-b9c7-11f1-8aa7-02fc00000001:1-66" current_time:1790440390805347376 keyspace:"vttest" shard:"0" commit_parent:65 sequence_number:66 event_gtid:"f31d99a9-b9c7-11f1-8aa7-02fc00000001:66" type:COMMIT timestamp:1790440390 current_time:1790440390805347376 keyspace:"vttest" shard:"0" commit_parent:65 sequence_number:66 event_gtid:"f31d99a9-b9c7-11f1-8aa7-02fc00000001:66"]
[2m2026-09-26 16:33:10.805 UTC[0m [92mINF[0m [2mvstreamer/main_test.go:332[0m Received events: [type:BEGIN timestamp:1790440390 current_time:1790440390805418847 keyspace:"vttest" shard:"0" commit_parent:69 sequence_number:70 event_gtid:"f31d99a9-b9c7-11f1-8aa7-02fc00000001:70" type:GTID timestamp:1790440390 gtid:"MySQL56/f31d99a9-b9c7-11f1-8aa7-02fc00000001:1-70" current_time:1790440390805421143 keyspace:"vttest" shard:"0" commit_parent:69 sequence_number:70 event_gtid:"f31d99a9-b9c7-11f1-8aa7-02fc00000001:70" type:COMMIT timestamp:1790440390 current_time:1790440390805421143 keyspace:"vttest" shard:"0" commit_parent:69 sequence_number:70 event_gtid:"f31d99a9-b9c7-11f1-8aa7-02fc00000001:70"]
[2m2026-09-26 16:33:10.805 UTC[0m [92mINF[0m [2mvstreamer/main_test.go:332[0m Received events: [type:BEGIN timestamp:1790440390 current_time:1790440390805491953 keyspace:"vttest" shard:"0" commit_parent:72 sequence_number:73 event_gtid:"f31d99a9-b9c7-11f1-8aa7-02fc00000001:73" type:GTID timestamp:1790440390 gtid:"MySQL56/f31d99a9-b9c7-11f1-8aa7-02fc00000001:1-73" current_time:1790440390805495096 keyspace:"vttest" shard:"0" commit_parent:72 sequence_number:73 event_gtid:"f31d99a9-b9c7-11f1-8aa7-02fc00000001:73" type:COMMIT timestamp:1790440390 current_time:1790440390805495096 keyspace:"vttest" shard:"0" commit_parent:72 sequence_number:73 event_gtid:"f31d99a9-b9c7-11f1-8aa7-02fc00000001:73"]
[2m2026-09-26 16:33:10.805 UTC[0m [92mINF[0m [2mvstreamer/main_test.go:332[0m Received events: [type:BEGIN timestamp:1790440390 current_time:1790440390805566663 keyspace:"vttest" shard:"0" commit_parent:76 sequence_number:77 event_gtid:"f31d99a9-b9c7-11f1-8aa7-02fc00000001:77" type:GTID timestamp:1790440390 gtid:"MySQL56/f31d99a9-b9c7-11f1-8aa7-02fc00000001:1-77" current_time:1790440390805569838 keyspace:"vttest" shard:"0" commit_parent:76 sequence_number:77 event_gtid:"f31d99a9-b9c7-11f1-8aa7-02fc00000001:77" type:COMMIT timestamp:1790440390 current_time:1790440390805569838 keyspace:"vttest" shard:"0" commit_parent:76 sequence_number:77 event_gtid:"f31d99a9-b9c7-11f1-8aa7-02fc00000001:77"]
[2m2026-09-26 16:33:10.805 UTC[0m [92mINF[0m [2mvstreamer/main_test.go:332[0m Received events: [type:BEGIN timestamp:1790440390 current_time:1790440390805639514 keyspace:"vttest" shard:"0" commit_parent:79 sequence_number:80 event_gtid:"f31d99a9-b9c7-11f1-8aa7-02fc00000001:80" type:GTID timestamp:1790440390 gtid:"MySQL56/f31d99a9-b9c7-11f1-8aa7-02fc00000001:1-80" current_time:1790440390805641863 keyspace:"vttest" shard:"0" commit_parent:79 sequence_number:80 event_gtid:"f31d99a9-b9c7-11f1-8aa7-02fc00000001:80" type:COMMIT timestamp:1790440390 current_time:1790440390805641863 keyspace:"vttest" shard:"0" commit_parent:79 sequence_number:80 event_gtid:"f31d99a9-b9c7-11f1-8aa7-02fc00000001:80"]
[2m2026-09-26 16:33:10.805 UTC[0m [92mINF[0m [2mvstreamer/main_test.go:332[0m Received events: [type:BEGIN timestamp:1790440390 current_time:1790440390805707436 keyspace:"vttest" shard:"0" commit_parent:83 sequence_number:84 event_gtid:"f31d99a9-b9c7-11f1-8aa7-02fc00000001:84" type:GTID timestamp:1790440390 gtid:"MySQL56/f31d99a9-b9c7-11f1-8aa7-02fc00000001:1-84" current_time:1790440390805709941 keyspace:"vttest" shard:"0" commit_parent:83 sequence_number:84 event_gtid:"f31d99a9-b9c7-11f1-8aa7-02fc00000001:84" type:COMMIT timestamp:1790440390 current_time:1790440390805709941 keyspace:"vttest" shard:"0" commit_parent:83 sequence_number:84 event_gtid:"f31d99a9-b9c7-11f1-8aa7-02fc00000001:84"]
[2m2026-09-26 16:33:10.810 UTC[0m [92mINF[0m [2mschema/engine.go:640[0m schema engine created [coalesce_in coalesce_out], altered [], dropped [test_build_cols]
[2m2026-09-26 16:33:10.813 UTC[0m [92mINF[0m [2mvstreamer/main_test.go:332[0m Received events: [type:BEGIN timestamp:1790440390 current_time:1790440390805743813 keyspace:"vttest" shard:"0" commit_parent:85 sequence_number:86 event_gtid:"f31d99a9-b9c7-11f1-8aa7-02fc00000001:86" type:GTID timestamp:1790440390 gtid:"MySQL56/f31d99a9-b9c7-11f1-8aa7-02fc00000001:1-86" current_time:1790440390805824366 keyspace:"vttest" shard:"0" commit_parent:85 sequence_number:86 event_gtid:"f31d99a9-b9c7-11f1-8aa7-02fc00000001:86" type:COMMIT timestamp:1790440390 current_time:1790440390805824366 keyspace:"vttest" shard:"0" commit_parent:85 sequence_number:86 event_gtid:"f31d99a9-b9c7-11f1-8aa7-02fc00000001:86" type:BEGIN timestamp:1790440390 current_time:1790440390805828257 keyspace:"vttest" shard:"0" commit_parent:86 sequence_number:87 event_gtid:"f31d99a9-b9c7-11f1-8aa7-02fc00000001:87" type:FIELD timestamp:1790440390 field_event:{table_name:"coalesce_in" fields:{name:"id" type:INT32 table:"coalesce_in" org_table:"coalesce_in" database:"vttest" org_name:"id" column_length:11 charset:63 flags:53251 column_type:"int"} fields:{name:"val" type:VARBINARY table:"coalesce_in" org_table:"coalesce_in" database:"vttest" org_name:"val" column_length:128 charset:63 flags:128 column_type:"varbinary(128)"} keyspace:"vttest" shard:"0"} current_time:1790440390805829922 keyspace:"vttest" shard:"0" commit_parent:86 sequence_number:87 event_gtid:"f31d99a9-b9c7-11f1-8aa7-02fc00000001:87" type:ROW timestamp:1790440390 row_event:{table_name:"coalesce_in" row_changes:{after:{lengths:1 lengths:2 values:"1in"}} keyspace:"vttest" shard:"0" flags:1} current_time:1790440390812703802 keyspace:"vttest" shard:"0" commit_parent:86 sequence_number:87 event_gtid:"f31d99a9-b9c7-11f1-8aa7-02fc00000001:87" type:GTID timestamp:1790440390 gtid:"MySQL56/f31d99a9-b9c7-11f1-8aa7-02fc00000001:1-87" current_time:1790440390812726140 keyspace:"vttest" shard:"0" commit_parent:86 sequence_number:87 event_gtid:"f31d99a9-b9c7-11f1-8aa7-02fc00000001:87" type:COMMIT timestamp:1790440390 current_time:1790440390812726140 keyspace:"vttest" shard:"0" commit_parent:86 sequence_number:87 event_gtid:"f31d99a9-b9c7-11f1-8aa7-02fc00000001:87"]
[2m2026-09-26 16:33:10.813 UTC[0m [92mINF[0m [2mvstreamer/main_test.go:332[0m Received events: [type:BEGIN timestamp:1790440390 current_time:1790440390813223146 keyspace:"vttest" shard:"0" commit_parent:89 sequence_number:90 event_gtid:"f31d99a9-b9c7-11f1-8aa7-02fc00000001:90" type:GTID timestamp:1790440390 gtid:"MySQL56/f31d99a9-b9c7-11f1-8aa7-02fc00000001:1-90" current_time:1790440390813227171 keyspace:"vttest" shard:"0" commit_parent:89 sequence_number:90 event_gtid:"f31d99a9-b9c7-11f1-8aa7-02fc00000001:90" type:COMMIT timestamp:1790440390 current_time:1790440390813227171 keyspace:"vttest" shard:"0" commit_parent:89 sequence_number:90 event_gtid:"f31d99a9-b9c7-11f1-8aa7-02fc00000001:90"]
[2m2026-09-26 16:33:10.813 UTC[0m [92mINF[0m [2mvstreamer/main_test.go:332[0m Received events: [type:BEGIN timestamp:1790440390 current_time:1790440390813320799 keyspace:"vttest" shard:"0" commit_parent:93 sequence_number:94 event_gtid:"f31d99a9-b9c7-11f1-8aa7-02fc00000001:94" type:GTID timestamp:1790440390 gtid:"MySQL56/f31d99a9-b9c7-11f1-8aa7-02fc00000001:1-94" current_time:1790440390813324720 keyspace:"vttest" shard:"0" commit_parent:93 sequence_number:94 event_gtid:"f31d99a9-b9c7-11f1-8aa7-02fc00000001:94" type:COMMIT timestamp:1790440390 current_time:1790440390813324720 keyspace:"vttest" shard:"0" commit_parent:93 sequence_number:94 event_gtid:"f31d99a9-b9c7-11f1-8aa7-02fc00000001:94"]
[2m2026-09-26 16:33:10.813 UTC[0m [92mINF[0m [2mvstreamer/main_test.go:332[0m Received events: [type:BEGIN timestamp:1790440390 current_time:1790440390813415104 keyspace:"vttest" shard:"0" commit_parent:97 sequence_number:98 event_gtid:"f31d99a9-b9c7-11f1-8aa7-02fc00000001:98" type:GTID timestamp:1790440390 gtid:"MySQL56/f31d99a9-b9c7-11f1-8aa7-02fc00000001:1-98" current_time:1790440390813418999 keyspace:"vttest" shard:"0" commit_parent:97 sequence_number:98 event_gtid:"f31d99a9-b9c7-11f1-8aa7-02fc00000001:98" type:COMMIT timestamp:1790440390 current_time:1790440390813418999 keyspace:"vttest" shard:"0" commit_parent:97 sequence_number:98 event_gtid:"f31d99a9-b9c7-11f1-8aa7-02fc00000001:98"]
[2m2026-09-26 16:33:10.813 UTC[0m [92mINF[0m [2mvstreamer/main_test.go:332[0m Received events: [type:BEGIN timestamp:1790440390 current_time:1790440390813741799 keyspace:"vttest" shard:"0" commit_parent:104 sequence_number:105 event_gtid:"f31d99a9-b9c7-11f1-8aa7-02fc00000001:105" type:GTID timestamp:1790440390 gtid:"MySQL56/f31d99a9-b9c7-11f1-8aa7-02fc00000001:1-105" current_time:1790440390813744597 keyspace:"vttest" shard:"0" commit_parent:104 sequence_number:105 event_gtid:"f31d99a9-b9c7-11f1-8aa7-02fc00000001:105" type:COMMIT timestamp:1790440390 current_time:1790440390813744597 keyspace:"vttest" shard:"0" commit_parent:104 sequence_number:105 event_gtid:"f31d99a9-b9c7-11f1-8aa7-02fc00000001:105"]
[2m2026-09-26 16:33:10.813 UTC[0m [92mINF[0m [2mvstreamer/main_test.go:332[0m Received events: [type:BEGIN timestamp:1790440390 current_time:1790440390813813360 keyspace:"vttest" shard:"0" commit_parent:106 sequence_number:107 event_gtid:"f31d99a9-b9c7-11f1-8aa7-02fc00000001:107" type:GTID timestamp:1790440390 gtid:"MySQL56/f31d99a9-b9c7-11f1-8aa7-02fc00000001:1-107" current_time:1790440390813819500 keyspace:"vttest" shard:"0" commit_parent:106 sequence_number:107 event_gtid:"f31d99a9-b9c7-11f1-8aa7-02fc00000001:107" type:COMMIT timestamp:1790440390 current_time:1790440390813819500 keyspace:"vttest" shard:"0" commit_parent:106 sequence_number:107 event_gtid:"f31d99a9-b9c7-11f1-8aa7-02fc00000001:107"]
[2m2026-09-26 16:33:10.813 UTC[0m [92mINF[0m [2mvstreamer/vstreamer.go:1777[0m stream (at source tablet) ended @ (including the GTID we failed to process) f31d99a9-b9c7-11f1-8aa7-02fc00000001:1-107
[2m2026-09-26 16:33:10.813 UTC[0m [92mINF[0m [2mbinlog/binlog_connection.go:331[0m closing binlog socket to unblock reads
[2m2026-09-26 16:33:10.814 UTC[0m [92mINF[0m [2mbinlog/binlog_connection.go:339[0m waiting for binlog dump thread to end
[2m2026-09-26 16:33:10.814 UTC[0m [92mINF[0m [2mbinlog/binlog_connection.go:206[0m connection closed during binlog stream (possibly intentional): read unix @->/home/vt/v4btest/data/vttest1035440681/vt_0000000001/mysql.sock: use of closed network connection
io.ReadFull(header size) failed (errno 2013) (sqlstate HY000)
[2m2026-09-26 16:33:10.814 UTC[0m [92mINF[0m [2mbinlog/binlog_connection.go:345[0m closing binlog MySQL client with serverID 1980439035. Will recycle ID.
[2m2026-09-26 16:33:10.814 UTC[0m [92mINF[0m [2mmysqlctl/query.go:107[0m exec drop table coalesce_in
[2m2026-09-26 16:33:10.818 UTC[0m [92mINF[0m [2mmysqlctl/query.go:107[0m exec drop table coalesce_out
--- PASS: TestVStreamCoalescesEmptyTransactions (0.56s)
=== RUN   TestVStreamCoalescesEmptyTransactionsWithinWindow
[2m2026-09-26 16:33:10.822 UTC[0m [92mINF[0m [2mmysqlctl/query.go:107[0m exec create table coalesce_win_in(id int, val varbinary(128), primary key(id))
[2m2026-09-26 16:33:10.827 UTC[0m [92mINF[0m [2mmysqlctl/query.go:107[0m exec create table coalesce_win_out(id int, val varbinary(128), primary key(id))
[2m2026-09-26 16:33:10.832 UTC[0m [92mINF[0m [2mmysqlctl/query.go:107[0m exec insert into coalesce_win_out values (0, 'x')
[2m2026-09-26 16:33:10.833 UTC[0m [92mINF[0m [2mvstreamer/uvstreamer.go:447[0m Stream() called
[2m2026-09-26 16:33:10.833 UTC[0m [92mINF[0m [2mmysqlctl/query.go:107[0m exec insert into coalesce_win_out values (1, 'x')
[2m2026-09-26 16:33:10.834 UTC[0m [92mINF[0m [2mvstreamer/vstreamer.go:258[0m Starting Stream() with startPos MySQL56/f31d99a9-b9c7-11f1-8aa7-02fc00000001:1-111
[2m2026-09-26 16:33:10.834 UTC[0m [92mINF[0m [2mmysqlctl/query.go:107[0m exec insert into coalesce_win_out values (2, 'x')
[2m2026-09-26 16:33:10.834 UTC[0m [92mINF[0m [2mbinlog/binlog_connection.go:118[0m new binlog connection: serverID=1980439035
[2m2026-09-26 16:33:10.834 UTC[0m [92mINF[0m [2mbinlog/binlog_connection.go:169[0m sending binlog dump command: startPos=f31d99a9-b9c7-11f1-8aa7-02fc00000001:1-111, serverID=1980439035
[2m2026-09-26 16:33:10.835 UTC[0m [92mINF[0m [2mmysqlctl/query.go:107[0m exec insert into coalesce_win_out values (3, 'x')
[2m2026-09-26 16:33:10.835 UTC[0m [92mINF[0m [2mmysqlctl/query.go:107[0m exec insert into coalesce_win_out values (4, 'x')
[2m2026-09-26 16:33:10.836 UTC[0m [92mINF[0m [2mmysqlctl/query.go:107[0m exec insert into coalesce_win_out values (5, 'x')
[2m2026-09-26 16:33:10.836 UTC[0m [92mINF[0m [2mmysqlctl/query.go:107[0m exec insert into coalesce_win_out values (6, 'x')
[2m2026-09-26 16:33:10.837 UTC[0m [92mINF[0m [2mmysqlctl/query.go:107[0m exec insert into coalesce_win_out values (7, 'x')
[2m2026-09-26 16:33:10.837 UTC[0m [92mINF[0m [2mmysqlctl/query.go:107[0m exec insert into coalesce_win_out values (8, 'x')
[2m2026-09-26 16:33:10.837 UTC[0m [92mINF[0m [2mmysqlctl/query.go:107[0m exec insert into coalesce_win_out values (9, 'x')
[2m2026-09-26 16:33:11.738 UTC[0m [92mINF[0m [2mvstreamer/main_test.go:332[0m Received events: [type:BEGIN timestamp:1790440390 current_time:1790440390838026657 keyspace:"vttest" shard:"0" commit_parent:120 sequence_number:121 event_gtid:"f31d99a9-b9c7-11f1-8aa7-02fc00000001:121" type:GTID timestamp:1790440390 gtid:"MySQL56/f31d99a9-b9c7-11f1-8aa7-02fc00000001:1-121" current_time:1790440390838029936 keyspace:"vttest" shard:"0" commit_parent:120 sequence_number:121 event_gtid:"f31d99a9-b9c7-11f1-8aa7-02fc00000001:121" type:COMMIT timestamp:1790440390 current_time:1790440390838029936 keyspace:"vttest" shard:"0" commit_parent:120 sequence_number:121 event_gtid:"f31d99a9-b9c7-11f1-8aa7-02fc00000001:121" type:HEARTBEAT timestamp:1790440391 current_time:1790440391738185883 keyspace:"vttest" shard:"0"]
[2m2026-09-26 16:33:11.738 UTC[0m [92mINF[0m [2mvstreamer/vstreamer.go:1777[0m stream (at source tablet) ended @ (including the GTID we failed to process) f31d99a9-b9c7-11f1-8aa7-02fc00000001:1-121
[2m2026-09-26 16:33:11.738 UTC[0m [92mINF[0m [2mbinlog/binlog_connection.go:331[0m closing binlog socket to unblock reads
[2m2026-09-26 16:33:11.738 UTC[0m [92mINF[0m [2mbinlog/binlog_connection.go:206[0m connection closed during binlog stream (possibly intentional): read unix @->/home/vt/v4btest/data/vttest1035440681/vt_0000000001/mysql.sock: use of closed network connection
io.ReadFull(header size) failed (errno 2013) (sqlstate HY000)
[2m2026-09-26 16:33:11.738 UTC[0m [92mINF[0m [2mbinlog/binlog_connection.go:339[0m waiting for binlog dump thread to end
[2m2026-09-26 16:33:11.738 UTC[0m [92mINF[0m [2mbinlog/binlog_connection.go:345[0m closing binlog MySQL client with serverID 1980439035. Will recycle ID.
[2m2026-09-26 16:33:11.738 UTC[0m [92mINF[0m [2mmysqlctl/query.go:107[0m exec drop table coalesce_win_in
[2m2026-09-26 16:33:11.744 UTC[0m [92mINF[0m [2mmysqlctl/query.go:107[0m exec drop table coalesce_win_out
--- PASS: TestVStreamCoalescesEmptyTransactionsWithinWindow (0.93s)
=== RUN   TestUpdateVSchema
[2m2026-09-26 16:33:11.749 UTC[0m [92mINF[0m [2mvstreamer/uvstreamer.go:447[0m Stream() called
[2m2026-09-26 16:33:11.750 UTC[0m [92mINF[0m [2mtopo/vschema.go:73[0m successfully updated vschema for keyspace vttest: sharded:true vindexes:{key:"hash" value:{type:"hash"}} tables:{key:"t1" value:{column_vindexes:{column:"id1" name:"hash"}}}
[2m2026-09-26 16:33:11.756 UTC[0m [92mINF[0m [2mschema/engine.go:640[0m schema engine created [], altered [], dropped [coalesce_in coalesce_out]
[2m2026-09-26 16:33:11.767 UTC[0m [92mINF[0m [2mtopo/vschema.go:73[0m successfully updated vschema for keyspace vttest: 
--- PASS: TestUpdateVSchema (0.03s)
=== RUN   TestVStreamerWaitForMySQL
=== RUN   TestVStreamerWaitForMySQL/Small_InnoDB_MVCC_impact_limit
[2m2026-09-26 16:33:11.774 UTC[0m [92mINF[0m [2mvstreamer/engine.go:514[0m VStream source (localhost:3306) is not ready to stream more rows. Max InnoDB history length is 100 and it was 1000, max replication lag is 5000 (seconds) and it was 10. Will pause and retry.
[2m2026-09-26 16:33:12.777 UTC[0m [92mINF[0m [2mvstreamer/engine.go:514[0m VStream source (localhost:3306) is not ready to stream more rows. Max InnoDB history length is 100 and it was 1000, max replication lag is 5000 (seconds) and it was 10. Will pause and retry.
[2m2026-09-26 16:33:14.279 UTC[0m [92mINF[0m [2mvstreamer/engine.go:514[0m VStream source (localhost:3306) is not ready to stream more rows. Max InnoDB history length is 100 and it was 1000, max replication lag is 5000 (seconds) and it was 10. Will pause and retry.
[2m2026-09-26 16:33:16.530 UTC[0m [92mINF[0m [2mvstreamer/engine.go:514[0m VStream source (localhost:3306) is not ready to stream more rows. Max InnoDB history length is 100 and it was 1000, max replication lag is 5000 (seconds) and it was 10. Will pause and retry.
=== RUN   TestVStreamerWaitForMySQL/Small_Repl_Lag_impact_limit
[2m2026-09-26 16:33:16.774 UTC[0m [92mINF[0m [2mvstreamer/engine.go:514[0m VStream source (localhost:3306) is not ready to stream more rows. Max InnoDB history length is 10000 and it was 1000, max replication lag is 5 (seconds) and it was 10. Will pause and retry.
[2m2026-09-26 16:33:17.775 UTC[0m [92mINF[0m [2mvstreamer/engine.go:514[0m VStream source (localhost:3306) is not ready to stream more rows. Max InnoDB history length is 10000 and it was 1000, max replication lag is 5 (seconds) and it was 10. Will pause and retry.
[2m2026-09-26 16:33:19.276 UTC[0m [92mINF[0m [2mvstreamer/engine.go:514[0m VStream source (localhost:3306) is not ready to stream more rows. Max InnoDB history length is 10000 and it was 1000, max replication lag is 5 (seconds) and it was 10. Will pause and retry.
[2m2026-09-26 16:33:21.528 UTC[0m [92mINF[0m [2mvstreamer/engine.go:514[0m VStream source (localhost:3306) is not ready to stream more rows. Max InnoDB history length is 10000 and it was 1000, max replication lag is 5 (seconds) and it was 10. Will pause and retry.
=== RUN   TestVStreamerWaitForMySQL/Large_impact_limits
--- PASS: TestVStreamerWaitForMySQL (10.00s)
    --- PASS: TestVStreamerWaitForMySQL/Small_InnoDB_MVCC_impact_limit (5.00s)
    --- PASS: TestVStreamerWaitForMySQL/Small_Repl_Lag_impact_limit (5.00s)
    --- PASS: TestVStreamerWaitForMySQL/Large_impact_limits (0.00s)
=== RUN   TestFindColVindex
--- PASS: TestFindColVindex (0.00s)
=== RUN   TestFindOrCreateVindex
--- PASS: TestFindOrCreateVindex (0.00s)
=== RUN   TestFindTable
--- PASS: TestFindTable (0.00s)
=== RUN   TestFindTableWithKeyspaceError
--- PASS: TestFindTableWithKeyspaceError (0.00s)
=== RUN   TestPacketSizeSimulation
=== RUN   TestPacketSizeSimulation/growth_with_tapper
=== RUN   TestPacketSizeSimulation/growth_without_tapper
=== RUN   TestPacketSizeSimulation/regression
--- PASS: TestPacketSizeSimulation (0.01s)
    --- PASS: TestPacketSizeSimulation/growth_with_tapper (0.00s)
    --- PASS: TestPacketSizeSimulation/growth_without_tapper (0.00s)
    --- PASS: TestPacketSizeSimulation/regression (0.00s)
=== RUN   TestMustSendDDL
--- PASS: TestMustSendDDL (0.00s)
=== RUN   TestPlanBuilder
=== RUN   TestPlanBuilder/match:"/.*/"
=== RUN   TestPlanBuilder/match:"/.*/"_filter:"-80"
=== RUN   TestPlanBuilder/match:"t1"_filter:"select_*_from_t1"
=== RUN   TestPlanBuilder/match:"t1"_filter:"select_id,_val_from_t1"
=== RUN   TestPlanBuilder/match:"t1"_filter:"select_val,_id_from_t1"
=== RUN   TestPlanBuilder/match:"t1"_filter:"select_val,_id_from_t1_where_in_keyrange(id,_'hash',_'-80')"
=== RUN   TestPlanBuilder/match:"t1"_filter:"select_val,_id_from_t1_where_in_keyrange('-80')"
=== RUN   TestPlanBuilder/match:"t1"_filter:"select_val,_id_from_t1_where_id_=_1"
=== RUN   TestPlanBuilder/match:"t1"_filter:"select_val,_id_from_t1_where_val_>_'hey'_and_val_<_'there'"
=== RUN   TestPlanBuilder/match:"t1"_filter:"select_convert(val_using_utf8mb4)_as_val2,_id_as_id_from_t1"
=== RUN   TestPlanBuilder/match:"/t1/"
=== RUN   TestPlanBuilder/match:"regional"_filter:"select_val,_id_from_regional_where_in_keyrange('-80')"
=== RUN   TestPlanBuilder/match:"regional"_filter:"select_id,_keyspace_id()_from_regional"
=== RUN   TestPlanBuilder/match:"t1"_filter:"select_val,_id_from_t1_where_id_between_2_and_5"
=== RUN   TestPlanBuilder/match:"t1"_filter:"select_val,_id_from_t1_where_id_not_between_2_and_5"
=== RUN   TestPlanBuilder/match:"/*/"
=== RUN   TestPlanBuilder/match:"/.*/"_filter:"-80"#01
=== RUN   TestPlanBuilder/match:"/.*/"_filter:"-80"#02
=== RUN   TestPlanBuilder/match:"/.*/"_filter:"80"
=== RUN   TestPlanBuilder/match:"/.*/"_filter:"-80-"
=== RUN   TestPlanBuilder/match:"t1"_filter:"bad_query"
[2m2026-09-26 16:33:21.786 UTC[0m [91mERR[0m [2mvstreamer/planbuilder.go:564[0m syntax error at position 4 near 'bad'
=== RUN   TestPlanBuilder/match:"t1"_filter:"delete_from_t1"
[2m2026-09-26 16:33:21.786 UTC[0m [91mERR[0m [2mvstreamer/planbuilder.go:564[0m unsupported: delete from t1
=== RUN   TestPlanBuilder/match:"t1"_filter:"select_*_from_t1,_t2"
[2m2026-09-26 16:33:21.786 UTC[0m [91mERR[0m [2mvstreamer/planbuilder.go:564[0m unsupported: select * from t1, t2
=== RUN   TestPlanBuilder/match:"t1"_filter:"select_1"
[2m2026-09-26 16:33:21.787 UTC[0m [91mERR[0m [2mvstreamer/planbuilder.go:564[0m unsupported select from dual: select 1 from dual
=== RUN   TestPlanBuilder/match:"t1"_filter:"select_1_from_dual"
[2m2026-09-26 16:33:21.787 UTC[0m [91mERR[0m [2mvstreamer/planbuilder.go:564[0m unsupported select from dual: select 1 from dual
=== RUN   TestPlanBuilder/match:"t1"_filter:"select_*_from_t1_join_t2"
[2m2026-09-26 16:33:21.787 UTC[0m [91mERR[0m [2mvstreamer/planbuilder.go:564[0m unsupported: select * from t1 join t2
=== RUN   TestPlanBuilder/match:"t1"_filter:"select_*_from_a.t1"
[2m2026-09-26 16:33:21.787 UTC[0m [91mERR[0m [2mvstreamer/planbuilder.go:564[0m unsupported: select * from a.t1
=== RUN   TestPlanBuilder/match:"t1"_filter:"select_*_from_t2"
[2m2026-09-26 16:33:21.787 UTC[0m [91mERR[0m [2mvstreamer/planbuilder.go:568[0m unsupported: select expression table t2 does not match the table entry name t1
=== RUN   TestPlanBuilder/match:"t1"_filter:"select_*,_id_from_t1"
[2m2026-09-26 16:33:21.787 UTC[0m [91mERR[0m [2mvstreamer/planbuilder.go:581[0m unsupported: *, id
=== RUN   TestPlanBuilder/match:"t1"_filter:"select_id,_val_from_t1_where_max(id)"
[2m2026-09-26 16:33:21.787 UTC[0m [91mERR[0m [2mvstreamer/planbuilder.go:577[0m unsupported constraint: max(id)
=== RUN   TestPlanBuilder/match:"t1"_filter:"select_id,_val_from_t1_where_in_keyrange(id)"
[2m2026-09-26 16:33:21.787 UTC[0m [91mERR[0m [2mvstreamer/planbuilder.go:577[0m unsupported: id
=== RUN   TestPlanBuilder/match:"t1"_filter:"select_id,_val_from_t1_where_in_keyrange(1,_'hash',_'-80')"
[2m2026-09-26 16:33:21.787 UTC[0m [91mERR[0m [2mvstreamer/planbuilder.go:577[0m [BUG] unexpected: *sqlparser.Literal 1
=== RUN   TestPlanBuilder/match:"t1"_filter:"select_id,_val_from_t1_where_in_keyrange(id,_'lookup',_'-80')"
[2m2026-09-26 16:33:21.787 UTC[0m [91mERR[0m [2mvstreamer/planbuilder.go:577[0m vindex must be Unique to be used for VReplication: lookup
=== RUN   TestPlanBuilder/match:"t1"_filter:"select_id,_val_from_t1_where_in_keyrange(id,_'hash',_'80')"
[2m2026-09-26 16:33:21.787 UTC[0m [91mERR[0m [2mvstreamer/planbuilder.go:577[0m malformed spec: doesn't define a range: "80"
=== RUN   TestPlanBuilder/match:"t1"_filter:"select_id,_val_from_t1_where_in_keyrange(id,_'hash',_'-80-')"
[2m2026-09-26 16:33:21.787 UTC[0m [91mERR[0m [2mvstreamer/planbuilder.go:577[0m unexpected in_keyrange parameter: '-80-'
=== RUN   TestPlanBuilder/match:"t1"_filter:"select_id,_*_from_t1"
[2m2026-09-26 16:33:21.787 UTC[0m [91mERR[0m [2mvstreamer/planbuilder.go:564[0m syntax error at position 13
=== RUN   TestPlanBuilder/match:"t1"_filter:"select_none_from_t1"
[2m2026-09-26 16:33:21.787 UTC[0m [91mERR[0m [2mvstreamer/planbuilder.go:581[0m column `none` not found in table t1
=== RUN   TestPlanBuilder/match:"t1"_filter:"select_id,_val,_max(val)_from_t1"
[2m2026-09-26 16:33:21.787 UTC[0m [91mERR[0m [2mvstreamer/planbuilder.go:581[0m unsupported function: max(val)
=== RUN   TestPlanBuilder/match:"t1"_filter:"select_id+1,_val_from_t1"
[2m2026-09-26 16:33:21.787 UTC[0m [92mINF[0m [2mvstreamer/planbuilder.go:1011[0m Unsupported expression: &{3 0x49667a33e80 0x49667f9aee8}
[2m2026-09-26 16:33:21.787 UTC[0m [91mERR[0m [2mvstreamer/planbuilder.go:581[0m unsupported: id + 1
=== RUN   TestPlanBuilder/match:"t1"_filter:"select_t1.id,_val_from_t1"
[2m2026-09-26 16:33:21.787 UTC[0m [91mERR[0m [2mvstreamer/planbuilder.go:581[0m unsupported qualifier for column: t1.id
=== RUN   TestPlanBuilder/match:"t1"_filter:"select_id,_val_from_t1_where_in_keyrange(id,_1+1,_'-80')"
[2m2026-09-26 16:33:21.787 UTC[0m [91mERR[0m [2mvstreamer/planbuilder.go:577[0m unsupported: 1 + 1
--- PASS: TestPlanBuilder (0.00s)
    --- PASS: TestPlanBuilder/match:"/.*/" (0.00s)
    --- PASS: TestPlanBuilder/match:"/.*/"_filter:"-80" (0.00s)
    --- PASS: TestPlanBuilder/match:"t1"_filter:"select_*_from_t1" (0.00s)
    --- PASS: TestPlanBuilder/match:"t1"_filter:"select_id,_val_from_t1" (0.00s)
    --- PASS: TestPlanBuilder/match:"t1"_filter:"select_val,_id_from_t1" (0.00s)
    --- PASS: TestPlanBuilder/match:"t1"_filter:"select_val,_id_from_t1_where_in_keyrange(id,_'hash',_'-80')" (0.00s)
    --- PASS: TestPlanBuilder/match:"t1"_filter:"select_val,_id_from_t1_where_in_keyrange('-80')" (0.00s)
    --- PASS: TestPlanBuilder/match:"t1"_filter:"select_val,_id_from_t1_where_id_=_1" (0.00s)
    --- PASS: TestPlanBuilder/match:"t1"_filter:"select_val,_id_from_t1_where_val_>_'hey'_and_val_<_'there'" (0.00s)
    --- PASS: TestPlanBuilder/match:"t1"_filter:"select_convert(val_using_utf8mb4)_as_val2,_id_as_id_from_t1" (0.00s)
    --- PASS: TestPlanBuilder/match:"/t1/" (0.00s)
    --- PASS: TestPlanBuilder/match:"regional"_filter:"select_val,_id_from_regional_where_in_keyrange('-80')" (0.00s)
    --- PASS: TestPlanBuilder/match:"regional"_filter:"select_id,_keyspace_id()_from_regional" (0.00s)
    --- PASS: TestPlanBuilder/match:"t1"_filter:"select_val,_id_from_t1_where_id_between_2_and_5" (0.00s)
    --- PASS: TestPlanBuilder/match:"t1"_filter:"select_val,_id_from_t1_where_id_not_between_2_and_5" (0.00s)
    --- PASS: TestPlanBuilder/match:"/*/" (0.00s)
    --- PASS: TestPlanBuilder/match:"/.*/"_filter:"-80"#01 (0.00s)
    --- PASS: TestPlanBuilder/match:"/.*/"_filter:"-80"#02 (0.00s)
    --- PASS: TestPlanBuilder/match:"/.*/"_filter:"80" (0.00s)
    --- PASS: TestPlanBuilder/match:"/.*/"_filter:"-80-" (0.00s)
    --- PASS: TestPlanBuilder/match:"t1"_filter:"bad_query" (0.00s)
    --- PASS: TestPlanBuilder/match:"t1"_filter:"delete_from_t1" (0.00s)
    --- PASS: TestPlanBuilder/match:"t1"_filter:"select_*_from_t1,_t2" (0.00s)
    --- PASS: TestPlanBuilder/match:"t1"_filter:"select_1" (0.00s)
    --- PASS: TestPlanBuilder/match:"t1"_filter:"select_1_from_dual" (0.00s)
    --- PASS: TestPlanBuilder/match:"t1"_filter:"select_*_from_t1_join_t2" (0.00s)
    --- PASS: TestPlanBuilder/match:"t1"_filter:"select_*_from_a.t1" (0.00s)
    --- PASS: TestPlanBuilder/match:"t1"_filter:"select_*_from_t2" (0.00s)
    --- PASS: TestPlanBuilder/match:"t1"_filter:"select_*,_id_from_t1" (0.00s)
    --- PASS: TestPlanBuilder/match:"t1"_filter:"select_id,_val_from_t1_where_max(id)" (0.00s)
    --- PASS: TestPlanBuilder/match:"t1"_filter:"select_id,_val_from_t1_where_in_keyrange(id)" (0.00s)
    --- PASS: TestPlanBuilder/match:"t1"_filter:"select_id,_val_from_t1_where_in_keyrange(1,_'hash',_'-80')" (0.00s)
    --- PASS: TestPlanBuilder/match:"t1"_filter:"select_id,_val_from_t1_where_in_keyrange(id,_'lookup',_'-80')" (0.00s)
    --- PASS: TestPlanBuilder/match:"t1"_filter:"select_id,_val_from_t1_where_in_keyrange(id,_'hash',_'80')" (0.00s)
    --- PASS: TestPlanBuilder/match:"t1"_filter:"select_id,_val_from_t1_where_in_keyrange(id,_'hash',_'-80-')" (0.00s)
    --- PASS: TestPlanBuilder/match:"t1"_filter:"select_id,_*_from_t1" (0.00s)
    --- PASS: TestPlanBuilder/match:"t1"_filter:"select_none_from_t1" (0.00s)
    --- PASS: TestPlanBuilder/match:"t1"_filter:"select_id,_val,_max(val)_from_t1" (0.00s)
    --- PASS: TestPlanBuilder/match:"t1"_filter:"select_id+1,_val_from_t1" (0.00s)
    --- PASS: TestPlanBuilder/match:"t1"_filter:"select_t1.id,_val_from_t1" (0.00s)
    --- PASS: TestPlanBuilder/match:"t1"_filter:"select_id,_val_from_t1_where_in_keyrange(id,_1+1,_'-80')" (0.00s)
=== RUN   TestPlanBuilderFilterComparison
=== RUN   TestPlanBuilderFilterComparison/equal
=== RUN   TestPlanBuilderFilterComparison/not-equal
=== RUN   TestPlanBuilderFilterComparison/greater
=== RUN   TestPlanBuilderFilterComparison/greater-than
=== RUN   TestPlanBuilderFilterComparison/less-than-with-and
=== RUN   TestPlanBuilderFilterComparison/in-operator
=== RUN   TestPlanBuilderFilterComparison/between-operator
=== RUN   TestPlanBuilderFilterComparison/not-between-operator
=== RUN   TestPlanBuilderFilterComparison/is-null-operator
=== RUN   TestPlanBuilderFilterComparison/vindex-and-operators
--- PASS: TestPlanBuilderFilterComparison (0.00s)
    --- PASS: TestPlanBuilderFilterComparison/equal (0.00s)
    --- PASS: TestPlanBuilderFilterComparison/not-equal (0.00s)
    --- PASS: TestPlanBuilderFilterComparison/greater (0.00s)
    --- PASS: TestPlanBuilderFilterComparison/greater-than (0.00s)
    --- PASS: TestPlanBuilderFilterComparison/less-than-with-and (0.00s)
    --- PASS: TestPlanBuilderFilterComparison/in-operator (0.00s)
    --- PASS: TestPlanBuilderFilterComparison/between-operator (0.00s)
    --- PASS: TestPlanBuilderFilterComparison/not-between-operator (0.00s)
    --- PASS: TestPlanBuilderFilterComparison/is-null-operator (0.00s)
    --- PASS: TestPlanBuilderFilterComparison/vindex-and-operators (0.00s)
=== RUN   TestCompare
=== RUN   TestCompare/#00
=== RUN   TestCompare/#01
=== RUN   TestCompare/#02
=== RUN   TestCompare/#03
=== RUN   TestCompare/#04
=== RUN   TestCompare/#05
=== RUN   TestCompare/#06
=== RUN   TestCompare/#07
=== RUN   TestCompare/#08
=== RUN   TestCompare/#09
=== RUN   TestCompare/#10
=== RUN   TestCompare/#11
=== RUN   TestCompare/#12
=== RUN   TestCompare/#13
=== RUN   TestCompare/#14
=== RUN   TestCompare/#15
=== RUN   TestCompare/#16
--- PASS: TestCompare (0.00s)
    --- PASS: TestCompare/#00 (0.00s)
    --- PASS: TestCompare/#01 (0.00s)
    --- PASS: TestCompare/#02 (0.00s)
    --- PASS: TestCompare/#03 (0.00s)
    --- PASS: TestCompare/#04 (0.00s)
    --- PASS: TestCompare/#05 (0.00s)
    --- PASS: TestCompare/#06 (0.00s)
    --- PASS: TestCompare/#07 (0.00s)
    --- PASS: TestCompare/#08 (0.00s)
    --- PASS: TestCompare/#09 (0.00s)
    --- PASS: TestCompare/#10 (0.00s)
    --- PASS: TestCompare/#11 (0.00s)
    --- PASS: TestCompare/#12 (0.00s)
    --- PASS: TestCompare/#13 (0.00s)
    --- PASS: TestCompare/#14 (0.00s)
    --- PASS: TestCompare/#15 (0.00s)
    --- PASS: TestCompare/#16 (0.00s)
=== RUN   TestFindColumn
=== RUN   TestFindColumn/#00
=== RUN   TestFindColumn/#01
=== RUN   TestFindColumn/#02
--- PASS: TestFindColumn (0.00s)
    --- PASS: TestFindColumn/#00 (0.00s)
    --- PASS: TestFindColumn/#01 (0.00s)
    --- PASS: TestFindColumn/#02 (0.00s)
=== RUN   TestPlanMapBitmap
--- PASS: TestPlanMapBitmap (0.00s)
=== RUN   TestGetKeyspaceIDHashingFastPath
--- PASS: TestGetKeyspaceIDHashingFastPath (0.00s)
=== RUN   TestMapValuesReusesBuffer
--- PASS: TestMapValuesReusesBuffer (0.00s)
=== RUN   TestStreamResults
[2m2026-09-26 16:33:21.789 UTC[0m [92mINF[0m [2mmysqlctl/query.go:107[0m exec create table t1(id int, val varbinary(128), primary key(id))
[2m2026-09-26 16:33:21.802 UTC[0m [92mINF[0m [2mmysqlctl/query.go:107[0m exec insert into t1 values (1, 'aaa'), (2, 'bbb')
[2m2026-09-26 16:33:21.806 UTC[0m [92mINF[0m [2mmysqlctl/query.go:107[0m exec drop table t1
--- PASS: TestStreamResults (0.02s)
=== RUN   TestRowStreamerQuery
[2m2026-09-26 16:33:21.809 UTC[0m [92mINF[0m [2mmysqlctl/query.go:107[0m exec create table t1(id int, uk1 int, val varbinary(128), primary key(id), unique key uk2 (uk1))
[2m2026-09-26 16:33:21.815 UTC[0m [92mINF[0m [2mvstreamer/engine.go:296[0m Streaming rows for query select * from t1, lastpk: []
[2m2026-09-26 16:33:21.819 UTC[0m [92mINF[0m [2mschema/engine.go:640[0m schema engine created [t1], altered [], dropped []
[2m2026-09-26 16:33:21.824 UTC[0m [92mINF[0m [2mvstreamer/rowstreamer.go:368[0m Streaming rows for query: select /*+ MAX_EXECUTION_TIME(3600000) */ id, uk1, val from t1 force index (`PRIMARY`) order by id

=== RUN   TestRowStreamerQuery/#00
=== RUN   TestRowStreamerQuery//*vt+_ukColumns="uk1"_ukForce="uk2"_*/
=== RUN   TestRowStreamerQuery//*vt+_ukForce="uk2"_*/
=== RUN   TestRowStreamerQuery//*vt+_ukColumns="uk1"_*/
[2m2026-09-26 16:33:21.837 UTC[0m [92mINF[0m [2mmysqlctl/query.go:107[0m exec drop table t1
--- PASS: TestRowStreamerQuery (0.03s)
    --- PASS: TestRowStreamerQuery/#00 (0.00s)
    --- PASS: TestRowStreamerQuery//*vt+_ukColumns="uk1"_ukForce="uk2"_*/ (0.00s)
    --- PASS: TestRowStreamerQuery//*vt+_ukForce="uk2"_*/ (0.00s)
    --- PASS: TestRowStreamerQuery//*vt+_ukColumns="uk1"_*/ (0.00s)
=== RUN   TestStreamRowsScan
[2m2026-09-26 16:33:21.840 UTC[0m [92mINF[0m [2mmysqlctl/query.go:107[0m exec create table t1(id int, val varbinary(128), primary key(id))
[2m2026-09-26 16:33:21.844 UTC[0m [92mINF[0m [2mmysqlctl/query.go:107[0m exec insert into t1 values (1, 'aaa'), (2, 'bbb')
[2m2026-09-26 16:33:21.845 UTC[0m [92mINF[0m [2mmysqlctl/query.go:107[0m exec create table t2(id1 int, id2 int, val varbinary(128), primary key(id1, id2))
[2m2026-09-26 16:33:21.849 UTC[0m [92mINF[0m [2mmysqlctl/query.go:107[0m exec insert into t2 values (1, 2, 'aaa'), (1, 3, 'bbb')
[2m2026-09-26 16:33:21.850 UTC[0m [92mINF[0m [2mmysqlctl/query.go:107[0m exec create table t3(id int, val varbinary(128))
[2m2026-09-26 16:33:21.854 UTC[0m [92mINF[0m [2mmysqlctl/query.go:107[0m exec insert into t3 values (1, 'aaa'), (2, 'bbb')
[2m2026-09-26 16:33:21.855 UTC[0m [92mINF[0m [2mmysqlctl/query.go:107[0m exec create table t4(id1 int, id2 int, id3 int, val varbinary(128), primary key(id1, id2, id3))
[2m2026-09-26 16:33:21.863 UTC[0m [92mINF[0m [2mmysqlctl/query.go:107[0m exec insert into t4 values (1, 2, 3, 'aaa'), (2, 3, 4, 'bbb')
[2m2026-09-26 16:33:21.864 UTC[0m [92mINF[0m [2mmysqlctl/query.go:107[0m exec create table t5(id1 int not null, id2 int not null, id3 int not null, val varbinary(128), unique key id1_id2_id3 (id1, id2, id3))
[2m2026-09-26 16:33:21.878 UTC[0m [92mINF[0m [2mmysqlctl/query.go:107[0m exec insert into t5 values (1, 2, 3, 'aaa'), (2, 3, 4, 'bbb')
[2m2026-09-26 16:33:21.879 UTC[0m [92mINF[0m [2mvstreamer/engine.go:296[0m Streaming rows for query select 1 from t1, lastpk: []
[2m2026-09-26 16:33:21.888 UTC[0m [92mINF[0m [2mvstreamer/rowstreamer.go:368[0m Streaming rows for query: select /*+ MAX_EXECUTION_TIME(3600000) */ id, val from t1 force index (`PRIMARY`) order by id

[2m2026-09-26 16:33:21.891 UTC[0m [92mINF[0m [2mvstreamer/engine.go:296[0m Streaming rows for query select 1, val from t1, lastpk: []
[2m2026-09-26 16:33:21.896 UTC[0m [92mINF[0m [2mvstreamer/rowstreamer.go:368[0m Streaming rows for query: select /*+ MAX_EXECUTION_TIME(3600000) */ id, val from t1 force index (`PRIMARY`) order by id

[2m2026-09-26 16:33:21.899 UTC[0m [92mINF[0m [2mvstreamer/engine.go:296[0m Streaming rows for query select 1, id, val from t1, lastpk: []
[2m2026-09-26 16:33:21.906 UTC[0m [92mINF[0m [2mvstreamer/rowstreamer.go:368[0m Streaming rows for query: select /*+ MAX_EXECUTION_TIME(3600000) */ id, val from t1 force index (`PRIMARY`) order by id

[2m2026-09-26 16:33:21.909 UTC[0m [92mINF[0m [2mvstreamer/engine.go:296[0m Streaming rows for query select val from t1, lastpk: []
[2m2026-09-26 16:33:21.915 UTC[0m [92mINF[0m [2mvstreamer/rowstreamer.go:368[0m Streaming rows for query: select /*+ MAX_EXECUTION_TIME(3600000) */ id, val from t1 force index (`PRIMARY`) order by id

[2m2026-09-26 16:33:21.917 UTC[0m [92mINF[0m [2mvstreamer/engine.go:296[0m Streaming rows for query select * from t1, lastpk: []
[2m2026-09-26 16:33:21.923 UTC[0m [92mINF[0m [2mvstreamer/rowstreamer.go:368[0m Streaming rows for query: select /*+ MAX_EXECUTION_TIME(3600000) */ id, val from t1 force index (`PRIMARY`) order by id

[2m2026-09-26 16:33:21.925 UTC[0m [92mINF[0m [2mvstreamer/engine.go:296[0m Streaming rows for query select * from t1, lastpk: [INT64(1)]
[2m2026-09-26 16:33:21.931 UTC[0m [92mINF[0m [2mvstreamer/rowstreamer.go:368[0m Streaming rows for query: select /*+ MAX_EXECUTION_TIME(3600000) */ id, val from t1 force index (`PRIMARY`) where (id > 1) order by id

[2m2026-09-26 16:33:21.933 UTC[0m [92mINF[0m [2mvstreamer/engine.go:296[0m Streaming rows for query select val, id from t1, lastpk: []
[2m2026-09-26 16:33:21.939 UTC[0m [92mINF[0m [2mvstreamer/rowstreamer.go:368[0m Streaming rows for query: select /*+ MAX_EXECUTION_TIME(3600000) */ id, val from t1 force index (`PRIMARY`) order by id

[2m2026-09-26 16:33:21.940 UTC[0m [92mINF[0m [2mvstreamer/engine.go:296[0m Streaming rows for query select * from t2, lastpk: []
[2m2026-09-26 16:33:21.947 UTC[0m [92mINF[0m [2mschema/engine.go:640[0m schema engine created [t2 t3 t4 t5], altered [t1], dropped []
[2m2026-09-26 16:33:21.952 UTC[0m [92mINF[0m [2mvstreamer/rowstreamer.go:368[0m Streaming rows for query: select /*+ MAX_EXECUTION_TIME(3600000) */ id1, id2, val from t2 force index (`PRIMARY`) order by id1, id2

[2m2026-09-26 16:33:21.954 UTC[0m [92mINF[0m [2mvstreamer/engine.go:296[0m Streaming rows for query select * from t2, lastpk: [INT64(1) INT64(2)]
[2m2026-09-26 16:33:21.961 UTC[0m [92mINF[0m [2mvstreamer/rowstreamer.go:368[0m Streaming rows for query: select /*+ MAX_EXECUTION_TIME(3600000) */ id1, id2, val from t2 force index (`PRIMARY`) where (id1 = 1 and id2 > 2) or (id1 > 1) order by id1, id2

[2m2026-09-26 16:33:21.963 UTC[0m [92mINF[0m [2mvstreamer/engine.go:296[0m Streaming rows for query select * from t3, lastpk: []
[2m2026-09-26 16:33:21.974 UTC[0m [92mINF[0m [2mvstreamer/rowstreamer.go:368[0m Streaming rows for query: select /*+ MAX_EXECUTION_TIME(3600000) */ id, val from t3 order by id, val

[2m2026-09-26 16:33:21.977 UTC[0m [92mINF[0m [2mvstreamer/engine.go:296[0m Streaming rows for query select * from t3, lastpk: [INT64(1) VARBINARY("aaa")]
[2m2026-09-26 16:33:21.988 UTC[0m [92mINF[0m [2mvstreamer/rowstreamer.go:368[0m Streaming rows for query: select /*+ MAX_EXECUTION_TIME(3600000) */ id, val from t3 where (id = 1 and val > _binary'aaa') or (id > 1) order by id, val

[2m2026-09-26 16:33:21.990 UTC[0m [92mINF[0m [2mvstreamer/engine.go:296[0m Streaming rows for query select * from t4, lastpk: []
[2m2026-09-26 16:33:21.997 UTC[0m [92mINF[0m [2mvstreamer/rowstreamer.go:368[0m Streaming rows for query: select /*+ MAX_EXECUTION_TIME(3600000) */ id1, id2, id3, val from t4 force index (`PRIMARY`) order by id1, id2, id3

[2m2026-09-26 16:33:21.999 UTC[0m [92mINF[0m [2mvstreamer/engine.go:296[0m Streaming rows for query select * from t4, lastpk: [INT64(1) INT64(2) INT64(3)]
[2m2026-09-26 16:33:22.005 UTC[0m [92mINF[0m [2mvstreamer/rowstreamer.go:368[0m Streaming rows for query: select /*+ MAX_EXECUTION_TIME(3600000) */ id1, id2, id3, val from t4 force index (`PRIMARY`) where (id1 = 1 and id2 = 2 and id3 > 3) or (id1 = 1 and id2 > 2) or (id1 > 1) order by id1, id2, id3

[2m2026-09-26 16:33:22.007 UTC[0m [92mINF[0m [2mvstreamer/engine.go:296[0m Streaming rows for query select * from t5, lastpk: [INT64(1) INT64(2) INT64(3)]
[2m2026-09-26 16:33:22.017 UTC[0m [92mINF[0m [2mvstreamer/rowstreamer.go:368[0m Streaming rows for query: select /*+ MAX_EXECUTION_TIME(3600000) */ id1, id2, id3, val from t5 force index (`id1_id2_id3`) where (id1 = 1 and id2 = 2 and id3 > 3) or (id1 = 1 and id2 > 2) or (id1 > 1) order by id1, id2, id3

[2m2026-09-26 16:33:22.019 UTC[0m [92mINF[0m [2mvstreamer/engine.go:296[0m Streaming rows for query select 2 from t5, lastpk: []
[2m2026-09-26 16:33:22.022 UTC[0m [91mERR[0m [2mvstreamer/planbuilder.go:581[0m only the integer literal 1 is supported
[2m2026-09-26 16:33:22.022 UTC[0m [91mERR[0m [2mvstreamer/rowstreamer.go:175[0m Failed to build table plan for t5 in row streamer: only the integer literal 1 is supported
[2m2026-09-26 16:33:22.022 UTC[0m [92mINF[0m [2mvstreamer/engine.go:296[0m Streaming rows for query select 'a' from t5, lastpk: []
[2m2026-09-26 16:33:22.025 UTC[0m [91mERR[0m [2mvstreamer/planbuilder.go:581[0m only integer literals are supported
[2m2026-09-26 16:33:22.025 UTC[0m [91mERR[0m [2mvstreamer/rowstreamer.go:175[0m Failed to build table plan for t5 in row streamer: only integer literals are supported
[2m2026-09-26 16:33:22.025 UTC[0m [92mINF[0m [2mmysqlctl/query.go:107[0m exec drop table t1
[2m2026-09-26 16:33:22.028 UTC[0m [92mINF[0m [2mmysqlctl/query.go:107[0m exec drop table t2
[2m2026-09-26 16:33:22.031 UTC[0m [92mINF[0m [2mmysqlctl/query.go:107[0m exec drop table t3
[2m2026-09-26 16:33:22.034 UTC[0m [92mINF[0m [2mmysqlctl/query.go:107[0m exec drop table t4
[2m2026-09-26 16:33:22.037 UTC[0m [92mINF[0m [2mmysqlctl/query.go:107[0m exec drop table t5
--- PASS: TestStreamRowsScan (0.20s)
=== RUN   TestStreamRowsUnicode
[2m2026-09-26 16:33:22.041 UTC[0m [92mINF[0m [2mmysqlctl/query.go:107[0m exec create table t1(id int, val varchar(128) COLLATE utf8_unicode_ci, primary key(id))
[2m2026-09-26 16:33:22.046 UTC[0m [92mINF[0m [2mvstreamer/engine.go:171[0m VStreamer: opening
[2m2026-09-26 16:33:22.048 UTC[0m [92mINF[0m [2mvstreamer/engine.go:296[0m Streaming rows for query select * from t1, lastpk: []
[2m2026-09-26 16:33:22.055 UTC[0m [92mINF[0m [2mvstreamer/rowstreamer.go:368[0m Streaming rows for query: select /*+ MAX_EXECUTION_TIME(3600000) */ id, val from t1 force index (`PRIMARY`) order by id

[2m2026-09-26 16:33:22.056 UTC[0m [92mINF[0m [2mvstreamer/engine.go:205[0m VStreamer: closed
[2m2026-09-26 16:33:22.056 UTC[0m [92mINF[0m [2mmysqlctl/query.go:107[0m exec drop table t1
--- PASS: TestStreamRowsUnicode (0.02s)
=== RUN   TestStreamRowsKeyRange
[2m2026-09-26 16:33:22.059 UTC[0m [92mINF[0m [2mtopo/vschema.go:73[0m successfully updated vschema for keyspace vttest: sharded:true vindexes:{key:"hash" value:{type:"hash"}} tables:{key:"t1" value:{column_vindexes:{column:"id1" name:"hash"}}}
[2m2026-09-26 16:33:22.062 UTC[0m [92mINF[0m [2mschema/engine.go:640[0m schema engine created [], altered [], dropped [t1 t5 t2 t3 t4]
[2m2026-09-26 16:33:22.062 UTC[0m [92mINF[0m [2mmysqlctl/query.go:107[0m exec create table t1(id1 int, val varbinary(128), primary key(id1))
[2m2026-09-26 16:33:22.067 UTC[0m [92mINF[0m [2mmysqlctl/query.go:107[0m exec insert into t1 values (1, 'aaa'), (6, 'bbb')
[2m2026-09-26 16:33:22.067 UTC[0m [92mINF[0m [2mvstreamer/engine.go:296[0m Streaming rows for query select * from t1 where in_keyrange('-80'), lastpk: []
[2m2026-09-26 16:33:22.071 UTC[0m [92mINF[0m [2mschema/engine.go:640[0m schema engine created [t1], altered [], dropped []
[2m2026-09-26 16:33:22.076 UTC[0m [92mINF[0m [2mvstreamer/rowstreamer.go:368[0m Streaming rows for query: select /*+ MAX_EXECUTION_TIME(3600000) */ id1, val from t1 force index (`PRIMARY`) order by id1

[2m2026-09-26 16:33:22.079 UTC[0m [92mINF[0m [2mmysqlctl/query.go:107[0m exec drop table t1
[2m2026-09-26 16:33:22.082 UTC[0m [92mINF[0m [2mtopo/vschema.go:73[0m successfully updated vschema for keyspace vttest: 
[2m2026-09-26 16:33:22.084 UTC[0m [92mINF[0m [2mschema/engine.go:640[0m schema engine created [], altered [], dropped [t1]
--- PASS: TestStreamRowsKeyRange (0.03s)
=== RUN   TestStreamRowsWithNoTimeouts
[2m2026-09-26 16:33:22.084 UTC[0m [92mINF[0m [2mtopo/vschema.go:73[0m successfully updated vschema for keyspace vttest: sharded:true vindexes:{key:"hash" value:{type:"hash"}} tables:{key:"t1" value:{column_vindexes:{column:"id1" name:"hash"}}}
[2m2026-09-26 16:33:22.087 UTC[0m [92mINF[0m [2mmysqlctl/query.go:107[0m exec create table t1(id1 int, val varbinary(128), primary key(id1))
[2m2026-09-26 16:33:22.092 UTC[0m [92mINF[0m [2mmysqlctl/query.go:107[0m exec insert into t1 values (1, 'aaa'), (6, 'bbb')
[2m2026-09-26 16:33:22.093 UTC[0m [92mINF[0m [2mvstreamer/engine.go:296[0m Streaming rows for query select * from t1 where in_keyrange('-80'), lastpk: []
[2m2026-09-26 16:33:22.096 UTC[0m [92mINF[0m [2mschema/engine.go:640[0m schema engine created [t1], altered [], dropped []
[2m2026-09-26 16:33:22.102 UTC[0m [92mINF[0m [2mvstreamer/rowstreamer.go:368[0m Streaming rows for query: select id1, val from t1 force index (`PRIMARY`) order by id1

[2m2026-09-26 16:33:22.104 UTC[0m [92mINF[0m [2mmysqlctl/query.go:107[0m exec drop table t1
[2m2026-09-26 16:33:22.107 UTC[0m [92mINF[0m [2mtopo/vschema.go:73[0m successfully updated vschema for keyspace vttest: 
[2m2026-09-26 16:33:22.109 UTC[0m [92mINF[0m [2mschema/engine.go:640[0m schema engine created [], altered [], dropped [t1]
--- PASS: TestStreamRowsWithNoTimeouts (0.02s)
=== RUN   TestStreamRowsFilterInt
[2m2026-09-26 16:33:22.109 UTC[0m [92mINF[0m [2mtopo/vschema.go:73[0m successfully updated vschema for keyspace vttest: sharded:true vindexes:{key:"hash" value:{type:"hash"}} tables:{key:"t1" value:{column_vindexes:{column:"id1" name:"hash"}}}
[2m2026-09-26 16:33:22.112 UTC[0m [92mINF[0m [2mmysqlctl/query.go:107[0m exec create table t1(id1 int, id2 int, val varbinary(128), primary key(id1))
[2m2026-09-26 16:33:22.116 UTC[0m [92mINF[0m [2mmysqlctl/query.go:107[0m exec insert into t1 values (1, 100, 'aaa'), (2, 200, 'bbb'), (3, 200, 'ccc'), (4, 100, 'ddd'), (5, 200, 'eee')
[2m2026-09-26 16:33:22.117 UTC[0m [92mINF[0m [2mvstreamer/engine.go:296[0m Streaming rows for query select id1, val from t1 where (id2 = 100), lastpk: []
[2m2026-09-26 16:33:22.121 UTC[0m [92mINF[0m [2mschema/engine.go:640[0m schema engine created [t1], altered [], dropped []
[2m2026-09-26 16:33:22.125 UTC[0m [92mINF[0m [2mvstreamer/rowstreamer.go:368[0m Streaming rows for query: select /*+ MAX_EXECUTION_TIME(3600000) */ id1, id2, val from t1 where (id2 = 100) order by id1

[2m2026-09-26 16:33:22.128 UTC[0m [92mINF[0m [2mmysqlctl/query.go:107[0m exec drop table t1
[2m2026-09-26 16:33:22.130 UTC[0m [92mINF[0m [2mtopo/vschema.go:73[0m successfully updated vschema for keyspace vttest: 
[2m2026-09-26 16:33:22.133 UTC[0m [92mINF[0m [2mschema/engine.go:640[0m schema engine created [], altered [], dropped [t1]
--- PASS: TestStreamRowsFilterInt (0.02s)
=== RUN   TestStreamRowsFilterBetween
[2m2026-09-26 16:33:22.133 UTC[0m [92mINF[0m [2mtopo/vschema.go:73[0m successfully updated vschema for keyspace vttest: sharded:true vindexes:{key:"hash" value:{type:"hash"}} tables:{key:"t1" value:{column_vindexes:{column:"id1" name:"hash"}}}
[2m2026-09-26 16:33:22.135 UTC[0m [92mINF[0m [2mmysqlctl/query.go:107[0m exec create table t1(id1 int, id2 int, val varbinary(128), primary key(id1))
[2m2026-09-26 16:33:22.139 UTC[0m [92mINF[0m [2mmysqlctl/query.go:107[0m exec insert into t1 values (1, 100, 'aaa'), (2, 200, 'bbb'), (3, 200, 'ccc'), (4, 100, 'ddd'), (5, 200, 'eee')
[2m2026-09-26 16:33:22.140 UTC[0m [92mINF[0m [2mvstreamer/engine.go:296[0m Streaming rows for query select id1, val from t1 where (id1 between 2 and 4), lastpk: []
[2m2026-09-26 16:33:22.143 UTC[0m [92mINF[0m [2mschema/engine.go:640[0m schema engine created [t1], altered [], dropped []
[2m2026-09-26 16:33:22.147 UTC[0m [92mINF[0m [2mvstreamer/rowstreamer.go:368[0m Streaming rows for query: select /*+ MAX_EXECUTION_TIME(3600000) */ id1, id2, val from t1 where (id1 between 2 and 4) order by id1

[2m2026-09-26 16:33:22.150 UTC[0m [92mINF[0m [2mvstreamer/engine.go:296[0m Streaming rows for query select id1, val from t1 where (id1 not between 2 and 4), lastpk: []
[2m2026-09-26 16:33:22.156 UTC[0m [92mINF[0m [2mvstreamer/rowstreamer.go:368[0m Streaming rows for query: select /*+ MAX_EXECUTION_TIME(3600000) */ id1, id2, val from t1 where (id1 not between 2 and 4) order by id1

[2m2026-09-26 16:33:22.158 UTC[0m [92mINF[0m [2mmysqlctl/query.go:107[0m exec drop table t1
[2m2026-09-26 16:33:22.160 UTC[0m [92mINF[0m [2mtopo/vschema.go:73[0m successfully updated vschema for keyspace vttest: 
[2m2026-09-26 16:33:22.163 UTC[0m [92mINF[0m [2mschema/engine.go:640[0m schema engine created [], altered [], dropped [t1]
--- PASS: TestStreamRowsFilterBetween (0.03s)
=== RUN   TestStreamRowsFilterIn
[2m2026-09-26 16:33:22.163 UTC[0m [92mINF[0m [2mtopo/vschema.go:73[0m successfully updated vschema for keyspace vttest: sharded:true vindexes:{key:"hash" value:{type:"hash"}} tables:{key:"t1" value:{column_vindexes:{column:"id1" name:"hash"}}}
[2m2026-09-26 16:33:22.165 UTC[0m [92mINF[0m [2mmysqlctl/query.go:107[0m exec create table t1(id1 int, id2 int, val varbinary(128), primary key(id1))
[2m2026-09-26 16:33:22.169 UTC[0m [92mINF[0m [2mmysqlctl/query.go:107[0m exec insert into t1 values (1, 100, 'aaa'), (2, 200, 'bbb'), (3, 200, 'ccc'), (4, 100, 'ddd'), (5, 200, 'eee')
[2m2026-09-26 16:33:22.170 UTC[0m [92mINF[0m [2mvstreamer/engine.go:296[0m Streaming rows for query select id1, val from t1 where id1 in (1, 2, 3), lastpk: []
[2m2026-09-26 16:33:22.173 UTC[0m [92mINF[0m [2mschema/engine.go:640[0m schema engine created [t1], altered [], dropped []
[2m2026-09-26 16:33:22.177 UTC[0m [92mINF[0m [2mvstreamer/rowstreamer.go:368[0m Streaming rows for query: select /*+ MAX_EXECUTION_TIME(3600000) */ id1, id2, val from t1 where (id1 in (1, 2, 3)) order by id1

[2m2026-09-26 16:33:22.180 UTC[0m [92mINF[0m [2mmysqlctl/query.go:107[0m exec drop table t1
[2m2026-09-26 16:33:22.183 UTC[0m [92mINF[0m [2mtopo/vschema.go:73[0m successfully updated vschema for keyspace vttest: 
[2m2026-09-26 16:33:22.185 UTC[0m [92mINF[0m [2mschema/engine.go:640[0m schema engine created [], altered [], dropped [t1]
--- PASS: TestStreamRowsFilterIn (0.02s)
=== RUN   TestStreamRowsFilterWithLastPK
[2m2026-09-26 16:33:22.185 UTC[0m [92mINF[0m [2mtopo/vschema.go:73[0m successfully updated vschema for keyspace vttest: sharded:true vindexes:{key:"hash" value:{type:"hash"}} tables:{key:"t1" value:{column_vindexes:{column:"id1" name:"hash"}}}
[2m2026-09-26 16:33:22.187 UTC[0m [92mINF[0m [2mmysqlctl/query.go:107[0m exec create table t1(id1 int, id2 int, val varbinary(128), primary key(id1, id2))
[2m2026-09-26 16:33:22.192 UTC[0m [92mINF[0m [2mmysqlctl/query.go:107[0m exec insert into t1 values (1, 1, 'include'), (1, 2, 'include'), (1, 3, 'exclude'), (2, 1, 'exclude'), (2, 2, 'include')
[2m2026-09-26 16:33:22.193 UTC[0m [92mINF[0m [2mvstreamer/engine.go:296[0m Streaming rows for query select id1, id2, val from t1 where (val = 'include'), lastpk: [INT64(1) INT64(1)]
[2m2026-09-26 16:33:22.197 UTC[0m [92mINF[0m [2mschema/engine.go:640[0m schema engine created [t1], altered [], dropped []
[2m2026-09-26 16:33:22.201 UTC[0m [92mINF[0m [2mvstreamer/rowstreamer.go:368[0m Streaming rows for query: select /*+ MAX_EXECUTION_TIME(3600000) */ id1, id2, val from t1 where (val = 'include') and ((id1 = 1 and id2 > 1) or (id1 > 1)) order by id1, id2

[2m2026-09-26 16:33:22.203 UTC[0m [92mINF[0m [2mmysqlctl/query.go:107[0m exec drop table t1
[2m2026-09-26 16:33:22.207 UTC[0m [92mINF[0m [2mtopo/vschema.go:73[0m successfully updated vschema for keyspace vttest: 
[2m2026-09-26 16:33:22.209 UTC[0m [92mINF[0m [2mschema/engine.go:640[0m schema engine created [], altered [], dropped [t1]
--- PASS: TestStreamRowsFilterWithLastPK (0.02s)
=== RUN   TestStreamRowsFilterVarBinary
[2m2026-09-26 16:33:22.209 UTC[0m [92mINF[0m [2mtopo/vschema.go:73[0m successfully updated vschema for keyspace vttest: sharded:true vindexes:{key:"hash" value:{type:"hash"}} tables:{key:"t1" value:{column_vindexes:{column:"id1" name:"hash"}}}
[2m2026-09-26 16:33:22.212 UTC[0m [92mINF[0m [2mmysqlctl/query.go:107[0m exec create table t1(id1 int, val varbinary(128), primary key(id1))
[2m2026-09-26 16:33:22.218 UTC[0m [92mINF[0m [2mmysqlctl/query.go:107[0m exec insert into t1 values (1,'kepler'), (2, 'newton'), (3, 'newton'), (4, 'kepler'), (5, 'newton'), (6, 'kepler')
[2m2026-09-26 16:33:22.219 UTC[0m [92mINF[0m [2mvstreamer/engine.go:296[0m Streaming rows for query select id1, val from t1 where (val = 'newton'), lastpk: []
[2m2026-09-26 16:33:22.223 UTC[0m [92mINF[0m [2mschema/engine.go:640[0m schema engine created [t1], altered [], dropped []
[2m2026-09-26 16:33:22.229 UTC[0m [92mINF[0m [2mvstreamer/rowstreamer.go:368[0m Streaming rows for query: select /*+ MAX_EXECUTION_TIME(3600000) */ id1, val from t1 where (val = 'newton') order by id1

[2m2026-09-26 16:33:22.231 UTC[0m [92mINF[0m [2mmysqlctl/query.go:107[0m exec drop table t1
[2m2026-09-26 16:33:22.234 UTC[0m [92mINF[0m [2mtopo/vschema.go:73[0m successfully updated vschema for keyspace vttest: 
[2m2026-09-26 16:33:22.237 UTC[0m [92mINF[0m [2mschema/engine.go:640[0m schema engine created [], altered [], dropped [t1]
--- PASS: TestStreamRowsFilterVarBinary (0.03s)
=== RUN   TestStreamRowsFilterVarChar
[2m2026-09-26 16:33:22.237 UTC[0m [92mINF[0m [2mtopo/vschema.go:73[0m successfully updated vschema for keyspace vttest: sharded:true vindexes:{key:"hash" value:{type:"hash"}} tables:{key:"t1" value:{column_vindexes:{column:"id1" name:"hash"}}}
[2m2026-09-26 16:33:22.239 UTC[0m [92mINF[0m [2mmysqlctl/query.go:107[0m exec create table t1(id1 int, val varchar(128), primary key(id1)) character set utf8mb4 collate utf8mb4_general_ci
[2m2026-09-26 16:33:22.244 UTC[0m [92mINF[0m [2mmysqlctl/query.go:107[0m exec insert into t1 values (1,'kepler'), (2, 'Ã‘ewton'), (3, 'nEwton'), (4, 'kepler'), (5, 'neáº…ton'), (6, 'kepler')
[2m2026-09-26 16:33:22.245 UTC[0m [92mINF[0m [2mvstreamer/engine.go:296[0m Streaming rows for query select id1, val from t1 where (val = 'newton'), lastpk: []
[2m2026-09-26 16:33:22.249 UTC[0m [92mINF[0m [2mschema/engine.go:640[0m schema engine created [t1], altered [], dropped []
[2m2026-09-26 16:33:22.254 UTC[0m [92mINF[0m [2mvstreamer/rowstreamer.go:368[0m Streaming rows for query: select /*+ MAX_EXECUTION_TIME(3600000) */ id1, val from t1 where (val = 'newton') order by id1

[2m2026-09-26 16:33:22.256 UTC[0m [92mINF[0m [2mmysqlctl/query.go:107[0m exec drop table t1
[2m2026-09-26 16:33:22.259 UTC[0m [92mINF[0m [2mtopo/vschema.go:73[0m successfully updated vschema for keyspace vttest: 
[2m2026-09-26 16:33:22.262 UTC[0m [92mINF[0m [2mschema/engine.go:640[0m schema engine created [], altered [], dropped [t1]
--- PASS: TestStreamRowsFilterVarChar (0.02s)
=== RUN   TestStreamRowsMultiPacket
[2m2026-09-26 16:33:22.262 UTC[0m [92mINF[0m [2mmysqlctl/query.go:107[0m exec create table t1(id int, val varbinary(128), primary key(id))
[2m2026-09-26 16:33:22.267 UTC[0m [92mINF[0m [2mmysqlctl/query.go:107[0m exec insert into t1 values (1, '234'), (2, '6789'), (3, '1'), (4, '2345678901'), (5, '2')
[2m2026-09-26 16:33:22.268 UTC[0m [92mINF[0m [2mvstreamer/engine.go:296[0m Streaming rows for query select * from t1, lastpk: []
[2m2026-09-26 16:33:22.272 UTC[0m [92mINF[0m [2mschema/engine.go:640[0m schema engine created [t1], altered [], dropped []
[2m2026-09-26 16:33:22.276 UTC[0m [92mINF[0m [2mvstreamer/rowstreamer.go:368[0m Streaming rows for query: select /*+ MAX_EXECUTION_TIME(3600000) */ id, val from t1 force index (`PRIMARY`) order by id

[2m2026-09-26 16:33:22.279 UTC[0m [92mINF[0m [2mmysqlctl/query.go:107[0m exec drop table t1
--- PASS: TestStreamRowsMultiPacket (0.02s)
=== RUN   TestStreamRowsCancel
[2m2026-09-26 16:33:22.282 UTC[0m [92mINF[0m [2mmysqlctl/query.go:107[0m exec create table t1(id int, val varbinary(128), primary key(id))
[2m2026-09-26 16:33:22.287 UTC[0m [92mINF[0m [2mmysqlctl/query.go:107[0m exec insert into t1 values (1, '234567890'), (2, '234')
[2m2026-09-26 16:33:22.287 UTC[0m [92mINF[0m [2mvstreamer/engine.go:296[0m Streaming rows for query select * from t1, lastpk: []
[2m2026-09-26 16:33:22.293 UTC[0m [92mINF[0m [2mvstreamer/rowstreamer.go:368[0m Streaming rows for query: select /*+ MAX_EXECUTION_TIME(3600000) */ id, val from t1 force index (`PRIMARY`) order by id

[2m2026-09-26 16:33:22.295 UTC[0m [92mINF[0m [2mvstreamer/rowstreamer.go:441[0m Row stream ended because of ctx.Done
[2m2026-09-26 16:33:22.295 UTC[0m [92mINF[0m [2mmysqlctl/query.go:107[0m exec drop table t1
--- PASS: TestStreamRowsCancel (0.02s)
=== RUN   TestStreamRowsSendError
[2m2026-09-26 16:33:22.298 UTC[0m [92mINF[0m [2mmysqlctl/query.go:107[0m exec create table t1(id int, val varbinary(128), primary key(id))
[2m2026-09-26 16:33:22.302 UTC[0m [92mINF[0m [2mmysqlctl/query.go:107[0m exec insert into t1 values (1, 'aaa')
[2m2026-09-26 16:33:22.303 UTC[0m [92mINF[0m [2mvstreamer/engine.go:296[0m Streaming rows for query select * from t1, lastpk: []
[2m2026-09-26 16:33:22.309 UTC[0m [92mINF[0m [2mvstreamer/rowstreamer.go:368[0m Streaming rows for query: select /*+ MAX_EXECUTION_TIME(3600000) */ id, val from t1 force index (`PRIMARY`) order by id

[2m2026-09-26 16:33:22.312 UTC[0m [92mINF[0m [2mmysqlctl/query.go:107[0m exec drop table t1
--- PASS: TestStreamRowsSendError (0.02s)
=== RUN   TestStreamRowsHeartbeat
[2m2026-09-26 16:33:22.315 UTC[0m [92mINF[0m [2mmysqlctl/query.go:107[0m exec create table t1(id int, val varchar(128), primary key(id))
[2m2026-09-26 16:33:22.320 UTC[0m [92mINF[0m [2mmysqlctl/query.go:107[0m exec insert into t1 values (1, 'test1')
[2m2026-09-26 16:33:22.321 UTC[0m [92mINF[0m [2mmysqlctl/query.go:107[0m exec insert into t1 values (2, 'test2')
[2m2026-09-26 16:33:22.321 UTC[0m [92mINF[0m [2mmysqlctl/query.go:107[0m exec insert into t1 values (3, 'test3')
[2m2026-09-26 16:33:22.321 UTC[0m [92mINF[0m [2mmysqlctl/query.go:107[0m exec insert into t1 values (4, 'test4')
[2m2026-09-26 16:33:22.321 UTC[0m [92mINF[0m [2mmysqlctl/query.go:107[0m exec insert into t1 values (5, 'test5')
[2m2026-09-26 16:33:22.322 UTC[0m [92mINF[0m [2mvstreamer/engine.go:296[0m Streaming rows for query select * from t1, lastpk: []
[2m2026-09-26 16:33:22.328 UTC[0m [92mINF[0m [2mvstreamer/rowstreamer.go:368[0m Streaming rows for query: select /*+ MAX_EXECUTION_TIME(3600000) */ id, val from t1 force index (`PRIMARY`) order by id

[2m2026-09-26 16:33:23.034 UTC[0m [92mINF[0m [2mvstreamer/rowstreamer.go:441[0m Row stream ended because of ctx.Done
[2m2026-09-26 16:33:23.085 UTC[0m [92mINF[0m [2mmysqlctl/query.go:107[0m exec drop table t1
--- PASS: TestStreamRowsHeartbeat (0.77s)
=== RUN   TestStartSnapshot
[2m2026-09-26 16:33:23.090 UTC[0m [92mINF[0m [2mmysqlctl/query.go:107[0m exec create table t1(id int, val varbinary(128), primary key(id))
[2m2026-09-26 16:33:23.096 UTC[0m [92mINF[0m [2mmysqlctl/query.go:107[0m exec insert into t1 values (1, 'aaa')
[2m2026-09-26 16:33:23.100 UTC[0m [92mINF[0m [2mmysqlctl/query.go:107[0m exec insert into t1 values(2, 'bbb')
[2m2026-09-26 16:33:23.102 UTC[0m [92mINF[0m [2mmysqlctl/query.go:107[0m exec drop table t1
--- PASS: TestStartSnapshot (0.01s)
=== RUN   TestStartSnapshotLock
[2m2026-09-26 16:33:23.105 UTC[0m [92mINF[0m [2mmysqlctl/query.go:107[0m exec create table t1_lock_wait_timeout(id int, val varbinary(128), primary key(id))
[2m2026-09-26 16:33:23.111 UTC[0m [92mINF[0m [2mmysqlctl/query.go:107[0m exec insert into t1_lock_wait_timeout values (1, 'aaa')
[2m2026-09-26 16:33:24.115 UTC[0m [93mWRN[0m [2mvstreamer/snapshot_conn.go:122[0m Error locking table t1_lock_wait_timeout to read: Lock wait timeout exceeded; try restarting transaction (errno 1205) (sqlstate HY000) during query: lock tables t1_lock_wait_timeout read
[2m2026-09-26 16:33:24.116 UTC[0m [92mINF[0m [2mmysqlctl/query.go:107[0m exec drop table t1_lock_wait_timeout
--- PASS: TestStartSnapshotLock (1.02s)
=== RUN   TestTableStreamer
[2m2026-09-26 16:33:24.121 UTC[0m [92mINF[0m [2mmysqlctl/query.go:107[0m exec create table t1(id int, val varbinary(128), primary key(id))
[2m2026-09-26 16:33:24.127 UTC[0m [92mINF[0m [2mmysqlctl/query.go:107[0m exec insert into t1 values (1, 'aaa'), (2, 'bbb')
[2m2026-09-26 16:33:24.128 UTC[0m [92mINF[0m [2mmysqlctl/query.go:107[0m exec create table t2(id1 int, id2 int, val varbinary(128), primary key(id1, id2))
[2m2026-09-26 16:33:24.133 UTC[0m [92mINF[0m [2mmysqlctl/query.go:107[0m exec insert into t2 values (1, 2, 'aaa'), (1, 3, 'bbb')
[2m2026-09-26 16:33:24.134 UTC[0m [92mINF[0m [2mmysqlctl/query.go:107[0m exec create table t3(id int, val varbinary(128))
[2m2026-09-26 16:33:24.140 UTC[0m [92mINF[0m [2mmysqlctl/query.go:107[0m exec insert into t3 values (1, 'aaa'), (2, 'bbb')
[2m2026-09-26 16:33:24.141 UTC[0m [92mINF[0m [2mmysqlctl/query.go:107[0m exec create table t4(id1 int, id2 int, id3 int, val varbinary(128), primary key(id1, id2, id3))
[2m2026-09-26 16:33:24.147 UTC[0m [92mINF[0m [2mmysqlctl/query.go:107[0m exec insert into t4 values (1, 2, 3, 'aaa'), (2, 3, 4, 'bbb')
[2m2026-09-26 16:33:24.148 UTC[0m [92mINF[0m [2mvstreamer/engine.go:340[0m Streaming all tables
[2m2026-09-26 16:33:24.150 UTC[0m [92mINF[0m [2mvstreamer/snapshot_conn.go:215[0m Locking all tables
[2m2026-09-26 16:33:24.153 UTC[0m [92mINF[0m [2mvstreamer/tablestreamer.go:121[0m TableStreamer Stream() started with net read_timeout: 300, net write_timeout: 600
[2m2026-09-26 16:33:24.154 UTC[0m [92mINF[0m [2mvstreamer/tablestreamer.go:139[0m Found 4 tables to stream: t1, t2, t3, t4
[2m2026-09-26 16:33:24.154 UTC[0m [92mINF[0m [2mvstreamer/tablestreamer.go:141[0m Streaming table t1
[2m2026-09-26 16:33:24.161 UTC[0m [92mINF[0m [2mvstreamer/rowstreamer.go:368[0m Streaming rows for query: select /*+ MAX_EXECUTION_TIME(3600000) */ id, val from t1 force index (`PRIMARY`) order by id

[2m2026-09-26 16:33:24.161 UTC[0m [92mINF[0m [2mvstreamer/tablestreamer.go:146[0m Finished streaming table t1
[2m2026-09-26 16:33:24.161 UTC[0m [92mINF[0m [2mvstreamer/tablestreamer.go:141[0m Streaming table t2
[2m2026-09-26 16:33:24.169 UTC[0m [92mINF[0m [2mschema/engine.go:640[0m schema engine created [t2 t3 t4], altered [t1], dropped []
[2m2026-09-26 16:33:24.173 UTC[0m [92mINF[0m [2mvstreamer/rowstreamer.go:368[0m Streaming rows for query: select /*+ MAX_EXECUTION_TIME(3600000) */ id1, id2, val from t2 force index (`PRIMARY`) order by id1, id2

[2m2026-09-26 16:33:24.173 UTC[0m [92mINF[0m [2mvstreamer/tablestreamer.go:146[0m Finished streaming table t2
[2m2026-09-26 16:33:24.173 UTC[0m [92mINF[0m [2mvstreamer/tablestreamer.go:141[0m Streaming table t3
[2m2026-09-26 16:33:24.186 UTC[0m [92mINF[0m [2mvstreamer/rowstreamer.go:368[0m Streaming rows for query: select /*+ MAX_EXECUTION_TIME(3600000) */ id, val from t3 order by id, val

[2m2026-09-26 16:33:24.187 UTC[0m [92mINF[0m [2mvstreamer/tablestreamer.go:146[0m Finished streaming table t3
[2m2026-09-26 16:33:24.187 UTC[0m [92mINF[0m [2mvstreamer/tablestreamer.go:141[0m Streaming table t4
[2m2026-09-26 16:33:24.193 UTC[0m [92mINF[0m [2mvstreamer/rowstreamer.go:368[0m Streaming rows for query: select /*+ MAX_EXECUTION_TIME(3600000) */ id1, id2, id3, val from t4 force index (`PRIMARY`) order by id1, id2, id3

[2m2026-09-26 16:33:24.193 UTC[0m [92mINF[0m [2mvstreamer/tablestreamer.go:146[0m Finished streaming table t4
[2m2026-09-26 16:33:24.193 UTC[0m [92mINF[0m [2mvstreamer/tablestreamer.go:148[0m Finished streaming 4 tables
[2m2026-09-26 16:33:24.193 UTC[0m [92mINF[0m [2mmysqlctl/query.go:107[0m exec drop table t1
[2m2026-09-26 16:33:24.197 UTC[0m [92mINF[0m [2mmysqlctl/query.go:107[0m exec drop table t2
[2m2026-09-26 16:33:24.199 UTC[0m [92mINF[0m [2mmysqlctl/query.go:107[0m exec drop table t3
[2m2026-09-26 16:33:24.202 UTC[0m [92mINF[0m [2mmysqlctl/query.go:107[0m exec drop table t4
--- PASS: TestTableStreamer (0.08s)
=== RUN   TestVStreamCopyFilterValidations
[2m2026-09-26 16:33:24.204 UTC[0m [92mINF[0m [2mmysqlctl/query.go:107[0m exec create table t1(id11 int, id12 int, primary key(id11))
[2m2026-09-26 16:33:24.209 UTC[0m [92mINF[0m [2mmysqlctl/query.go:107[0m exec create table t2a(id21 int, id22 int, primary key(id21))
[2m2026-09-26 16:33:24.213 UTC[0m [92mINF[0m [2mmysqlctl/query.go:107[0m exec create table t2b(id21 int, id22 int, primary key(id21))
[2m2026-09-26 16:33:24.225 UTC[0m [92mINF[0m [2mschema/engine.go:640[0m schema engine created [t2a t2b], altered [t1], dropped [t2 t3 t4]
[2m2026-09-26 16:33:24.225 UTC[0m [92mINF[0m [2mvstreamer/uvstreamer_flaky_test.go:169[0m Running [match:"t1"]
[2m2026-09-26 16:33:24.225 UTC[0m [92mINF[0m [2mvstreamer/uvstreamer_flaky_test.go:169[0m Running [match:"t2a" match:"t1"]
[2m2026-09-26 16:33:24.225 UTC[0m [92mINF[0m [2mvstreamer/uvstreamer_flaky_test.go:169[0m Running [match:"/.*"]
[2m2026-09-26 16:33:24.225 UTC[0m [92mINF[0m [2mvstreamer/uvstreamer_flaky_test.go:169[0m Running [match:"/t2.*"]
[2m2026-09-26 16:33:24.225 UTC[0m [92mINF[0m [2mvstreamer/uvstreamer_flaky_test.go:169[0m Running [match:"t1"]
[2m2026-09-26 16:33:24.225 UTC[0m [92mINF[0m [2mvstreamer/uvstreamer_flaky_test.go:169[0m Running [match:"/.*" match:"xyz"]
[2m2026-09-26 16:33:24.226 UTC[0m [92mINF[0m [2mvstreamer/uvstreamer_flaky_test.go:169[0m Running [match:"/x.*"]
[2m2026-09-26 16:33:24.226 UTC[0m [92mINF[0m [2mmysqlctl/query.go:107[0m exec drop table t1
[2m2026-09-26 16:33:24.228 UTC[0m [92mINF[0m [2mmysqlctl/query.go:107[0m exec drop table t2a
[2m2026-09-26 16:33:24.231 UTC[0m [92mINF[0m [2mmysqlctl/query.go:107[0m exec drop table t2b
--- PASS: TestVStreamCopyFilterValidations (0.03s)
=== RUN   TestVStreamCopyCompleteFlow
[2m2026-09-26 16:33:24.234 UTC[0m [92mINF[0m [2mmysqlctl/query.go:107[0m exec create table t1(id11 int, id12 int, primary key(id11))
[2m2026-09-26 16:33:24.238 UTC[0m [92mINF[0m [2mmysqlctl/query.go:107[0m exec create table t2(id21 int, id22 int, primary key(id21))
[2m2026-09-26 16:33:24.243 UTC[0m [92mINF[0m [2mmysqlctl/query.go:107[0m exec create table t3(id31 int, id32 int, primary key(id31))
[2m2026-09-26 16:33:24.247 UTC[0m [92mINF[0m [2mmysqlctl/query.go:107[0m exec insert into t1 (id11, id12) values (1,10),(2,20),(3,30),(4,40),(5,50),(6,60),(7,70),(8,80),(9,90),(10,100)
[2m2026-09-26 16:33:24.248 UTC[0m [92mINF[0m [2mmysqlctl/query.go:107[0m exec insert into t2 (id21, id22) values (1,20),(2,40),(3,60),(4,80),(5,100),(6,120),(7,140),(8,160),(9,180),(10,200)
[2m2026-09-26 16:33:24.249 UTC[0m [92mINF[0m [2mmysqlctl/query.go:107[0m exec insert into t3 (id31, id32) values (1,30),(2,60),(3,90),(4,120),(5,150),(6,180),(7,210),(8,240),(9,270),(10,300)
[2m2026-09-26 16:33:24.255 UTC[0m [92mINF[0m [2mschema/engine.go:640[0m schema engine created [t2 t3], altered [t1], dropped [t2a t2b]
[2m2026-09-26 16:33:24.256 UTC[0m [92mINF[0m [2mvstreamer/uvstreamer.go:447[0m Stream() called
[2m2026-09-26 16:33:24.256 UTC[0m [92mINF[0m [2mvstreamer/uvstreamer.go:452[0m TablePKs is not nil: starting vs.copy()
[2m2026-09-26 16:33:24.256 UTC[0m [92mINF[0m [2mvstreamer/copy.go:51[0m catchupAndCopy for t1
[2m2026-09-26 16:33:24.256 UTC[0m [92mINF[0m [2mvstreamer/copy.go:59[0m catchupAndCopy: before copyTable t1
[2m2026-09-26 16:33:24.256 UTC[0m [92mINF[0m [2mvstreamer/copy.go:216[0m Starting copyTable for t1, Filter: select * from t1, LastPK: [INT32(0)]
[2m2026-09-26 16:33:24.256 UTC[0m [92mINF[0m [2mvstreamer/engine.go:296[0m Streaming rows for query select * from t1, lastpk: [INT32(0)]
[2m2026-09-26 16:33:24.261 UTC[0m [92mINF[0m [2mvstreamer/rowstreamer.go:368[0m Streaming rows for query: select /*+ MAX_EXECUTION_TIME(3600000) */ id11, id12 from t1 force index (`PRIMARY`) where (id11 > 0) order by id11

[2m2026-09-26 16:33:24.263 UTC[0m [92mINF[0m [2mvstreamer/uvstreamer_flaky_test.go:423[0m Callback: afterInitialInsert
[2m2026-09-26 16:33:24.264 UTC[0m [92mINF[0m [2mmysqlctl/query.go:107[0m exec begin
[2m2026-09-26 16:33:24.264 UTC[0m [92mINF[0m [2mmysqlctl/query.go:107[0m exec insert into t1 (id11, id12) values (11, 110)
[2m2026-09-26 16:33:24.264 UTC[0m [92mINF[0m [2mmysqlctl/query.go:107[0m exec insert into t2 (id21, id22) values (11, 220)
[2m2026-09-26 16:33:24.265 UTC[0m [92mINF[0m [2mmysqlctl/query.go:107[0m exec commit
[2m2026-09-26 16:33:24.265 UTC[0m [92mINF[0m [2mvstreamer/uvstreamer_flaky_test.go:396[0m Position after first insert into t1 and t2: MySQL56/f31d99a9-b9c7-11f1-8aa7-02fc00000001:1-218
[2m2026-09-26 16:33:24.265 UTC[0m [92mINF[0m [2mvstreamer/uvstreamer_flaky_test.go:271[0m Got commit, lastRowSeen is false
[2m2026-09-26 16:33:24.265 UTC[0m [92mINF[0m [2mvstreamer/copy.go:323[0m Copy of t1 finished at lastpk: &{[name:"id11" type:INT32 charset:63 flags:53251] 0 0 false [[INT32(10)]]  0  []}
[2m2026-09-26 16:33:24.265 UTC[0m [92mINF[0m [2mvstreamer/uvstreamer_flaky_test.go:271[0m Got commit, lastRowSeen is false
[2m2026-09-26 16:33:24.265 UTC[0m [92mINF[0m [2mvstreamer/copy.go:51[0m catchupAndCopy for t2
[2m2026-09-26 16:33:24.265 UTC[0m [92mINF[0m [2mvstreamer/copy.go:66[0m starting catchup ...
[2m2026-09-26 16:33:24.266 UTC[0m [92mINF[0m [2mvstreamer/vstreamer.go:258[0m Starting Stream() with startPos MySQL56/f31d99a9-b9c7-11f1-8aa7-02fc00000001:1-217
[2m2026-09-26 16:33:24.266 UTC[0m [92mINF[0m [2mbinlog/binlog_connection.go:118[0m new binlog connection: serverID=1980439035
[2m2026-09-26 16:33:24.266 UTC[0m [92mINF[0m [2mbinlog/binlog_connection.go:169[0m sending binlog dump command: startPos=f31d99a9-b9c7-11f1-8aa7-02fc00000001:1-217, serverID=1980439035
[2m2026-09-26 16:33:24.272 UTC[0m [92mINF[0m [2mvstreamer/uvstreamer_flaky_test.go:271[0m Got commit, lastRowSeen is false
[2m2026-09-26 16:33:25.267 UTC[0m [92mINF[0m [2mvstreamer/copy.go:92[0m Canceling context because lag is 0:0
[2m2026-09-26 16:33:25.267 UTC[0m [92mINF[0m [2mvstreamer/vstreamer.go:1777[0m stream (at source tablet) ended @ (including the GTID we failed to process) f31d99a9-b9c7-11f1-8aa7-02fc00000001:1-218
[2m2026-09-26 16:33:25.267 UTC[0m [92mINF[0m [2mbinlog/binlog_connection.go:331[0m closing binlog socket to unblock reads
[2m2026-09-26 16:33:25.267 UTC[0m [92mINF[0m [2mbinlog/binlog_connection.go:206[0m connection closed during binlog stream (possibly intentional): read unix @->/home/vt/v4btest/data/vttest1035440681/vt_0000000001/mysql.sock: use of closed network connection
io.ReadFull(header size) failed (errno 2013) (sqlstate HY000)
[2m2026-09-26 16:33:25.267 UTC[0m [92mINF[0m [2mbinlog/binlog_connection.go:339[0m waiting for binlog dump thread to end
[2m2026-09-26 16:33:25.267 UTC[0m [92mINF[0m [2mbinlog/binlog_connection.go:345[0m closing binlog MySQL client with serverID 1980439035. Will recycle ID.
[2m2026-09-26 16:33:25.267 UTC[0m [92mINF[0m [2mvstreamer/copy.go:82[0m catchup vs.stream returned with vs.pos f31d99a9-b9c7-11f1-8aa7-02fc00000001:1-218
[2m2026-09-26 16:33:25.267 UTC[0m [92mINF[0m [2mvstreamer/copy.go:59[0m catchupAndCopy: before copyTable t2
[2m2026-09-26 16:33:25.267 UTC[0m [92mINF[0m [2mvstreamer/copy.go:216[0m Starting copyTable for t2, Filter: select * from t2, LastPK: []
[2m2026-09-26 16:33:25.268 UTC[0m [92mINF[0m [2mvstreamer/uvstreamer_flaky_test.go:215[0m Inserting row for fast forward to find, locking t2
[2m2026-09-26 16:33:25.268 UTC[0m [92mINF[0m [2mmysqlctl/query.go:107[0m exec insert into t1 (id11, id12) values (12, 120)
[2m2026-09-26 16:33:25.270 UTC[0m [92mINF[0m [2mvstreamer/uvstreamer_flaky_test.go:218[0m Position after second insert into t1: MySQL56/f31d99a9-b9c7-11f1-8aa7-02fc00000001:1-219
[2m2026-09-26 16:33:25.270 UTC[0m [92mINF[0m [2mvstreamer/uvstreamer_flaky_test.go:220[0m Inserted row for fast forward to find, unlocked tables
[2m2026-09-26 16:33:25.270 UTC[0m [92mINF[0m [2mvstreamer/engine.go:296[0m Streaming rows for query select * from t2, lastpk: []
[2m2026-09-26 16:33:25.278 UTC[0m [92mINF[0m [2mvstreamer/rowstreamer.go:368[0m Streaming rows for query: select /*+ MAX_EXECUTION_TIME(3600000) */ id21, id22 from t2 force index (`PRIMARY`) order by id21

[2m2026-09-26 16:33:25.280 UTC[0m [92mINF[0m [2mvstreamer/copy.go:335[0m starting fastForward from MySQL56/f31d99a9-b9c7-11f1-8aa7-02fc00000001:1-218 upto pos MySQL56/f31d99a9-b9c7-11f1-8aa7-02fc00000001:1-219
[2m2026-09-26 16:33:25.280 UTC[0m [92mINF[0m [2mvstreamer/vstreamer.go:258[0m Starting Stream() with startPos MySQL56/f31d99a9-b9c7-11f1-8aa7-02fc00000001:1-218
[2m2026-09-26 16:33:25.280 UTC[0m [92mINF[0m [2mbinlog/binlog_connection.go:118[0m new binlog connection: serverID=1980439035
[2m2026-09-26 16:33:25.280 UTC[0m [92mINF[0m [2mbinlog/binlog_connection.go:169[0m sending binlog dump command: startPos=f31d99a9-b9c7-11f1-8aa7-02fc00000001:1-218, serverID=1980439035
[2m2026-09-26 16:33:25.285 UTC[0m [92mINF[0m [2mvstreamer/uvstreamer_flaky_test.go:271[0m Got commit, lastRowSeen is false
[2m2026-09-26 16:33:25.285 UTC[0m [92mINF[0m [2mvstreamer/uvstreamer.go:350[0m Reached stop position f31d99a9-b9c7-11f1-8aa7-02fc00000001:1-219, returning io.EOF
[2m2026-09-26 16:33:25.285 UTC[0m [92mINF[0m [2mvstreamer/uvstreamer.go:356[0m uvstreamer catchup/fastforward returning with EOF error EOF
[2m2026-09-26 16:33:25.285 UTC[0m [92mINF[0m [2mvstreamer/vstreamer.go:1777[0m stream (at source tablet) ended @ (including the GTID we failed to process) f31d99a9-b9c7-11f1-8aa7-02fc00000001:1-219
[2m2026-09-26 16:33:25.285 UTC[0m [92mINF[0m [2mbinlog/binlog_connection.go:331[0m closing binlog socket to unblock reads
[2m2026-09-26 16:33:25.285 UTC[0m [92mINF[0m [2mbinlog/binlog_connection.go:339[0m waiting for binlog dump thread to end
[2m2026-09-26 16:33:25.285 UTC[0m [92mINF[0m [2mbinlog/binlog_connection.go:206[0m connection closed during binlog stream (possibly intentional): read unix @->/home/vt/v4btest/data/vttest1035440681/vt_0000000001/mysql.sock: use of closed network connection
io.ReadFull(header size) failed (errno 2013) (sqlstate HY000)
[2m2026-09-26 16:33:25.285 UTC[0m [92mINF[0m [2mbinlog/binlog_connection.go:345[0m closing binlog MySQL client with serverID 1980439035. Will recycle ID.
[2m2026-09-26 16:33:25.286 UTC[0m [92mINF[0m [2mvstreamer/uvstreamer_flaky_test.go:271[0m Got commit, lastRowSeen is false
[2m2026-09-26 16:33:25.286 UTC[0m [92mINF[0m [2mvstreamer/copy.go:323[0m Copy of t2 finished at lastpk: &{[name:"id21" type:INT32 charset:63 flags:53251] 0 0 false [[INT32(11)]]  0  []}
[2m2026-09-26 16:33:25.287 UTC[0m [92mINF[0m [2mmysqlctl/query.go:107[0m exec begin
[2m2026-09-26 16:33:25.287 UTC[0m [92mINF[0m [2mmysqlctl/query.go:107[0m exec insert into t1 (id11, id12) values (110, 1100)
[2m2026-09-26 16:33:25.287 UTC[0m [92mINF[0m [2mmysqlctl/query.go:107[0m exec commit
[2m2026-09-26 16:33:25.288 UTC[0m [92mINF[0m [2mvstreamer/uvstreamer_flaky_test.go:412[0m Position after insert into t1 and t2 after t2 complete: MySQL56/f31d99a9-b9c7-11f1-8aa7-02fc00000001:1-220
[2m2026-09-26 16:33:25.288 UTC[0m [92mINF[0m [2mvstreamer/uvstreamer_flaky_test.go:271[0m Got commit, lastRowSeen is false
[2m2026-09-26 16:33:25.288 UTC[0m [92mINF[0m [2mvstreamer/copy.go:51[0m catchupAndCopy for t3
[2m2026-09-26 16:33:25.288 UTC[0m [92mINF[0m [2mvstreamer/copy.go:66[0m starting catchup ...
[2m2026-09-26 16:33:25.288 UTC[0m [92mINF[0m [2mvstreamer/vstreamer.go:258[0m Starting Stream() with startPos MySQL56/f31d99a9-b9c7-11f1-8aa7-02fc00000001:1-219
[2m2026-09-26 16:33:25.289 UTC[0m [92mINF[0m [2mbinlog/binlog_connection.go:118[0m new binlog connection: serverID=1980439035
[2m2026-09-26 16:33:25.289 UTC[0m [92mINF[0m [2mbinlog/binlog_connection.go:169[0m sending binlog dump command: startPos=f31d99a9-b9c7-11f1-8aa7-02fc00000001:1-219, serverID=1980439035
[2m2026-09-26 16:33:25.293 UTC[0m [92mINF[0m [2mvstreamer/uvstreamer_flaky_test.go:271[0m Got commit, lastRowSeen is false
[2m2026-09-26 16:33:26.289 UTC[0m [92mINF[0m [2mvstreamer/copy.go:92[0m Canceling context because lag is 0:0
[2m2026-09-26 16:33:26.289 UTC[0m [92mINF[0m [2mvstreamer/vstreamer.go:1777[0m stream (at source tablet) ended @ (including the GTID we failed to process) f31d99a9-b9c7-11f1-8aa7-02fc00000001:1-220
[2m2026-09-26 16:33:26.289 UTC[0m [92mINF[0m [2mbinlog/binlog_connection.go:331[0m closing binlog socket to unblock reads
[2m2026-09-26 16:33:26.289 UTC[0m [92mINF[0m [2mbinlog/binlog_connection.go:206[0m connection closed during binlog stream (possibly intentional): read unix @->/home/vt/v4btest/data/vttest1035440681/vt_0000000001/mysql.sock: use of closed network connection
io.ReadFull(header size) failed (errno 2013) (sqlstate HY000)
[2m2026-09-26 16:33:26.289 UTC[0m [92mINF[0m [2mbinlog/binlog_connection.go:339[0m waiting for binlog dump thread to end
[2m2026-09-26 16:33:26.289 UTC[0m [92mINF[0m [2mbinlog/binlog_connection.go:345[0m closing binlog MySQL client with serverID 1980439035. Will recycle ID.
[2m2026-09-26 16:33:26.289 UTC[0m [92mINF[0m [2mvstreamer/copy.go:82[0m catchup vs.stream returned with vs.pos f31d99a9-b9c7-11f1-8aa7-02fc00000001:1-220
[2m2026-09-26 16:33:26.289 UTC[0m [92mINF[0m [2mvstreamer/copy.go:59[0m catchupAndCopy: before copyTable t3
[2m2026-09-26 16:33:26.289 UTC[0m [92mINF[0m [2mvstreamer/copy.go:216[0m Starting copyTable for t3, Filter: select * from t3, LastPK: [INT32(0)]
[2m2026-09-26 16:33:26.290 UTC[0m [92mINF[0m [2mvstreamer/uvstreamer_flaky_test.go:228[0m Inserting row for fast forward to find, locking t3
[2m2026-09-26 16:33:26.291 UTC[0m [92mINF[0m [2mmysqlctl/query.go:107[0m exec insert into t1 (id11, id12) values (13, 130)
[2m2026-09-26 16:33:26.291 UTC[0m [92mINF[0m [2mmysqlctl/query.go:107[0m exec insert into t2 (id21, id22) values (12, 240)
[2m2026-09-26 16:33:26.293 UTC[0m [92mINF[0m [2mvstreamer/uvstreamer_flaky_test.go:232[0m Position after third insert into t1: MySQL56/f31d99a9-b9c7-11f1-8aa7-02fc00000001:1-222
[2m2026-09-26 16:33:26.293 UTC[0m [92mINF[0m [2mvstreamer/uvstreamer_flaky_test.go:234[0m Inserted rows for fast forward to find, unlocked tables
[2m2026-09-26 16:33:26.293 UTC[0m [92mINF[0m [2mvstreamer/engine.go:296[0m Streaming rows for query select * from t3, lastpk: [INT32(0)]
[2m2026-09-26 16:33:26.299 UTC[0m [92mINF[0m [2mvstreamer/rowstreamer.go:368[0m Streaming rows for query: select /*+ MAX_EXECUTION_TIME(3600000) */ id31, id32 from t3 force index (`PRIMARY`) where (id31 > 0) order by id31

[2m2026-09-26 16:33:26.301 UTC[0m [92mINF[0m [2mvstreamer/copy.go:335[0m starting fastForward from MySQL56/f31d99a9-b9c7-11f1-8aa7-02fc00000001:1-220 upto pos MySQL56/f31d99a9-b9c7-11f1-8aa7-02fc00000001:1-222
[2m2026-09-26 16:33:26.301 UTC[0m [92mINF[0m [2mvstreamer/vstreamer.go:258[0m Starting Stream() with startPos MySQL56/f31d99a9-b9c7-11f1-8aa7-02fc00000001:1-220
[2m2026-09-26 16:33:26.302 UTC[0m [92mINF[0m [2mbinlog/binlog_connection.go:118[0m new binlog connection: serverID=1980439035
[2m2026-09-26 16:33:26.302 UTC[0m [92mINF[0m [2mbinlog/binlog_connection.go:169[0m sending binlog dump command: startPos=f31d99a9-b9c7-11f1-8aa7-02fc00000001:1-220, serverID=1980439035
[2m2026-09-26 16:33:26.306 UTC[0m [92mINF[0m [2mvstreamer/uvstreamer_flaky_test.go:271[0m Got commit, lastRowSeen is false
[2m2026-09-26 16:33:26.310 UTC[0m [92mINF[0m [2mvstreamer/uvstreamer_flaky_test.go:271[0m Got commit, lastRowSeen is false
[2m2026-09-26 16:33:26.310 UTC[0m [92mINF[0m [2mvstreamer/uvstreamer.go:350[0m Reached stop position f31d99a9-b9c7-11f1-8aa7-02fc00000001:1-222, returning io.EOF
[2m2026-09-26 16:33:26.310 UTC[0m [92mINF[0m [2mvstreamer/uvstreamer.go:356[0m uvstreamer catchup/fastforward returning with EOF error EOF
[2m2026-09-26 16:33:26.310 UTC[0m [92mINF[0m [2mvstreamer/vstreamer.go:1777[0m stream (at source tablet) ended @ (including the GTID we failed to process) f31d99a9-b9c7-11f1-8aa7-02fc00000001:1-222
[2m2026-09-26 16:33:26.310 UTC[0m [92mINF[0m [2mbinlog/binlog_connection.go:331[0m closing binlog socket to unblock reads
[2m2026-09-26 16:33:26.310 UTC[0m [92mINF[0m [2mbinlog/binlog_connection.go:339[0m waiting for binlog dump thread to end
[2m2026-09-26 16:33:26.310 UTC[0m [92mINF[0m [2mbinlog/binlog_connection.go:206[0m connection closed during binlog stream (possibly intentional): read unix @->/home/vt/v4btest/data/vttest1035440681/vt_0000000001/mysql.sock: use of closed network connection
io.ReadFull(header size) failed (errno 2013) (sqlstate HY000)
[2m2026-09-26 16:33:26.310 UTC[0m [92mINF[0m [2mbinlog/binlog_connection.go:345[0m closing binlog MySQL client with serverID 1980439035. Will recycle ID.
[2m2026-09-26 16:33:26.311 UTC[0m [92mINF[0m [2mvstreamer/uvstreamer_flaky_test.go:271[0m Got commit, lastRowSeen is false
[2m2026-09-26 16:33:26.311 UTC[0m [92mINF[0m [2mvstreamer/copy.go:323[0m Copy of t3 finished at lastpk: &{[name:"id31" type:INT32 charset:63 flags:53251] 0 0 false [[INT32(10)]]  0  []}
[2m2026-09-26 16:33:26.311 UTC[0m [92mINF[0m [2mvstreamer/uvstreamer_flaky_test.go:271[0m Got commit, lastRowSeen is false
[2m2026-09-26 16:33:26.311 UTC[0m [92mINF[0m [2mvstreamer/copy.go:45[0m No tables left to copy
[2m2026-09-26 16:33:26.311 UTC[0m [92mINF[0m [2mvstreamer/uvstreamer_flaky_test.go:238[0m Copy done, inserting events to stream
[2m2026-09-26 16:33:26.312 UTC[0m [92mINF[0m [2mmysqlctl/query.go:107[0m exec insert into t1 (id11, id12) values (14, 140)
[2m2026-09-26 16:33:26.312 UTC[0m [92mINF[0m [2mmysqlctl/query.go:107[0m exec insert into t2 (id21, id22) values (13, 260)
[2m2026-09-26 16:33:26.313 UTC[0m [92mINF[0m [2mmysqlctl/query.go:107[0m exec begin
[2m2026-09-26 16:33:26.313 UTC[0m [92mINF[0m [2mmysqlctl/query.go:107[0m exec insert into t3 (id31, id32) values (12, 360)
[2m2026-09-26 16:33:26.313 UTC[0m [92mINF[0m [2mmysqlctl/query.go:107[0m exec savepoint a
[2m2026-09-26 16:33:26.313 UTC[0m [92mINF[0m [2mmysqlctl/query.go:107[0m exec insert into t3 (id31, id32) values (13, 390)
[2m2026-09-26 16:33:26.313 UTC[0m [92mINF[0m [2mmysqlctl/query.go:107[0m exec rollback work to savepoint a
[2m2026-09-26 16:33:26.313 UTC[0m [92mINF[0m [2mmysqlctl/query.go:107[0m exec savepoint b
[2m2026-09-26 16:33:26.313 UTC[0m [92mINF[0m [2mmysqlctl/query.go:107[0m exec insert into t3 (id31, id32) values (13, 390)
[2m2026-09-26 16:33:26.313 UTC[0m [92mINF[0m [2mmysqlctl/query.go:107[0m exec release savepoint b
[2m2026-09-26 16:33:26.313 UTC[0m [92mINF[0m [2mmysqlctl/query.go:107[0m exec commit
[2m2026-09-26 16:33:26.314 UTC[0m [92mINF[0m [2mvstreamer/vstreamer.go:258[0m Starting Stream() with startPos MySQL56/f31d99a9-b9c7-11f1-8aa7-02fc00000001:1-222
[2m2026-09-26 16:33:26.314 UTC[0m [92mINF[0m [2mbinlog/binlog_connection.go:118[0m new binlog connection: serverID=1980439035
[2m2026-09-26 16:33:26.314 UTC[0m [92mINF[0m [2mbinlog/binlog_connection.go:169[0m sending binlog dump command: startPos=f31d99a9-b9c7-11f1-8aa7-02fc00000001:1-222, serverID=1980439035
[2m2026-09-26 16:33:26.318 UTC[0m [92mINF[0m [2mvstreamer/uvstreamer_flaky_test.go:271[0m Got commit, lastRowSeen is false
[2m2026-09-26 16:33:26.322 UTC[0m [92mINF[0m [2mvstreamer/uvstreamer_flaky_test.go:271[0m Got commit, lastRowSeen is false
[2m2026-09-26 16:33:26.326 UTC[0m [92mINF[0m [2mvstreamer/uvstreamer_flaky_test.go:266[0m Saw last row event
[2m2026-09-26 16:33:26.326 UTC[0m [92mINF[0m [2mvstreamer/uvstreamer_flaky_test.go:271[0m Got commit, lastRowSeen is true
[2m2026-09-26 16:33:26.326 UTC[0m [92mINF[0m [2mvstreamer/uvstreamer_flaky_test.go:273[0m Found last row event, canceling context
[2m2026-09-26 16:33:26.326 UTC[0m [92mINF[0m [2mvstreamer/vstreamer.go:1777[0m stream (at source tablet) ended @ (including the GTID we failed to process) f31d99a9-b9c7-11f1-8aa7-02fc00000001:1-225
[2m2026-09-26 16:33:26.326 UTC[0m [92mINF[0m [2mbinlog/binlog_connection.go:331[0m closing binlog socket to unblock reads
[2m2026-09-26 16:33:26.326 UTC[0m [92mINF[0m [2mbinlog/binlog_connection.go:206[0m connection closed during binlog stream (possibly intentional): read unix @->/home/vt/v4btest/data/vttest1035440681/vt_0000000001/mysql.sock: use of closed network connection
io.ReadFull(header size) failed (errno 2013) (sqlstate HY000)
[2m2026-09-26 16:33:26.326 UTC[0m [92mINF[0m [2mbinlog/binlog_connection.go:339[0m waiting for binlog dump thread to end
[2m2026-09-26 16:33:26.326 UTC[0m [92mINF[0m [2mbinlog/binlog_connection.go:345[0m closing binlog MySQL client with serverID 1980439035. Will recycle ID.
[2m2026-09-26 16:33:26.326 UTC[0m [92mINF[0m [2mvstreamer/uvstreamer_flaky_test.go:285[0m Received context.Done, ending test
[2m2026-09-26 16:33:26.326 UTC[0m [92mINF[0m [2mvstreamer/uvstreamer_flaky_test.go:293[0m Successfully received 98 events
[2m2026-09-26 16:33:26.328 UTC[0m [92mINF[0m [2mmysqlctl/query.go:107[0m exec drop table t1
[2m2026-09-26 16:33:26.331 UTC[0m [92mINF[0m [2mmysqlctl/query.go:107[0m exec drop table t2
[2m2026-09-26 16:33:26.334 UTC[0m [92mINF[0m [2mmysqlctl/query.go:107[0m exec drop table t3
--- PASS: TestVStreamCopyCompleteFlow (2.10s)
=== RUN   TestNoBlob
[2m2026-09-26 16:33:26.336 UTC[0m [92mINF[0m [2msyslogger/syslogger.go:133[0m vttest [keyspace] created value: 
[2m2026-09-26 16:33:26.336 UTC[0m [92mINF[0m [2mtopo/locks.go:167[0m Locking keyspace vttest for action CreateShard with options: {lockType:0 ttl:0}
[2m2026-09-26 16:33:26.336 UTC[0m [92mINF[0m [2msyslogger/syslogger.go:133[0m vttest/0 [shard] created value: is_primary_serving:true
[2m2026-09-26 16:33:26.336 UTC[0m [92mINF[0m [2mtopo/locks.go:219[0m Unlocking keyspace vttest for successful action CreateShard
[2m2026-09-26 16:33:26.336 UTC[0m [92mINF[0m [2mvttest/local_cluster.go:342[0m No environment in cluster settings. Creating default...
[2m2026-09-26 16:33:26.337 UTC[0m [92mINF[0m [2mvttest/local_cluster.go:349[0m LocalCluster environment: &{BasePort:23481 TmpPath:/home/vt/v4btest/data/vttest182036615 DefaultMyCnf:[/home/vt/config/mycnf/test-suite.cnf] InitDBFile:/home/vt/config/init_db.sql Env:[VTDATAROOT=/home/vt/v4btest/data/vttest182036615 VTTEST=endtoend]}
[2m2026-09-26 16:33:26.337 UTC[0m [92mINF[0m [2mvttest/local_cluster.go:369[0m Initializing MySQL Manager (*vttest.Mysqlctl)...
[2m2026-09-26 16:33:30.993 UTC[0m [92mINF[0m [2mvttest/local_cluster.go:554[0m Creating databases in cluster...
[2m2026-09-26 16:33:30.993 UTC[0m [92mINF[0m [2msidecardb/sidecardb.go:233[0m Starting sidecardb.Init()
[2m2026-09-26 16:33:30.994 UTC[0m [92mINF[0m [2mvttest/local_cluster.go:609[0m ExecuteFetch(): "select 'true' as 'dbexists' from information_schema.SCHEMATA where SCHEMA_NAME = '_vt'"
[2m2026-09-26 16:33:30.996 UTC[0m [92mINF[0m [2msidecardb/sidecardb.go:321[0m doesSidecarDBExist: _vt not found
[2m2026-09-26 16:33:30.996 UTC[0m [92mINF[0m [2mvttest/local_cluster.go:609[0m ExecuteFetch(): "create database if not exists _vt"
[2m2026-09-26 16:33:30.998 UTC[0m [92mINF[0m [2msidecardb/sidecardb.go:338[0m createSidecarDB: _vt
[2m2026-09-26 16:33:30.998 UTC[0m [92mINF[0m [2mvttest/local_cluster.go:609[0m ExecuteFetch(): "use _vt"
[2m2026-09-26 16:33:30.999 UTC[0m [92mINF[0m [2mvttest/local_cluster.go:609[0m ExecuteFetch(): "select @@session.sql_mode as sql_mode"
[2m2026-09-26 16:33:31.000 UTC[0m [92mINF[0m [2mvttest/local_cluster.go:609[0m ExecuteFetch(): "set @@session.sql_mode=''"
[2m2026-09-26 16:33:31.001 UTC[0m [92mINF[0m [2mvttest/local_cluster.go:609[0m ExecuteFetch(): "select @@global.collation_server"
[2m2026-09-26 16:33:31.002 UTC[0m [92mINF[0m [2mvttest/local_cluster.go:609[0m ExecuteFetch(): "show create table _vt.heartbeat"
[2m2026-09-26 16:33:31.003 UTC[0m [92mINF[0m [2mvttest/local_cluster.go:609[0m ExecuteFetch(): "select @@version"
[2m2026-09-26 16:33:31.005 UTC[0m [92mINF[0m [2msidecardb/sidecardb.go:469[0m Applying DDL for table heartbeat:
CREATE TABLE IF NOT EXISTS `_vt`.`heartbeat` (
	`keyspaceShard` varbinary(256) NOT NULL,
	`tabletUid` int unsigned NOT NULL,
	`ts` bigint unsigned NOT NULL,
	PRIMARY KEY (`keyspaceShard`)
) ENGINE InnoDB,
  CHARSET utf8mb4
[2m2026-09-26 16:33:31.005 UTC[0m [92mINF[0m [2mvttest/local_cluster.go:588[0m Execute(): "use _vt"
[2m2026-09-26 16:33:31.006 UTC[0m [92mINF[0m [2mvttest/local_cluster.go:609[0m ExecuteFetch(): "CREATE TABLE IF NOT EXISTS `_vt`.`heartbeat` (
	`keyspaceShard` varbinary(256) NOT NULL,
	`tabletUid` int unsigned NOT NULL,
	`ts` bigint unsigned NOT NULL,
	PRIMARY KEY (`keyspaceShard`)
) ENGINE InnoDB,
  CHARSET utf8mb4"
[2m2026-09-26 16:33:31.024 UTC[0m [92mINF[0m [2msidecardb/sidecardb.go:516[0m Applied DDL CREATE TABLE IF NOT EXISTS `_vt`.`heartbeat` (
	`keyspaceShard` varbinary(256) NOT NULL,
	`tabletUid` int unsigned NOT NULL,
	`ts` bigint unsigned NOT NULL,
	PRIMARY KEY (`keyspaceShard`)
) ENGINE InnoDB,
  CHARSET utf8mb4 for table _vt.heartbeat (misc) during sidecar database initialization
[2m2026-09-26 16:33:31.024 UTC[0m [92mINF[0m [2mvttest/local_cluster.go:609[0m ExecuteFetch(): "show create table _vt.reparent_journal"
[2m2026-09-26 16:33:31.025 UTC[0m [92mINF[0m [2msidecardb/sidecardb.go:469[0m Applying DDL for table reparent_journal:
CREATE TABLE IF NOT EXISTS `_vt`.`reparent_journal` (
	`time_created_ns` bigint unsigned NOT NULL,
	`action_name` varbinary(255) NOT NULL,
	`primary_alias` varbinary(255) NOT NULL,
	`replication_position` varbinary(64000),
	PRIMARY KEY (`time_created_ns`)
) ENGINE InnoDB,
  CHARSET utf8mb4
[2m2026-09-26 16:33:31.025 UTC[0m [92mINF[0m [2mvttest/local_cluster.go:588[0m Execute(): "use _vt"
[2m2026-09-26 16:33:31.026 UTC[0m [92mINF[0m [2mvttest/local_cluster.go:609[0m ExecuteFetch(): "CREATE TABLE IF NOT EXISTS `_vt`.`reparent_journal` (
	`time_created_ns` bigint unsigned NOT NULL,
	`action_name` varbinary(255) NOT NULL,
	`primary_alias` varbinary(255) NOT NULL,
	`replication_position` varbinary(64000),
	PRIMARY KEY (`time_created_ns`)
) ENGINE InnoDB,
  CHARSET utf8mb4"
[2m2026-09-26 16:33:31.033 UTC[0m [92mINF[0m [2msidecardb/sidecardb.go:516[0m Applied DDL CREATE TABLE IF NOT EXISTS `_vt`.`reparent_journal` (
	`time_created_ns` bigint unsigned NOT NULL,
	`action_name` varbinary(255) NOT NULL,
	`primary_alias` varbinary(255) NOT NULL,
	`replication_position` varbinary(64000),
	PRIMARY KEY (`time_created_ns`)
) ENGINE InnoDB,
  CHARSET utf8mb4 for table _vt.reparent_journal (misc) during sidecar database initialization
[2m2026-09-26 16:33:31.034 UTC[0m [92mINF[0m [2mvttest/local_cluster.go:609[0m ExecuteFetch(): "show create table _vt.semisync_heartbeat"
[2m2026-09-26 16:33:31.034 UTC[0m [92mINF[0m [2msidecardb/sidecardb.go:469[0m Applying DDL for table semisync_heartbeat:
CREATE TABLE IF NOT EXISTS `_vt`.`semisync_heartbeat` (
	`ts` bigint unsigned NOT NULL,
	PRIMARY KEY (`ts`)
) ENGINE InnoDB,
  CHARSET utf8mb4
[2m2026-09-26 16:33:31.035 UTC[0m [92mINF[0m [2mvttest/local_cluster.go:588[0m Execute(): "use _vt"
[2m2026-09-26 16:33:31.036 UTC[0m [92mINF[0m [2mvttest/local_cluster.go:609[0m ExecuteFetch(): "CREATE TABLE IF NOT EXISTS `_vt`.`semisync_heartbeat` (
	`ts` bigint unsigned NOT NULL,
	PRIMARY KEY (`ts`)
) ENGINE InnoDB,
  CHARSET utf8mb4"
[2m2026-09-26 16:33:31.041 UTC[0m [92mINF[0m [2msidecardb/sidecardb.go:516[0m Applied DDL CREATE TABLE IF NOT EXISTS `_vt`.`semisync_heartbeat` (
	`ts` bigint unsigned NOT NULL,
	PRIMARY KEY (`ts`)
) ENGINE InnoDB,
  CHARSET utf8mb4 for table _vt.semisync_heartbeat (misc) during sidecar database initialization
[2m2026-09-26 16:33:31.041 UTC[0m [92mINF[0m [2mvttest/local_cluster.go:609[0m ExecuteFetch(): "show create table _vt.schema_migrations"
[2m2026-09-26 16:33:31.042 UTC[0m [92mINF[0m [2msidecardb/sidecardb.go:469[0m Applying DDL for table schema_migrations:
CREATE TABLE IF NOT EXISTS `_vt`.`schema_migrations` (
	`id` bigint unsigned NOT NULL AUTO_INCREMENT,
	`migration_uuid` varchar(64) NOT NULL,
	`keyspace` varchar(256) NOT NULL,
	`shard` varchar(255) NOT NULL,
	`mysql_schema` varchar(128) NOT NULL,
	`mysql_table` varchar(128) NOT NULL,
	`migration_statement` text NOT NULL,
	`strategy` varchar(128) NOT NULL,
	`options` varchar(8192) NOT NULL,
	`added_timestamp` timestamp NOT NULL DEFAULT current_timestamp(),
	`requested_timestamp` timestamp NOT NULL DEFAULT current_timestamp(),
	`ready_timestamp` timestamp NULL,
	`started_timestamp` timestamp NULL,
	`liveness_timestamp` timestamp NULL,
	`completed_timestamp` timestamp(6) NULL,
	`cleanup_timestamp` timestamp NULL,
	`migration_status` varchar(128) NOT NULL,
	`log_path` varchar(1024) NOT NULL,
	`artifacts` text NOT NULL,
	`retries` int unsigned NOT NULL DEFAULT '0',
	`tablet` varchar(128) NOT NULL DEFAULT '',
	`tablet_failure` tinyint unsigned NOT NULL DEFAULT '0',
	`progress` float NOT NULL DEFAULT '0',
	`migration_context` varchar(1024) NOT NULL DEFAULT '',
	`ddl_action` varchar(16) NOT NULL DEFAULT '',
	`message` text NOT NULL,
	`message_timestamp` timestamp(6) NULL,
	`eta_seconds` bigint NOT NULL DEFAULT '-1',
	`rows_copied` bigint unsigned NOT NULL DEFAULT '0',
	`vreplication_lag_seconds` bigint unsigned NOT NULL DEFAULT '0',
	`table_rows` bigint NOT NULL DEFAULT '0',
	`added_unique_keys` int unsigned NOT NULL DEFAULT '0',
	`removed_unique_keys` int unsigned NOT NULL DEFAULT '0',
	`log_file` varchar(1024) NOT NULL DEFAULT '',
	`retain_artifacts_seconds` bigint NOT NULL DEFAULT '0',
	`postpone_completion` tinyint unsigned NOT NULL DEFAULT '0',
	`removed_unique_key_names` text NOT NULL,
	`dropped_no_default_column_names` text NOT NULL,
	`expanded_column_names` text NOT NULL,
	`revertible_notes` text NOT NULL,
	`allow_concurrent` tinyint unsigned NOT NULL DEFAULT '0',
	`reverted_uuid` varchar(64) NOT NULL DEFAULT '',
	`is_view` tinyint unsigned NOT NULL DEFAULT '0',
	`ready_to_complete` tinyint unsigned NOT NULL DEFAULT '0',
	`vitess_liveness_indicator` bigint NOT NULL DEFAULT '0',
	`user_throttle_ratio` float NOT NULL DEFAULT '0',
	`special_plan` text NOT NULL,
	`last_throttled_timestamp` timestamp NULL,
	`component_throttled` tinytext NOT NULL,
	`reason_throttled` text NOT NULL,
	`cancelled_timestamp` timestamp NULL,
	`postpone_launch` tinyint unsigned NOT NULL DEFAULT '0',
	`stage` text NOT NULL,
	`cutover_attempts` int unsigned NOT NULL DEFAULT '0',
	`is_immediate_operation` tinyint unsigned NOT NULL DEFAULT '0',
	`reviewed_timestamp` timestamp NULL,
	`ready_to_complete_timestamp` timestamp NULL,
	`shadow_analyzed_timestamp` timestamp NULL,
	`removed_foreign_key_names` text NOT NULL,
	`last_cutover_attempt_timestamp` timestamp NULL,
	`force_cutover` tinyint unsigned NOT NULL DEFAULT '0',
	`cutover_threshold_seconds` int unsigned NOT NULL DEFAULT '0',
	`in_order_completion_pending_count` int unsigned NOT NULL DEFAULT '0',
	PRIMARY KEY (`id`),
	UNIQUE KEY `uuid_idx` (`migration_uuid`),
	KEY `keyspace_shard_idx` (`keyspace`(64), `shard`(64)),
	KEY `status_idx` (`migration_status`, `liveness_timestamp`),
	KEY `cleanup_status_idx` (`cleanup_timestamp`, `migration_status`),
	KEY `tablet_failure_idx` (`tablet_failure`, `migration_status`, `retries`),
	KEY `table_complete_idx` (`migration_status`, `keyspace`(64), `mysql_table`(64), `completed_timestamp`),
	KEY `migration_context_idx` (`migration_context`(64)),
	KEY `reverted_uuid_idx` (`reverted_uuid`)
) ENGINE InnoDB,
  CHARSET utf8mb4
[2m2026-09-26 16:33:31.042 UTC[0m [92mINF[0m [2mvttest/local_cluster.go:588[0m Execute(): "use _vt"
[2m2026-09-26 16:33:31.042 UTC[0m [92mINF[0m [2mvttest/local_cluster.go:609[0m ExecuteFetch(): "CREATE TABLE IF NOT EXISTS `_vt`.`schema_migrations` (
	`id` bigint unsigned NOT NULL AUTO_INCREMENT,
	`migration_uuid` varchar(64) NOT NULL,
	`keyspace` varchar(256) NOT NULL,
	`shard` varchar(255) NOT NULL,
	`mysql_schema` varchar(128) NOT NULL,
	`mysql_table` varchar(128) NOT NULL,
	`migration_statement` text NOT NULL,
	`strategy` varchar(128) NOT NULL,
	`options` varchar(8192) NOT NULL,
	`added_timestamp` timestamp NOT NULL DEFAULT current_timestamp(),
	`requested_timestamp` timestamp NOT NULL DEFAULT current_timestamp(),
	`ready_timestamp` timestamp NULL,
	`started_timestamp` timestamp NULL,
	`liveness_timestamp` timestamp NULL,
	`completed_timestamp` timestamp(6) NULL,
	`cleanup_timestamp` timestamp NULL,
	`migration_status` varchar(128) NOT NULL,
	`log_path` varchar(1024) NOT NULL,
	`artifacts` text NOT NULL,
	`retries` int unsigned NOT NULL DEFAULT '0',
	`tablet` varchar(128) NOT NULL DEFAULT '',
	`tablet_failure` tinyint unsigned NOT NULL DEFAULT '0',
	`progress` float NOT NULL DEFAULT '0',
	`migration_context` varchar(1024) NOT NULL DEFAULT '',
	`ddl_action` varchar(16) NOT NULL DEFAULT '',
	`message` text NOT NULL,
	`message_timestamp` timestamp(6) NULL,
	`eta_seconds` bigint NOT NULL DEFAULT '-1',
	`rows_copied` bigint unsigned NOT NULL DEFAULT '0',
	`vreplication_lag_seconds` bigint unsigned NOT NULL DEFAULT '0',
	`table_rows` bigint NOT NULL DEFAULT '0',
	`added_unique_keys` int unsigned NOT NULL DEFAULT '0',
	`removed_unique_keys` int unsigned NOT NULL DEFAULT '0',
	`log_file` varchar(1024) NOT NULL DEFAULT '',
	`retain_artifacts_seconds` bigint NOT NULL DEFAULT '0',
	`postpone_completion` tinyint unsigned NOT NULL DEFAULT '0',
	`removed_unique_key_names` text NOT NULL,
	`dropped_no_default_column_names` text NOT NULL,
	`expanded_column_names` text NOT NULL,
	`revertible_notes` text NOT NULL,
	`allow_concurrent` tinyint unsigned NOT NULL DEFAULT '0',
	`reverted_uuid` varchar(64) NOT NULL DEFAULT '',
	`is_view` tinyint unsigned NOT NULL DEFAULT '0',
	`ready_to_complete` tinyint unsigned NOT NULL DEFAULT '0',
	`vitess_liveness_indicator` bigint NOT NULL DEFAULT '0',
	`user_throttle_ratio` float NOT NULL DEFAULT '0',
	`special_plan` text NOT NULL,
	`last_throttled_timestamp` timestamp NULL,
	`component_throttled` tinytext NOT NULL,
	`reason_throttled` text NOT NULL,
	`cancelled_timestamp` timestamp NULL,
	`postpone_launch` tinyint unsigned NOT NULL DEFAULT '0',
	`stage` text NOT NULL,
	`cutover_attempts` int unsigned NOT NULL DEFAULT '0',
	`is_immediate_operation` tinyint unsigned NOT NULL DEFAULT '0',
	`reviewed_timestamp` timestamp NULL,
	`ready_to_complete_timestamp` timestamp NULL,
	`shadow_analyzed_timestamp` timestamp NULL,
	`removed_foreign_key_names` text NOT NULL,
	`last_cutover_attempt_timestamp` timestamp NULL,
	`force_cutover` tinyint unsigned NOT NULL DEFAULT '0',
	`cutover_threshold_seconds` int unsigned NOT NULL DEFAULT '0',
	`in_order_completion_pending_count` int unsigned NOT NULL DEFAULT '0',
	PRIMARY KEY (`id`),
	UNIQUE KEY `uuid_idx` (`migration_uuid`),
	KEY `keyspace_shard_idx` (`keyspace`(64), `shard`(64)),
	KEY `status_idx` (`migration_status`, `liveness_timestamp`),
	KEY `cleanup_status_idx` (`cleanup_timestamp`, `migration_status`),
	KEY `tablet_failure_idx` (`tablet_failure`, `migration_status`, `retries`),
	KEY `table_complete_idx` (`migration_status`, `keyspace`(64), `mysql_table`(64), `completed_timestamp`),
	KEY `migration_context_idx` (`migration_context`(64)),
	KEY `reverted_uuid_idx` (`reverted_uuid`)
) ENGINE InnoDB,
  CHARSET utf8mb4"
[2m2026-09-26 16:33:31.058 UTC[0m [92mINF[0m [2msidecardb/sidecardb.go:516[0m Applied DDL CREATE TABLE IF NOT EXISTS `_vt`.`schema_migrations` (
	`id` bigint unsigned NOT NULL AUTO_INCREMENT,
	`migration_uuid` varchar(64) NOT NULL,
	`keyspace` varchar(256) NOT NULL,
	`shard` varchar(255) NOT NULL,
	`mysql_schema` varchar(128) NOT NULL,
	`mysql_table` varchar(128) NOT NULL,
	`migration_statement` text NOT NULL,
	`strategy` varchar(128) NOT NULL,
	`options` varchar(8192) NOT NULL,
	`added_timestamp` timestamp NOT NULL DEFAULT current_timestamp(),
	`requested_timestamp` timestamp NOT NULL DEFAULT current_timestamp(),
	`ready_timestamp` timestamp NULL,
	`started_timestamp` timestamp NULL,
	`liveness_timestamp` timestamp NULL,
	`completed_timestamp` timestamp(6) NULL,
	`cleanup_timestamp` timestamp NULL,
	`migration_status` varchar(128) NOT NULL,
	`log_path` varchar(1024) NOT NULL,
	`artifacts` text NOT NULL,
	`retries` int unsigned NOT NULL DEFAULT '0',
	`tablet` varchar(128) NOT NULL DEFAULT '',
	`tablet_failure` tinyint unsigned NOT NULL DEFAULT '0',
	`progress` float NOT NULL DEFAULT '0',
	`migration_context` varchar(1024) NOT NULL DEFAULT '',
	`ddl_action` varchar(16) NOT NULL DEFAULT '',
	`message` text NOT NULL,
	`message_timestamp` timestamp(6) NULL,
	`eta_seconds` bigint NOT NULL DEFAULT '-1',
	`rows_copied` bigint unsigned NOT NULL DEFAULT '0',
	`vreplication_lag_seconds` bigint unsigned NOT NULL DEFAULT '0',
	`table_rows` bigint NOT NULL DEFAULT '0',
	`added_unique_keys` int unsigned NOT NULL DEFAULT '0',
	`removed_unique_keys` int unsigned NOT NULL DEFAULT '0',
	`log_file` varchar(1024) NOT NULL DEFAULT '',
	`retain_artifacts_seconds` bigint NOT NULL DEFAULT '0',
	`postpone_completion` tinyint unsigned NOT NULL DEFAULT '0',
	`removed_unique_key_names` text NOT NULL,
	`dropped_no_default_column_names` text NOT NULL,
	`expanded_column_names` text NOT NULL,
	`revertible_notes` text NOT NULL,
	`allow_concurrent` tinyint unsigned NOT NULL DEFAULT '0',
	`reverted_uuid` varchar(64) NOT NULL DEFAULT '',
	`is_view` tinyint unsigned NOT NULL DEFAULT '0',
	`ready_to_complete` tinyint unsigned NOT NULL DEFAULT '0',
	`vitess_liveness_indicator` bigint NOT NULL DEFAULT '0',
	`user_throttle_ratio` float NOT NULL DEFAULT '0',
	`special_plan` text NOT NULL,
	`last_throttled_timestamp` timestamp NULL,
	`component_throttled` tinytext NOT NULL,
	`reason_throttled` text NOT NULL,
	`cancelled_timestamp` timestamp NULL,
	`postpone_launch` tinyint unsigned NOT NULL DEFAULT '0',
	`stage` text NOT NULL,
	`cutover_attempts` int unsigned NOT NULL DEFAULT '0',
	`is_immediate_operation` tinyint unsigned NOT NULL DEFAULT '0',
	`reviewed_timestamp` timestamp NULL,
	`ready_to_complete_timestamp` timestamp NULL,
	`shadow_analyzed_timestamp` timestamp NULL,
	`removed_foreign_key_names` text NOT NULL,
	`last_cutover_attempt_timestamp` timestamp NULL,
	`force_cutover` tinyint unsigned NOT NULL DEFAULT '0',
	`cutover_threshold_seconds` int unsigned NOT NULL DEFAULT '0',
	`in_order_completion_pending_count` int unsigned NOT NULL DEFAULT '0',
	PRIMARY KEY (`id`),
	UNIQUE KEY `uuid_idx` (`migration_uuid`),
	KEY `keyspace_shard_idx` (`keyspace`(64), `shard`(64)),
	KEY `status_idx` (`migration_status`, `liveness_timestamp`),
	KEY `cleanup_status_idx` (`cleanup_timestamp`, `migration_status`),
	KEY `tablet_failure_idx` (`tablet_failure`, `migration_status`, `retries`),
	KEY `table_complete_idx` (`migration_status`, `keyspace`(64), `mysql_table`(64), `completed_timestamp`),
	KEY `migration_context_idx` (`migration_context`(64)),
	KEY `reverted_uuid_idx` (`reverted_uuid`)
) ENGINE InnoDB,
  CHARSET utf8mb4 for table _vt.schema_migrations (onlineddl) during sidecar database initialization
[2m2026-09-26 16:33:31.059 UTC[0m [92mINF[0m [2mvttest/local_cluster.go:609[0m ExecuteFetch(): "show create table _vt.`tables`"
[2m2026-09-26 16:33:31.060 UTC[0m [92mINF[0m [2msidecardb/sidecardb.go:469[0m Applying DDL for table tables:
CREATE TABLE IF NOT EXISTS `_vt`.`tables` (
	`TABLE_SCHEMA` varchar(64) CHARACTER SET utf8mb3 COLLATE utf8mb3_bin NOT NULL,
	`TABLE_NAME` varchar(64) CHARACTER SET utf8mb3 COLLATE utf8mb3_bin NOT NULL,
	`CREATE_STATEMENT` longtext,
	`CREATE_TIME` bigint,
	PRIMARY KEY (`TABLE_SCHEMA`, `TABLE_NAME`)
) ENGINE InnoDB,
  CHARSET utf8mb4
[2m2026-09-26 16:33:31.060 UTC[0m [92mINF[0m [2mvttest/local_cluster.go:588[0m Execute(): "use _vt"
[2m2026-09-26 16:33:31.061 UTC[0m [92mINF[0m [2mvttest/local_cluster.go:609[0m ExecuteFetch(): "CREATE TABLE IF NOT EXISTS `_vt`.`tables` (
	`TABLE_SCHEMA` varchar(64) CHARACTER SET utf8mb3 COLLATE utf8mb3_bin NOT NULL,
	`TABLE_NAME` varchar(64) CHARACTER SET utf8mb3 COLLATE utf8mb3_bin NOT NULL,
	`CREATE_STATEMENT` longtext,
	`CREATE_TIME` bigint,
	PRIMARY KEY (`TABLE_SCHEMA`, `TABLE_NAME`)
) ENGINE InnoDB,
  CHARSET utf8mb4"
[2m2026-09-26 16:33:31.066 UTC[0m [92mINF[0m [2msidecardb/sidecardb.go:516[0m Applied DDL CREATE TABLE IF NOT EXISTS `_vt`.`tables` (
	`TABLE_SCHEMA` varchar(64) CHARACTER SET utf8mb3 COLLATE utf8mb3_bin NOT NULL,
	`TABLE_NAME` varchar(64) CHARACTER SET utf8mb3 COLLATE utf8mb3_bin NOT NULL,
	`CREATE_STATEMENT` longtext,
	`CREATE_TIME` bigint,
	PRIMARY KEY (`TABLE_SCHEMA`, `TABLE_NAME`)
) ENGINE InnoDB,
  CHARSET utf8mb4 for table _vt.`tables` (schemaengine) during sidecar database initialization
[2m2026-09-26 16:33:31.067 UTC[0m [92mINF[0m [2mvttest/local_cluster.go:609[0m ExecuteFetch(): "show create table _vt.udfs"
[2m2026-09-26 16:33:31.067 UTC[0m [92mINF[0m [2msidecardb/sidecardb.go:469[0m Applying DDL for table udfs:
CREATE TABLE IF NOT EXISTS `_vt`.`udfs` (
	`FUNCTION_NAME` varchar(128) CHARACTER SET utf8mb3 COLLATE utf8mb3_bin NOT NULL,
	`FUNCTION_RETURN_TYPE` varchar(20) CHARACTER SET utf8mb3 COLLATE utf8mb3_bin NOT NULL,
	`FUNCTION_TYPE` varchar(20) CHARACTER SET utf8mb3 COLLATE utf8mb3_bin NOT NULL,
	PRIMARY KEY (`FUNCTION_NAME`)
) ENGINE InnoDB,
  CHARSET utf8mb4
[2m2026-09-26 16:33:31.068 UTC[0m [92mINF[0m [2mvttest/local_cluster.go:588[0m Execute(): "use _vt"
[2m2026-09-26 16:33:31.068 UTC[0m [92mINF[0m [2mvttest/local_cluster.go:609[0m ExecuteFetch(): "CREATE TABLE IF NOT EXISTS `_vt`.`udfs` (
	`FUNCTION_NAME` varchar(128) CHARACTER SET utf8mb3 COLLATE utf8mb3_bin NOT NULL,
	`FUNCTION_RETURN_TYPE` varchar(20) CHARACTER SET utf8mb3 COLLATE utf8mb3_bin NOT NULL,
	`FUNCTION_TYPE` varchar(20) CHARACTER SET utf8mb3 COLLATE utf8mb3_bin NOT NULL,
	PRIMARY KEY (`FUNCTION_NAME`)
) ENGINE InnoDB,
  CHARSET utf8mb4"
[2m2026-09-26 16:33:31.074 UTC[0m [92mINF[0m [2msidecardb/sidecardb.go:516[0m Applied DDL CREATE TABLE IF NOT EXISTS `_vt`.`udfs` (
	`FUNCTION_NAME` varchar(128) CHARACTER SET utf8mb3 COLLATE utf8mb3_bin NOT NULL,
	`FUNCTION_RETURN_TYPE` varchar(20) CHARACTER SET utf8mb3 COLLATE utf8mb3_bin NOT NULL,
	`FUNCTION_TYPE` varchar(20) CHARACTER SET utf8mb3 COLLATE utf8mb3_bin NOT NULL,
	PRIMARY KEY (`FUNCTION_NAME`)
) ENGINE InnoDB,
  CHARSET utf8mb4 for table _vt.udfs (schemaengine) during sidecar database initialization
[2m2026-09-26 16:33:31.074 UTC[0m [92mINF[0m [2mvttest/local_cluster.go:609[0m ExecuteFetch(): "show create table _vt.views"
[2m2026-09-26 16:33:31.074 UTC[0m [92mINF[0m [2msidecardb/sidecardb.go:469[0m Applying DDL for table views:
CREATE TABLE IF NOT EXISTS `_vt`.`views` (
	`TABLE_SCHEMA` varchar(64) CHARACTER SET utf8mb3 COLLATE utf8mb3_bin NOT NULL,
	`TABLE_NAME` varchar(64) CHARACTER SET utf8mb3 COLLATE utf8mb3_bin NOT NULL,
	`CREATE_STATEMENT` longtext,
	`VIEW_DEFINITION` longtext NOT NULL,
	PRIMARY KEY (`TABLE_SCHEMA`, `TABLE_NAME`)
) ENGINE InnoDB,
  CHARSET utf8mb4
[2m2026-09-26 16:33:31.075 UTC[0m [92mINF[0m [2mvttest/local_cluster.go:588[0m Execute(): "use _vt"
[2m2026-09-26 16:33:31.075 UTC[0m [92mINF[0m [2mvttest/local_cluster.go:609[0m ExecuteFetch(): "CREATE TABLE IF NOT EXISTS `_vt`.`views` (
	`TABLE_SCHEMA` varchar(64) CHARACTER SET utf8mb3 COLLATE utf8mb3_bin NOT NULL,
	`TABLE_NAME` varchar(64) CHARACTER SET utf8mb3 COLLATE utf8mb3_bin NOT NULL,
	`CREATE_STATEMENT` longtext,
	`VIEW_DEFINITION` longtext NOT NULL,
	PRIMARY KEY (`TABLE_SCHEMA`, `TABLE_NAME`)
) ENGINE InnoDB,
  CHARSET utf8mb4"
[2m2026-09-26 16:33:31.081 UTC[0m [92mINF[0m [2msidecardb/sidecardb.go:516[0m Applied DDL CREATE TABLE IF NOT EXISTS `_vt`.`views` (
	`TABLE_SCHEMA` varchar(64) CHARACTER SET utf8mb3 COLLATE utf8mb3_bin NOT NULL,
	`TABLE_NAME` varchar(64) CHARACTER SET utf8mb3 COLLATE utf8mb3_bin NOT NULL,
	`CREATE_STATEMENT` longtext,
	`VIEW_DEFINITION` longtext NOT NULL,
	PRIMARY KEY (`TABLE_SCHEMA`, `TABLE_NAME`)
) ENGINE InnoDB,
  CHARSET utf8mb4 for table _vt.views (schemaengine) during sidecar database initialization
[2m2026-09-26 16:33:31.081 UTC[0m [92mINF[0m [2mvttest/local_cluster.go:609[0m ExecuteFetch(): "show create table _vt.dt_participant"
[2m2026-09-26 16:33:31.082 UTC[0m [92mINF[0m [2msidecardb/sidecardb.go:469[0m Applying DDL for table dt_participant:
CREATE TABLE IF NOT EXISTS `_vt`.`dt_participant` (
	`dtid` varbinary(512) NOT NULL,
	`id` bigint NOT NULL,
	`keyspace` varchar(256) NOT NULL,
	`shard` varchar(256) NOT NULL,
	PRIMARY KEY (`dtid`, `id`)
) ENGINE InnoDB,
  CHARSET utf8mb4
[2m2026-09-26 16:33:31.082 UTC[0m [92mINF[0m [2mvttest/local_cluster.go:588[0m Execute(): "use _vt"
[2m2026-09-26 16:33:31.083 UTC[0m [92mINF[0m [2mvttest/local_cluster.go:609[0m ExecuteFetch(): "CREATE TABLE IF NOT EXISTS `_vt`.`dt_participant` (
	`dtid` varbinary(512) NOT NULL,
	`id` bigint NOT NULL,
	`keyspace` varchar(256) NOT NULL,
	`shard` varchar(256) NOT NULL,
	PRIMARY KEY (`dtid`, `id`)
) ENGINE InnoDB,
  CHARSET utf8mb4"
[2m2026-09-26 16:33:31.089 UTC[0m [92mINF[0m [2msidecardb/sidecardb.go:516[0m Applied DDL CREATE TABLE IF NOT EXISTS `_vt`.`dt_participant` (
	`dtid` varbinary(512) NOT NULL,
	`id` bigint NOT NULL,
	`keyspace` varchar(256) NOT NULL,
	`shard` varchar(256) NOT NULL,
	PRIMARY KEY (`dtid`, `id`)
) ENGINE InnoDB,
  CHARSET utf8mb4 for table _vt.dt_participant (twopc) during sidecar database initialization
[2m2026-09-26 16:33:31.089 UTC[0m [92mINF[0m [2mvttest/local_cluster.go:609[0m ExecuteFetch(): "show create table _vt.dt_state"
[2m2026-09-26 16:33:31.090 UTC[0m [92mINF[0m [2msidecardb/sidecardb.go:469[0m Applying DDL for table dt_state:
CREATE TABLE IF NOT EXISTS `_vt`.`dt_state` (
	`dtid` varbinary(512) NOT NULL,
	`state` bigint NOT NULL,
	`time_created` bigint NOT NULL,
	PRIMARY KEY (`dtid`),
	KEY `time_created` (`time_created`)
) ENGINE InnoDB,
  CHARSET utf8mb4
[2m2026-09-26 16:33:31.090 UTC[0m [92mINF[0m [2mvttest/local_cluster.go:588[0m Execute(): "use _vt"
[2m2026-09-26 16:33:31.091 UTC[0m [92mINF[0m [2mvttest/local_cluster.go:609[0m ExecuteFetch(): "CREATE TABLE IF NOT EXISTS `_vt`.`dt_state` (
	`dtid` varbinary(512) NOT NULL,
	`state` bigint NOT NULL,
	`time_created` bigint NOT NULL,
	PRIMARY KEY (`dtid`),
	KEY `time_created` (`time_created`)
) ENGINE InnoDB,
  CHARSET utf8mb4"
[2m2026-09-26 16:33:31.097 UTC[0m [92mINF[0m [2msidecardb/sidecardb.go:516[0m Applied DDL CREATE TABLE IF NOT EXISTS `_vt`.`dt_state` (
	`dtid` varbinary(512) NOT NULL,
	`state` bigint NOT NULL,
	`time_created` bigint NOT NULL,
	PRIMARY KEY (`dtid`),
	KEY `time_created` (`time_created`)
) ENGINE InnoDB,
  CHARSET utf8mb4 for table _vt.dt_state (twopc) during sidecar database initialization
[2m2026-09-26 16:33:31.098 UTC[0m [92mINF[0m [2mvttest/local_cluster.go:609[0m ExecuteFetch(): "show create table _vt.redo_state"
[2m2026-09-26 16:33:31.098 UTC[0m [92mINF[0m [2msidecardb/sidecardb.go:469[0m Applying DDL for table redo_state:
CREATE TABLE IF NOT EXISTS `_vt`.`redo_state` (
	`dtid` varbinary(512) NOT NULL,
	`state` bigint NOT NULL,
	`time_created` bigint NOT NULL,
	`message` text,
	PRIMARY KEY (`dtid`)
) ENGINE InnoDB,
  CHARSET utf8mb4
[2m2026-09-26 16:33:31.099 UTC[0m [92mINF[0m [2mvttest/local_cluster.go:588[0m Execute(): "use _vt"
[2m2026-09-26 16:33:31.099 UTC[0m [92mINF[0m [2mvttest/local_cluster.go:609[0m ExecuteFetch(): "CREATE TABLE IF NOT EXISTS `_vt`.`redo_state` (
	`dtid` varbinary(512) NOT NULL,
	`state` bigint NOT NULL,
	`time_created` bigint NOT NULL,
	`message` text,
	PRIMARY KEY (`dtid`)
) ENGINE InnoDB,
  CHARSET utf8mb4"
[2m2026-09-26 16:33:31.106 UTC[0m [92mINF[0m [2msidecardb/sidecardb.go:516[0m Applied DDL CREATE TABLE IF NOT EXISTS `_vt`.`redo_state` (
	`dtid` varbinary(512) NOT NULL,
	`state` bigint NOT NULL,
	`time_created` bigint NOT NULL,
	`message` text,
	PRIMARY KEY (`dtid`)
) ENGINE InnoDB,
  CHARSET utf8mb4 for table _vt.redo_state (twopc) during sidecar database initialization
[2m2026-09-26 16:33:31.107 UTC[0m [92mINF[0m [2mvttest/local_cluster.go:609[0m ExecuteFetch(): "show create table _vt.redo_statement"
[2m2026-09-26 16:33:31.107 UTC[0m [92mINF[0m [2msidecardb/sidecardb.go:469[0m Applying DDL for table redo_statement:
CREATE TABLE IF NOT EXISTS `_vt`.`redo_statement` (
	`dtid` varbinary(512) NOT NULL,
	`id` bigint NOT NULL,
	`statement` mediumblob NOT NULL,
	PRIMARY KEY (`dtid`, `id`)
) ENGINE InnoDB,
  CHARSET utf8mb4
[2m2026-09-26 16:33:31.108 UTC[0m [92mINF[0m [2mvttest/local_cluster.go:588[0m Execute(): "use _vt"
[2m2026-09-26 16:33:31.108 UTC[0m [92mINF[0m [2mvttest/local_cluster.go:609[0m ExecuteFetch(): "CREATE TABLE IF NOT EXISTS `_vt`.`redo_statement` (
	`dtid` varbinary(512) NOT NULL,
	`id` bigint NOT NULL,
	`statement` mediumblob NOT NULL,
	PRIMARY KEY (`dtid`, `id`)
) ENGINE InnoDB,
  CHARSET utf8mb4"
[2m2026-09-26 16:33:31.115 UTC[0m [92mINF[0m [2msidecardb/sidecardb.go:516[0m Applied DDL CREATE TABLE IF NOT EXISTS `_vt`.`redo_statement` (
	`dtid` varbinary(512) NOT NULL,
	`id` bigint NOT NULL,
	`statement` mediumblob NOT NULL,
	PRIMARY KEY (`dtid`, `id`)
) ENGINE InnoDB,
  CHARSET utf8mb4 for table _vt.redo_statement (twopc) during sidecar database initialization
[2m2026-09-26 16:33:31.115 UTC[0m [92mINF[0m [2mvttest/local_cluster.go:609[0m ExecuteFetch(): "show create table _vt.vdiff"
[2m2026-09-26 16:33:31.116 UTC[0m [92mINF[0m [2msidecardb/sidecardb.go:469[0m Applying DDL for table vdiff:
CREATE TABLE IF NOT EXISTS `_vt`.`vdiff` (
	`id` bigint NOT NULL AUTO_INCREMENT,
	`vdiff_uuid` varchar(64) NOT NULL,
	`workflow` varbinary(1024),
	`keyspace` varbinary(256),
	`shard` varchar(255) NOT NULL,
	`db_name` varbinary(1024),
	`state` varbinary(64),
	`options` json,
	`created_at` timestamp NOT NULL DEFAULT current_timestamp(),
	`started_at` timestamp NULL,
	`liveness_timestamp` timestamp NULL,
	`completed_at` timestamp NULL,
	`last_error` varbinary(1024),
	PRIMARY KEY (`id`),
	UNIQUE KEY `uuid_idx` (`vdiff_uuid`, `db_name`),
	KEY `state` (`state`),
	KEY `ks_wf_idx` (`keyspace`(64), `workflow`(64))
) ENGINE InnoDB,
  CHARSET utf8mb4
[2m2026-09-26 16:33:31.117 UTC[0m [92mINF[0m [2mvttest/local_cluster.go:588[0m Execute(): "use _vt"
[2m2026-09-26 16:33:31.117 UTC[0m [92mINF[0m [2mvttest/local_cluster.go:609[0m ExecuteFetch(): "CREATE TABLE IF NOT EXISTS `_vt`.`vdiff` (
	`id` bigint NOT NULL AUTO_INCREMENT,
	`vdiff_uuid` varchar(64) NOT NULL,
	`workflow` varbinary(1024),
	`keyspace` varbinary(256),
	`shard` varchar(255) NOT NULL,
	`db_name` varbinary(1024),
	`state` varbinary(64),
	`options` json,
	`created_at` timestamp NOT NULL DEFAULT current_timestamp(),
	`started_at` timestamp NULL,
	`liveness_timestamp` timestamp NULL,
	`completed_at` timestamp NULL,
	`last_error` varbinary(1024),
	PRIMARY KEY (`id`),
	UNIQUE KEY `uuid_idx` (`vdiff_uuid`, `db_name`),
	KEY `state` (`state`),
	KEY `ks_wf_idx` (`keyspace`(64), `workflow`(64))
) ENGINE InnoDB,
  CHARSET utf8mb4"
[2m2026-09-26 16:33:31.126 UTC[0m [92mINF[0m [2msidecardb/sidecardb.go:516[0m Applied DDL CREATE TABLE IF NOT EXISTS `_vt`.`vdiff` (
	`id` bigint NOT NULL AUTO_INCREMENT,
	`vdiff_uuid` varchar(64) NOT NULL,
	`workflow` varbinary(1024),
	`keyspace` varbinary(256),
	`shard` varchar(255) NOT NULL,
	`db_name` varbinary(1024),
	`state` varbinary(64),
	`options` json,
	`created_at` timestamp NOT NULL DEFAULT current_timestamp(),
	`started_at` timestamp NULL,
	`liveness_timestamp` timestamp NULL,
	`completed_at` timestamp NULL,
	`last_error` varbinary(1024),
	PRIMARY KEY (`id`),
	UNIQUE KEY `uuid_idx` (`vdiff_uuid`, `db_name`),
	KEY `state` (`state`),
	KEY `ks_wf_idx` (`keyspace`(64), `workflow`(64))
) ENGINE InnoDB,
  CHARSET utf8mb4 for table _vt.vdiff (vdiff) during sidecar database initialization
[2m2026-09-26 16:33:31.126 UTC[0m [92mINF[0m [2mvttest/local_cluster.go:609[0m ExecuteFetch(): "show create table _vt.vdiff_log"
[2m2026-09-26 16:33:31.127 UTC[0m [92mINF[0m [2msidecardb/sidecardb.go:469[0m Applying DDL for table vdiff_log:
CREATE TABLE IF NOT EXISTS `_vt`.`vdiff_log` (
	`id` bigint NOT NULL AUTO_INCREMENT,
	`vdiff_id` bigint NOT NULL,
	`created_at` timestamp NOT NULL DEFAULT current_timestamp(),
	`message` text NOT NULL,
	PRIMARY KEY (`id`),
	KEY `vdiff_id_idx` (`vdiff_id`)
) ENGINE InnoDB,
  CHARSET utf8mb4
[2m2026-09-26 16:33:31.127 UTC[0m [92mINF[0m [2mvttest/local_cluster.go:588[0m Execute(): "use _vt"
[2m2026-09-26 16:33:31.128 UTC[0m [92mINF[0m [2mvttest/local_cluster.go:609[0m ExecuteFetch(): "CREATE TABLE IF NOT EXISTS `_vt`.`vdiff_log` (
	`id` bigint NOT NULL AUTO_INCREMENT,
	`vdiff_id` bigint NOT NULL,
	`created_at` timestamp NOT NULL DEFAULT current_timestamp(),
	`message` text NOT NULL,
	PRIMARY KEY (`id`),
	KEY `vdiff_id_idx` (`vdiff_id`)
) ENGINE InnoDB,
  CHARSET utf8mb4"
[2m2026-09-26 16:33:31.136 UTC[0m [92mINF[0m [2msidecardb/sidecardb.go:516[0m Applied DDL CREATE TABLE IF NOT EXISTS `_vt`.`vdiff_log` (
	`id` bigint NOT NULL AUTO_INCREMENT,
	`vdiff_id` bigint NOT NULL,
	`created_at` timestamp NOT NULL DEFAULT current_timestamp(),
	`message` text NOT NULL,
	PRIMARY KEY (`id`),
	KEY `vdiff_id_idx` (`vdiff_id`)
) ENGINE InnoDB,
  CHARSET utf8mb4 for table _vt.vdiff_log (vdiff) during sidecar database initialization
[2m2026-09-26 16:33:31.136 UTC[0m [92mINF[0m [2mvttest/local_cluster.go:609[0m ExecuteFetch(): "show create table _vt.vdiff_table"
[2m2026-09-26 16:33:31.137 UTC[0m [92mINF[0m [2msidecardb/sidecardb.go:469[0m Applying DDL for table vdiff_table:
CREATE TABLE IF NOT EXISTS `_vt`.`vdiff_table` (
	`vdiff_id` bigint NOT NULL,
	`table_name` varbinary(128) NOT NULL,
	`state` varbinary(64),
	`lastpk` mediumblob,
	`table_rows` bigint NOT NULL DEFAULT '0',
	`rows_compared` bigint NOT NULL DEFAULT '0',
	`mismatch` tinyint(1) NOT NULL DEFAULT '0',
	`report` json,
	`created_at` timestamp NOT NULL DEFAULT current_timestamp(),
	`updated_at` timestamp NOT NULL DEFAULT current_timestamp() ON UPDATE current_timestamp(),
	PRIMARY KEY (`vdiff_id`, `table_name`)
) ENGINE InnoDB,
  CHARSET utf8mb4
[2m2026-09-26 16:33:31.137 UTC[0m [92mINF[0m [2mvttest/local_cluster.go:588[0m Execute(): "use _vt"
[2m2026-09-26 16:33:31.138 UTC[0m [92mINF[0m [2mvttest/local_cluster.go:609[0m ExecuteFetch(): "CREATE TABLE IF NOT EXISTS `_vt`.`vdiff_table` (
	`vdiff_id` bigint NOT NULL,
	`table_name` varbinary(128) NOT NULL,
	`state` varbinary(64),
	`lastpk` mediumblob,
	`table_rows` bigint NOT NULL DEFAULT '0',
	`rows_compared` bigint NOT NULL DEFAULT '0',
	`mismatch` tinyint(1) NOT NULL DEFAULT '0',
	`report` json,
	`created_at` timestamp NOT NULL DEFAULT current_timestamp(),
	`updated_at` timestamp NOT NULL DEFAULT current_timestamp() ON UPDATE current_timestamp(),
	PRIMARY KEY (`vdiff_id`, `table_name`)
) ENGINE InnoDB,
  CHARSET utf8mb4"
[2m2026-09-26 16:33:31.144 UTC[0m [92mINF[0m [2msidecardb/sidecardb.go:516[0m Applied DDL CREATE TABLE IF NOT EXISTS `_vt`.`vdiff_table` (
	`vdiff_id` bigint NOT NULL,
	`table_name` varbinary(128) NOT NULL,
	`state` varbinary(64),
	`lastpk` mediumblob,
	`table_rows` bigint NOT NULL DEFAULT '0',
	`rows_compared` bigint NOT NULL DEFAULT '0',
	`mismatch` tinyint(1) NOT NULL DEFAULT '0',
	`report` json,
	`created_at` timestamp NOT NULL DEFAULT current_timestamp(),
	`updated_at` timestamp NOT NULL DEFAULT current_timestamp() ON UPDATE current_timestamp(),
	PRIMARY KEY (`vdiff_id`, `table_name`)
) ENGINE InnoDB,
  CHARSET utf8mb4 for table _vt.vdiff_table (vdiff) during sidecar database initialization
[2m2026-09-26 16:33:31.145 UTC[0m [92mINF[0m [2mvttest/local_cluster.go:609[0m ExecuteFetch(): "show create table _vt.copy_state"
[2m2026-09-26 16:33:31.146 UTC[0m [92mINF[0m [2msidecardb/sidecardb.go:469[0m Applying DDL for table copy_state:
CREATE TABLE IF NOT EXISTS `_vt`.`copy_state` (
	`id` bigint unsigned NOT NULL AUTO_INCREMENT,
	`vrepl_id` int NOT NULL,
	`table_name` varbinary(128) NOT NULL,
	`lastpk` mediumblob,
	PRIMARY KEY (`id`),
	KEY `vrepl_id` (`vrepl_id`, `table_name`)
) ENGINE InnoDB,
  CHARSET utf8mb4
[2m2026-09-26 16:33:31.149 UTC[0m [92mINF[0m [2mvttest/local_cluster.go:588[0m Execute(): "use _vt"
[2m2026-09-26 16:33:31.149 UTC[0m [92mINF[0m [2mvttest/local_cluster.go:609[0m ExecuteFetch(): "CREATE TABLE IF NOT EXISTS `_vt`.`copy_state` (
	`id` bigint unsigned NOT NULL AUTO_INCREMENT,
	`vrepl_id` int NOT NULL,
	`table_name` varbinary(128) NOT NULL,
	`lastpk` mediumblob,
	PRIMARY KEY (`id`),
	KEY `vrepl_id` (`vrepl_id`, `table_name`)
) ENGINE InnoDB,
  CHARSET utf8mb4"
[2m2026-09-26 16:33:31.157 UTC[0m [92mINF[0m [2msidecardb/sidecardb.go:516[0m Applied DDL CREATE TABLE IF NOT EXISTS `_vt`.`copy_state` (
	`id` bigint unsigned NOT NULL AUTO_INCREMENT,
	`vrepl_id` int NOT NULL,
	`table_name` varbinary(128) NOT NULL,
	`lastpk` mediumblob,
	PRIMARY KEY (`id`),
	KEY `vrepl_id` (`vrepl_id`, `table_name`)
) ENGINE InnoDB,
  CHARSET utf8mb4 for table _vt.copy_state (vreplication) during sidecar database initialization
[2m2026-09-26 16:33:31.157 UTC[0m [92mINF[0m [2mvttest/local_cluster.go:609[0m ExecuteFetch(): "show create table _vt.post_copy_action"
[2m2026-09-26 16:33:31.158 UTC[0m [92mINF[0m [2msidecardb/sidecardb.go:469[0m Applying DDL for table post_copy_action:
CREATE TABLE IF NOT EXISTS `_vt`.`post_copy_action` (
	`id` bigint NOT NULL AUTO_INCREMENT,
	`vrepl_id` int NOT NULL,
	`table_name` varbinary(128) NOT NULL,
	`action` json NOT NULL,
	UNIQUE KEY `vrepl_id` (`vrepl_id`, `table_name`),
	PRIMARY KEY (`id`)
) ENGINE InnoDB,
  CHARSET utf8mb4
[2m2026-09-26 16:33:31.158 UTC[0m [92mINF[0m [2mvttest/local_cluster.go:588[0m Execute(): "use _vt"
[2m2026-09-26 16:33:31.159 UTC[0m [92mINF[0m [2mvttest/local_cluster.go:609[0m ExecuteFetch(): "CREATE TABLE IF NOT EXISTS `_vt`.`post_copy_action` (
	`id` bigint NOT NULL AUTO_INCREMENT,
	`vrepl_id` int NOT NULL,
	`table_name` varbinary(128) NOT NULL,
	`action` json NOT NULL,
	UNIQUE KEY `vrepl_id` (`vrepl_id`, `table_name`),
	PRIMARY KEY (`id`)
) ENGINE InnoDB,
  CHARSET utf8mb4"
[2m2026-09-26 16:33:31.166 UTC[0m [92mINF[0m [2msidecardb/sidecardb.go:516[0m Applied DDL CREATE TABLE IF NOT EXISTS `_vt`.`post_copy_action` (
	`id` bigint NOT NULL AUTO_INCREMENT,
	`vrepl_id` int NOT NULL,
	`table_name` varbinary(128) NOT NULL,
	`action` json NOT NULL,
	UNIQUE KEY `vrepl_id` (`vrepl_id`, `table_name`),
	PRIMARY KEY (`id`)
) ENGINE InnoDB,
  CHARSET utf8mb4 for table _vt.post_copy_action (vreplication) during sidecar database initialization
[2m2026-09-26 16:33:31.167 UTC[0m [92mINF[0m [2mvttest/local_cluster.go:609[0m ExecuteFetch(): "show create table _vt.resharding_journal"
[2m2026-09-26 16:33:31.167 UTC[0m [92mINF[0m [2msidecardb/sidecardb.go:469[0m Applying DDL for table resharding_journal:
CREATE TABLE IF NOT EXISTS `_vt`.`resharding_journal` (
	`id` bigint NOT NULL,
	`db_name` varbinary(255),
	`val` longblob,
	PRIMARY KEY (`id`)
) ENGINE InnoDB,
  CHARSET utf8mb4
[2m2026-09-26 16:33:31.167 UTC[0m [92mINF[0m [2mvttest/local_cluster.go:588[0m Execute(): "use _vt"
[2m2026-09-26 16:33:31.168 UTC[0m [92mINF[0m [2mvttest/local_cluster.go:609[0m ExecuteFetch(): "CREATE TABLE IF NOT EXISTS `_vt`.`resharding_journal` (
	`id` bigint NOT NULL,
	`db_name` varbinary(255),
	`val` longblob,
	PRIMARY KEY (`id`)
) ENGINE InnoDB,
  CHARSET utf8mb4"
[2m2026-09-26 16:33:31.174 UTC[0m [92mINF[0m [2msidecardb/sidecardb.go:516[0m Applied DDL CREATE TABLE IF NOT EXISTS `_vt`.`resharding_journal` (
	`id` bigint NOT NULL,
	`db_name` varbinary(255),
	`val` longblob,
	PRIMARY KEY (`id`)
) ENGINE InnoDB,
  CHARSET utf8mb4 for table _vt.resharding_journal (vreplication) during sidecar database initialization
[2m2026-09-26 16:33:31.174 UTC[0m [92mINF[0m [2mvttest/local_cluster.go:609[0m ExecuteFetch(): "show create table _vt.schema_version"
[2m2026-09-26 16:33:31.174 UTC[0m [92mINF[0m [2msidecardb/sidecardb.go:469[0m Applying DDL for table schema_version:
CREATE TABLE IF NOT EXISTS `_vt`.`schema_version` (
	`id` int NOT NULL AUTO_INCREMENT,
	`pos` longblob NOT NULL,
	`time_updated` bigint NOT NULL,
	`ddl` blob,
	`schemax` longblob NOT NULL,
	PRIMARY KEY (`id`)
) ENGINE InnoDB,
  CHARSET utf8mb4
[2m2026-09-26 16:33:31.175 UTC[0m [92mINF[0m [2mvttest/local_cluster.go:588[0m Execute(): "use _vt"
[2m2026-09-26 16:33:31.175 UTC[0m [92mINF[0m [2mvttest/local_cluster.go:609[0m ExecuteFetch(): "CREATE TABLE IF NOT EXISTS `_vt`.`schema_version` (
	`id` int NOT NULL AUTO_INCREMENT,
	`pos` longblob NOT NULL,
	`time_updated` bigint NOT NULL,
	`ddl` blob,
	`schemax` longblob NOT NULL,
	PRIMARY KEY (`id`)
) ENGINE InnoDB,
  CHARSET utf8mb4"
[2m2026-09-26 16:33:31.182 UTC[0m [92mINF[0m [2msidecardb/sidecardb.go:516[0m Applied DDL CREATE TABLE IF NOT EXISTS `_vt`.`schema_version` (
	`id` int NOT NULL AUTO_INCREMENT,
	`pos` longblob NOT NULL,
	`time_updated` bigint NOT NULL,
	`ddl` blob,
	`schemax` longblob NOT NULL,
	PRIMARY KEY (`id`)
) ENGINE InnoDB,
  CHARSET utf8mb4 for table _vt.schema_version (vreplication) during sidecar database initialization
[2m2026-09-26 16:33:31.182 UTC[0m [92mINF[0m [2mvttest/local_cluster.go:609[0m ExecuteFetch(): "show create table _vt.vreplication"
[2m2026-09-26 16:33:31.182 UTC[0m [92mINF[0m [2msidecardb/sidecardb.go:469[0m Applying DDL for table vreplication:
CREATE TABLE IF NOT EXISTS `_vt`.`vreplication` (
	`id` int NOT NULL AUTO_INCREMENT,
	`workflow` varbinary(1000),
	`source` mediumblob NOT NULL,
	`pos` longblob NOT NULL,
	`stop_pos` longblob,
	`max_tps` bigint NOT NULL,
	`max_replication_lag` bigint NOT NULL,
	`cell` varbinary(1000),
	`tablet_types` varbinary(100),
	`time_updated` bigint NOT NULL,
	`transaction_timestamp` bigint NOT NULL,
	`state` varbinary(100) NOT NULL,
	`message` varbinary(1000),
	`db_name` varbinary(255) NOT NULL,
	`rows_copied` bigint NOT NULL DEFAULT '0',
	`tags` varbinary(1024) NOT NULL DEFAULT '',
	`time_heartbeat` bigint NOT NULL DEFAULT '0',
	`workflow_type` int NOT NULL DEFAULT '0',
	`time_throttled` bigint NOT NULL DEFAULT '0',
	`component_throttled` varchar(255) NOT NULL DEFAULT '',
	`reason_throttled` varchar(1000) NOT NULL DEFAULT '',
	`workflow_sub_type` int NOT NULL DEFAULT '0',
	`defer_secondary_keys` tinyint(1) NOT NULL DEFAULT '0',
	`options` json NOT NULL,
	PRIMARY KEY (`id`),
	KEY `workflow_idx` (`workflow`(64))
) ENGINE InnoDB,
  CHARSET utf8mb4
[2m2026-09-26 16:33:31.183 UTC[0m [92mINF[0m [2mvttest/local_cluster.go:588[0m Execute(): "use _vt"
[2m2026-09-26 16:33:31.183 UTC[0m [92mINF[0m [2mvttest/local_cluster.go:609[0m ExecuteFetch(): "CREATE TABLE IF NOT EXISTS `_vt`.`vreplication` (
	`id` int NOT NULL AUTO_INCREMENT,
	`workflow` varbinary(1000),
	`source` mediumblob NOT NULL,
	`pos` longblob NOT NULL,
	`stop_pos` longblob,
	`max_tps` bigint NOT NULL,
	`max_replication_lag` bigint NOT NULL,
	`cell` varbinary(1000),
	`tablet_types` varbinary(100),
	`time_updated` bigint NOT NULL,
	`transaction_timestamp` bigint NOT NULL,
	`state` varbinary(100) NOT NULL,
	`message` varbinary(1000),
	`db_name` varbinary(255) NOT NULL,
	`rows_copied` bigint NOT NULL DEFAULT '0',
	`tags` varbinary(1024) NOT NULL DEFAULT '',
	`time_heartbeat` bigint NOT NULL DEFAULT '0',
	`workflow_type` int NOT NULL DEFAULT '0',
	`time_throttled` bigint NOT NULL DEFAULT '0',
	`component_throttled` varchar(255) NOT NULL DEFAULT '',
	`reason_throttled` varchar(1000) NOT NULL DEFAULT '',
	`workflow_sub_type` int NOT NULL DEFAULT '0',
	`defer_secondary_keys` tinyint(1) NOT NULL DEFAULT '0',
	`options` json NOT NULL,
	PRIMARY KEY (`id`),
	KEY `workflow_idx` (`workflow`(64))
) ENGINE InnoDB,
  CHARSET utf8mb4"
[2m2026-09-26 16:33:31.191 UTC[0m [92mINF[0m [2msidecardb/sidecardb.go:516[0m Applied DDL CREATE TABLE IF NOT EXISTS `_vt`.`vreplication` (
	`id` int NOT NULL AUTO_INCREMENT,
	`workflow` varbinary(1000),
	`source` mediumblob NOT NULL,
	`pos` longblob NOT NULL,
	`stop_pos` longblob,
	`max_tps` bigint NOT NULL,
	`max_replication_lag` bigint NOT NULL,
	`cell` varbinary(1000),
	`tablet_types` varbinary(100),
	`time_updated` bigint NOT NULL,
	`transaction_timestamp` bigint NOT NULL,
	`state` varbinary(100) NOT NULL,
	`message` varbinary(1000),
	`db_name` varbinary(255) NOT NULL,
	`rows_copied` bigint NOT NULL DEFAULT '0',
	`tags` varbinary(1024) NOT NULL DEFAULT '',
	`time_heartbeat` bigint NOT NULL DEFAULT '0',
	`workflow_type` int NOT NULL DEFAULT '0',
	`time_throttled` bigint NOT NULL DEFAULT '0',
	`component_throttled` varchar(255) NOT NULL DEFAULT '',
	`reason_throttled` varchar(1000) NOT NULL DEFAULT '',
	`workflow_sub_type` int NOT NULL DEFAULT '0',
	`defer_secondary_keys` tinyint(1) NOT NULL DEFAULT '0',
	`options` json NOT NULL,
	PRIMARY KEY (`id`),
	KEY `workflow_idx` (`workflow`(64))
) ENGINE InnoDB,
  CHARSET utf8mb4 for table _vt.vreplication (vreplication) during sidecar database initialization
[2m2026-09-26 16:33:31.191 UTC[0m [92mINF[0m [2mvttest/local_cluster.go:609[0m ExecuteFetch(): "show create table _vt.vreplication_log"
[2m2026-09-26 16:33:31.192 UTC[0m [92mINF[0m [2msidecardb/sidecardb.go:469[0m Applying DDL for table vreplication_log:
CREATE TABLE IF NOT EXISTS `_vt`.`vreplication_log` (
	`id` bigint NOT NULL AUTO_INCREMENT,
	`vrepl_id` int NOT NULL,
	`type` varbinary(256) NOT NULL,
	`state` varbinary(100) NOT NULL,
	`created_at` timestamp NULL DEFAULT current_timestamp(),
	`updated_at` timestamp NULL DEFAULT current_timestamp() ON UPDATE current_timestamp(),
	`message` text NOT NULL,
	`count` bigint NOT NULL DEFAULT '1',
	PRIMARY KEY (`id`),
	KEY `vrepl_id_idx` (`vrepl_id`)
) ENGINE InnoDB,
  CHARSET utf8mb4
[2m2026-09-26 16:33:31.192 UTC[0m [92mINF[0m [2mvttest/local_cluster.go:588[0m Execute(): "use _vt"
[2m2026-09-26 16:33:31.193 UTC[0m [92mINF[0m [2mvttest/local_cluster.go:609[0m ExecuteFetch(): "CREATE TABLE IF NOT EXISTS `_vt`.`vreplication_log` (
	`id` bigint NOT NULL AUTO_INCREMENT,
	`vrepl_id` int NOT NULL,
	`type` varbinary(256) NOT NULL,
	`state` varbinary(100) NOT NULL,
	`created_at` timestamp NULL DEFAULT current_timestamp(),
	`updated_at` timestamp NULL DEFAULT current_timestamp() ON UPDATE current_timestamp(),
	`message` text NOT NULL,
	`count` bigint NOT NULL DEFAULT '1',
	PRIMARY KEY (`id`),
	KEY `vrepl_id_idx` (`vrepl_id`)
) ENGINE InnoDB,
  CHARSET utf8mb4"
[2m2026-09-26 16:33:31.200 UTC[0m [92mINF[0m [2msidecardb/sidecardb.go:516[0m Applied DDL CREATE TABLE IF NOT EXISTS `_vt`.`vreplication_log` (
	`id` bigint NOT NULL AUTO_INCREMENT,
	`vrepl_id` int NOT NULL,
	`type` varbinary(256) NOT NULL,
	`state` varbinary(100) NOT NULL,
	`created_at` timestamp NULL DEFAULT current_timestamp(),
	`updated_at` timestamp NULL DEFAULT current_timestamp() ON UPDATE current_timestamp(),
	`message` text NOT NULL,
	`count` bigint NOT NULL DEFAULT '1',
	PRIMARY KEY (`id`),
	KEY `vrepl_id_idx` (`vrepl_id`)
) ENGINE InnoDB,
  CHARSET utf8mb4 for table _vt.vreplication_log (vreplication) during sidecar database initialization
[2m2026-09-26 16:33:31.200 UTC[0m [92mINF[0m [2mvttest/local_cluster.go:609[0m ExecuteFetch(): "set @@session.sql_mode='ONLY_FULL_GROUP_BY,STRICT_TRANS_TABLES,NO_ZERO_IN_DATE,NO_ZERO_DATE,ERROR_FOR_DIVISION_BY_ZERO,NO_ENGINE_SUBSTITUTION'"
[2m2026-09-26 16:33:31.201 UTC[0m [92mINF[0m [2mvttest/local_cluster.go:588[0m Execute(): "create database `vttest`"
[2m2026-09-26 16:33:31.202 UTC[0m [92mINF[0m [2mvttest/local_cluster.go:393[0m MySQL up: {"Host":"","Port":0,"Uname":"vt_dba","Pass":"","DbName":"","UnixSocket":"/home/vt/v4btest/data/vttest182036615/vt_0000000001/mysql.sock","Charset":0,"Flags":0,"Flavor":"","SslMode":"","SslCa":"","SslCaPath":"","SslCert":"","SslCrl":"","SslKey":"","TLSMinVersion":"","ServerName":"","ConnectTimeoutMs":0,"DisableClientDeprecateEOF":false,"EnableQueryInfo":false,"FlushDelay":0,"TruncateErrLen":0,"MultiQuery":false}
[2m2026-09-26 16:33:31.202 UTC[0m [92mINF[0m [2mvttest/local_cluster.go:405[0m Mysql data directory does not exist. Initializing cluster with database and vschema migrations...
[2m2026-09-26 16:33:31.219 UTC[0m [92mINF[0m [2mmysqlctl/mysqld.go:345[0m Using flavor: mysql, version: {8 0 46}
[2m2026-09-26 16:33:31.220 UTC[0m [92mINF[0m [2mschema/engine.go:253[0m Schema Engine: opening
[2m2026-09-26 16:33:31.229 UTC[0m [92mINF[0m [2mtopo/vschema.go:73[0m successfully updated vschema for keyspace vttest: sharded:true
[2m2026-09-26 16:33:31.233 UTC[0m [92mINF[0m [2mmysqlctl/query.go:107[0m exec set @@binlog_row_image='noblob'
[2m2026-09-26 16:33:31.234 UTC[0m [92mINF[0m [2mmysqlctl/query.go:107[0m exec set @@session.binlog_row_image='noblob'
[2m2026-09-26 16:33:31.234 UTC[0m [92mINF[0m [2mmysqlctl/query.go:107[0m exec set @@global.binlog_row_image='noblob'
[2m2026-09-26 16:33:31.234 UTC[0m [92mINF[0m [2mvstreamer/engine.go:171[0m VStreamer: opening
[2m2026-09-26 16:33:31.234 UTC[0m [92mINF[0m [2mmysqlctl/query.go:107[0m exec create table t1(id int, blb blob, val varchar(4), primary key(id)) ENGINE=InnoDB CHARSET=utf8mb4
[2m2026-09-26 16:33:31.240 UTC[0m [92mINF[0m [2mmysqlctl/query.go:107[0m exec create table t2(id int, txt text, val varchar(4), unique key(id, val)) ENGINE=InnoDB CHARSET=utf8mb4
[2m2026-09-26 16:33:31.248 UTC[0m [92mINF[0m [2mmysqlctl/query.go:107[0m exec create table t3(id int, txt text, val varchar(4), primary key(id)) ENGINE=InnoDB CHARSET=utf8mb4
[2m2026-09-26 16:33:31.254 UTC[0m [92mINF[0m [2mmysqlctl/query.go:107[0m exec create table t4(id int, cOl varbinary(8) generated always as (concat(val, 'tsty')) virtual, blb blob, val varbinary(4), primary key(id)) ENGINE=InnoDB CHARSET=utf8mb4
[2m2026-09-26 16:33:31.259 UTC[0m [92mINF[0m [2mvstreamer/main_test.go:134[0m Starting stream with current position
[2m2026-09-26 16:33:31.260 UTC[0m [92mINF[0m [2mvstreamer/uvstreamer.go:447[0m Stream() called
[2m2026-09-26 16:33:31.262 UTC[0m [92mINF[0m [2mvstreamer/uvstreamer.go:363[0m sendEventsForCurrentPos
[2m2026-09-26 16:33:31.262 UTC[0m [92mINF[0m [2mvstreamer/main_test.go:332[0m Received events: [type:GTID gtid:"MySQL56/ffa47eaf-b9c7-11f1-91d1-02fc00000001:1-26" keyspace:"vttest" shard:"0" type:OTHER keyspace:"vttest" shard:"0"]
[2m2026-09-26 16:33:31.262 UTC[0m [92mINF[0m [2mvstreamer/vstreamer.go:258[0m Starting Stream() with startPos MySQL56/ffa47eaf-b9c7-11f1-91d1-02fc00000001:1-26
[2m2026-09-26 16:33:31.262 UTC[0m [92mINF[0m [2mvstreamer/main_test.go:137[0m Starting to run test cases
[2m2026-09-26 16:33:31.262 UTC[0m [92mINF[0m [2mmysqlctl/query.go:107[0m exec begin
[2m2026-09-26 16:33:31.262 UTC[0m [92mINF[0m [2mmysqlctl/query.go:107[0m exec insert into t1 values (1, 'blob1', 'aaa')
[2m2026-09-26 16:33:31.262 UTC[0m [92mINF[0m [2mbinlog/binlog_connection.go:118[0m new binlog connection: serverID=1980439035
[2m2026-09-26 16:33:31.262 UTC[0m [92mINF[0m [2mbinlog/binlog_connection.go:169[0m sending binlog dump command: startPos=ffa47eaf-b9c7-11f1-91d1-02fc00000001:1-26, serverID=1980439035
[2m2026-09-26 16:33:31.269 UTC[0m [92mINF[0m [2mmysqlctl/query.go:107[0m exec update t1 set val = 'bbb'
[2m2026-09-26 16:33:31.269 UTC[0m [92mINF[0m [2mmysqlctl/query.go:107[0m exec commit
[2m2026-09-26 16:33:31.279 UTC[0m [92mINF[0m [2mschema/engine.go:640[0m schema engine created [t1 t2 t3 t4], altered [], dropped []
[2m2026-09-26 16:33:31.283 UTC[0m [92mINF[0m [2mvstreamer/main_test.go:332[0m Received events: [type:BEGIN timestamp:1790440411 current_time:1790440411269984577 keyspace:"vttest" shard:"0" commit_parent:26 sequence_number:27 event_gtid:"ffa47eaf-b9c7-11f1-91d1-02fc00000001:27" type:FIELD timestamp:1790440411 field_event:{table_name:"t1" fields:{name:"id" type:INT32 table:"t1" org_table:"t1" database:"vttest" org_name:"id" column_length:11 charset:63 flags:53251 column_type:"int"} fields:{name:"blb" type:BLOB table:"t1" org_table:"t1" database:"vttest" org_name:"blb" column_length:65535 charset:63 flags:144 column_type:"blob"} fields:{name:"val" type:VARCHAR table:"t1" org_table:"t1" database:"vttest" org_name:"val" column_length:16 charset:255 column_type:"varchar(4)"} keyspace:"vttest" shard:"0"} current_time:1790440411269996514 keyspace:"vttest" shard:"0" commit_parent:26 sequence_number:27 event_gtid:"ffa47eaf-b9c7-11f1-91d1-02fc00000001:27" type:ROW timestamp:1790440411 row_event:{table_name:"t1" row_changes:{after:{lengths:1 lengths:5 lengths:3 values:"1blob1aaa"}} keyspace:"vttest" shard:"0" flags:1} current_time:1790440411282984942 keyspace:"vttest" shard:"0" commit_parent:26 sequence_number:27 event_gtid:"ffa47eaf-b9c7-11f1-91d1-02fc00000001:27" type:ROW timestamp:1790440411 row_event:{table_name:"t1" row_changes:{before:{lengths:1 lengths:-1 lengths:3 values:"1aaa"} after:{lengths:1 lengths:-1 lengths:3 values:"1bbb"} data_columns:{count:3 cols:"\x05"} before_data_columns:{count:3 cols:"\x05"}} keyspace:"vttest" shard:"0" flags:1} current_time:1790440411282994632 keyspace:"vttest" shard:"0" commit_parent:26 sequence_number:27 event_gtid:"ffa47eaf-b9c7-11f1-91d1-02fc00000001:27" type:GTID timestamp:1790440411 gtid:"MySQL56/ffa47eaf-b9c7-11f1-91d1-02fc00000001:1-27" current_time:1790440411282998009 keyspace:"vttest" shard:"0" commit_parent:26 sequence_number:27 event_gtid:"ffa47eaf-b9c7-11f1-91d1-02fc00000001:27" type:COMMIT timestamp:1790440411 current_time:1790440411282998009 keyspace:"vttest" shard:"0" commit_parent:26 sequence_number:27 event_gtid:"ffa47eaf-b9c7-11f1-91d1-02fc00000001:27"]
[2m2026-09-26 16:33:31.283 UTC[0m [92mINF[0m [2mmysqlctl/query.go:107[0m exec begin
[2m2026-09-26 16:33:31.283 UTC[0m [92mINF[0m [2mmysqlctl/query.go:107[0m exec insert into t2 values (1, 'text1', 'aaa')
[2m2026-09-26 16:33:31.284 UTC[0m [92mINF[0m [2mmysqlctl/query.go:107[0m exec update t2 set val = 'bbb'
[2m2026-09-26 16:33:31.284 UTC[0m [92mINF[0m [2mmysqlctl/query.go:107[0m exec commit
[2m2026-09-26 16:33:31.290 UTC[0m [92mINF[0m [2mschema/engine.go:640[0m schema engine created [], altered [t1 t2 t3 t4], dropped []
[2m2026-09-26 16:33:31.293 UTC[0m [92mINF[0m [2mvstreamer/main_test.go:332[0m Received events: [type:BEGIN timestamp:1790440411 current_time:1790440411284795690 keyspace:"vttest" shard:"0" commit_parent:27 sequence_number:28 event_gtid:"ffa47eaf-b9c7-11f1-91d1-02fc00000001:28" type:FIELD timestamp:1790440411 field_event:{table_name:"t2" fields:{name:"id" type:INT32 table:"t2" org_table:"t2" database:"vttest" org_name:"id" column_length:11 charset:63 flags:49160 column_type:"int"} fields:{name:"txt" type:TEXT table:"t2" org_table:"t2" database:"vttest" org_name:"txt" column_length:262140 charset:255 flags:16 column_type:"text"} fields:{name:"val" type:VARCHAR table:"t2" org_table:"t2" database:"vttest" org_name:"val" column_length:16 charset:255 flags:16384 column_type:"varchar(4)"} keyspace:"vttest" shard:"0"} current_time:1790440411284808624 keyspace:"vttest" shard:"0" commit_parent:27 sequence_number:28 event_gtid:"ffa47eaf-b9c7-11f1-91d1-02fc00000001:28" type:ROW timestamp:1790440411 row_event:{table_name:"t2" row_changes:{after:{lengths:1 lengths:5 lengths:3 values:"1text1aaa"}} keyspace:"vttest" shard:"0" flags:1} current_time:1790440411293677675 keyspace:"vttest" shard:"0" commit_parent:27 sequence_number:28 event_gtid:"ffa47eaf-b9c7-11f1-91d1-02fc00000001:28" type:ROW timestamp:1790440411 row_event:{table_name:"t2" row_changes:{before:{lengths:1 lengths:5 lengths:3 values:"1text1aaa"} after:{lengths:1 lengths:-1 lengths:3 values:"1bbb"} data_columns:{count:3 cols:"\x05"}} keyspace:"vttest" shard:"0" flags:1} current_time:1790440411293685291 keyspace:"vttest" shard:"0" commit_parent:27 sequence_number:28 event_gtid:"ffa47eaf-b9c7-11f1-91d1-02fc00000001:28" type:GTID timestamp:1790440411 gtid:"MySQL56/ffa47eaf-b9c7-11f1-91d1-02fc00000001:1-28" current_time:1790440411293688103 keyspace:"vttest" shard:"0" commit_parent:27 sequence_number:28 event_gtid:"ffa47eaf-b9c7-11f1-91d1-02fc00000001:28" type:COMMIT timestamp:1790440411 current_time:1790440411293688103 keyspace:"vttest" shard:"0" commit_parent:27 sequence_number:28 event_gtid:"ffa47eaf-b9c7-11f1-91d1-02fc00000001:28"]
[2m2026-09-26 16:33:31.294 UTC[0m [92mINF[0m [2mmysqlctl/query.go:107[0m exec begin
[2m2026-09-26 16:33:31.294 UTC[0m [92mINF[0m [2mmysqlctl/query.go:107[0m exec insert into t3 values (1, 'text1', 'aaa')
[2m2026-09-26 16:33:31.294 UTC[0m [92mINF[0m [2mmysqlctl/query.go:107[0m exec update t3 set val = 'bbb'
[2m2026-09-26 16:33:31.294 UTC[0m [92mINF[0m [2mmysqlctl/query.go:107[0m exec commit
[2m2026-09-26 16:33:31.299 UTC[0m [92mINF[0m [2mschema/engine.go:640[0m schema engine created [], altered [t1 t2 t3 t4], dropped []
[2m2026-09-26 16:33:31.302 UTC[0m [92mINF[0m [2mvstreamer/main_test.go:332[0m Received events: [type:BEGIN timestamp:1790440411 current_time:1790440411294967641 keyspace:"vttest" shard:"0" commit_parent:28 sequence_number:29 event_gtid:"ffa47eaf-b9c7-11f1-91d1-02fc00000001:29" type:FIELD timestamp:1790440411 field_event:{table_name:"t3" fields:{name:"id" type:INT32 table:"t3" org_table:"t3" database:"vttest" org_name:"id" column_length:11 charset:63 flags:53251 column_type:"int"} fields:{name:"txt" type:TEXT table:"t3" org_table:"t3" database:"vttest" org_name:"txt" column_length:262140 charset:255 flags:16 column_type:"text"} fields:{name:"val" type:VARCHAR table:"t3" org_table:"t3" database:"vttest" org_name:"val" column_length:16 charset:255 column_type:"varchar(4)"} keyspace:"vttest" shard:"0"} current_time:1790440411294982311 keyspace:"vttest" shard:"0" commit_parent:28 sequence_number:29 event_gtid:"ffa47eaf-b9c7-11f1-91d1-02fc00000001:29" type:ROW timestamp:1790440411 row_event:{table_name:"t3" row_changes:{after:{lengths:1 lengths:5 lengths:3 values:"1text1aaa"}} keyspace:"vttest" shard:"0" flags:1} current_time:1790440411302266354 keyspace:"vttest" shard:"0" commit_parent:28 sequence_number:29 event_gtid:"ffa47eaf-b9c7-11f1-91d1-02fc00000001:29" type:ROW timestamp:1790440411 row_event:{table_name:"t3" row_changes:{before:{lengths:1 lengths:-1 lengths:3 values:"1aaa"} after:{lengths:1 lengths:-1 lengths:3 values:"1bbb"} data_columns:{count:3 cols:"\x05"} before_data_columns:{count:3 cols:"\x05"}} keyspace:"vttest" shard:"0" flags:1} current_time:1790440411302274429 keyspace:"vttest" shard:"0" commit_parent:28 sequence_number:29 event_gtid:"ffa47eaf-b9c7-11f1-91d1-02fc00000001:29" type:GTID timestamp:1790440411 gtid:"MySQL56/ffa47eaf-b9c7-11f1-91d1-02fc00000001:1-29" current_time:1790440411302277964 keyspace:"vttest" shard:"0" commit_parent:28 sequence_number:29 event_gtid:"ffa47eaf-b9c7-11f1-91d1-02fc00000001:29" type:COMMIT timestamp:1790440411 current_time:1790440411302277964 keyspace:"vttest" shard:"0" commit_parent:28 sequence_number:29 event_gtid:"ffa47eaf-b9c7-11f1-91d1-02fc00000001:29"]
[2m2026-09-26 16:33:31.302 UTC[0m [92mINF[0m [2mmysqlctl/query.go:107[0m exec begin
[2m2026-09-26 16:33:31.302 UTC[0m [92mINF[0m [2mmysqlctl/query.go:107[0m exec insert into t4 (id, blb, val) values (1, 'text1', 'aaa')
[2m2026-09-26 16:33:31.303 UTC[0m [92mINF[0m [2mmysqlctl/query.go:107[0m exec update t4 set val = 'bbb'
[2m2026-09-26 16:33:31.303 UTC[0m [92mINF[0m [2mmysqlctl/query.go:107[0m exec commit
[2m2026-09-26 16:33:31.311 UTC[0m [92mINF[0m [2mschema/engine.go:640[0m schema engine created [], altered [t1 t2 t3 t4], dropped []
[2m2026-09-26 16:33:31.314 UTC[0m [92mINF[0m [2mvstreamer/main_test.go:332[0m Received events: [type:BEGIN timestamp:1790440411 current_time:1790440411303842773 keyspace:"vttest" shard:"0" commit_parent:29 sequence_number:30 event_gtid:"ffa47eaf-b9c7-11f1-91d1-02fc00000001:30" type:FIELD timestamp:1790440411 field_event:{table_name:"t4" fields:{name:"id" type:INT32 table:"t4" org_table:"t4" database:"vttest" org_name:"id" column_length:11 charset:63 flags:53251 column_type:"int"} fields:{name:"cOl" type:VARBINARY table:"t4" org_table:"t4" database:"vttest" org_name:"cOl" column_length:8 charset:63 flags:128 column_type:"varbinary(8)"} fields:{name:"blb" type:BLOB table:"t4" org_table:"t4" database:"vttest" org_name:"blb" column_length:65535 charset:63 flags:144 column_type:"blob"} fields:{name:"val" type:VARBINARY table:"t4" org_table:"t4" database:"vttest" org_name:"val" column_length:4 charset:63 flags:128 column_type:"varbinary(4)"} keyspace:"vttest" shard:"0"} current_time:1790440411303852063 keyspace:"vttest" shard:"0" commit_parent:29 sequence_number:30 event_gtid:"ffa47eaf-b9c7-11f1-91d1-02fc00000001:30" type:ROW timestamp:1790440411 row_event:{table_name:"t4" row_changes:{after:{lengths:1 lengths:7 lengths:5 lengths:3 values:"1aaatstytext1aaa"}} keyspace:"vttest" shard:"0" flags:1} current_time:1790440411314626097 keyspace:"vttest" shard:"0" commit_parent:29 sequence_number:30 event_gtid:"ffa47eaf-b9c7-11f1-91d1-02fc00000001:30" type:ROW timestamp:1790440411 row_event:{table_name:"t4" row_changes:{before:{lengths:1 lengths:7 lengths:-1 lengths:3 values:"1aaatstyaaa"} after:{lengths:1 lengths:7 lengths:-1 lengths:3 values:"1bbbtstybbb"} data_columns:{count:4 cols:"\x0b"} before_data_columns:{count:4 cols:"\x0b"}} keyspace:"vttest" shard:"0" flags:1} current_time:1790440411314636550 keyspace:"vttest" shard:"0" commit_parent:29 sequence_number:30 event_gtid:"ffa47eaf-b9c7-11f1-91d1-02fc00000001:30" type:GTID timestamp:1790440411 gtid:"MySQL56/ffa47eaf-b9c7-11f1-91d1-02fc00000001:1-30" current_time:1790440411314640184 keyspace:"vttest" shard:"0" commit_parent:29 sequence_number:30 event_gtid:"ffa47eaf-b9c7-11f1-91d1-02fc00000001:30" type:COMMIT timestamp:1790440411 current_time:1790440411314640184 keyspace:"vttest" shard:"0" commit_parent:29 sequence_number:30 event_gtid:"ffa47eaf-b9c7-11f1-91d1-02fc00000001:30"]
[2m2026-09-26 16:33:31.315 UTC[0m [92mINF[0m [2mmysqlctl/query.go:107[0m exec begin
[2m2026-09-26 16:33:31.315 UTC[0m [92mINF[0m [2mmysqlctl/query.go:107[0m exec delete from t1 where id = 1
[2m2026-09-26 16:33:31.315 UTC[0m [92mINF[0m [2mmysqlctl/query.go:107[0m exec commit
[2m2026-09-26 16:33:31.316 UTC[0m [92mINF[0m [2mvstreamer/main_test.go:332[0m Received events: [type:BEGIN timestamp:1790440411 current_time:1790440411315930324 keyspace:"vttest" shard:"0" commit_parent:30 sequence_number:31 event_gtid:"ffa47eaf-b9c7-11f1-91d1-02fc00000001:31" type:ROW timestamp:1790440411 row_event:{table_name:"t1" row_changes:{before:{lengths:1 lengths:-1 lengths:3 values:"1bbb"} before_data_columns:{count:3 cols:"\x05"}} keyspace:"vttest" shard:"0" flags:1} current_time:1790440411315944170 keyspace:"vttest" shard:"0" commit_parent:30 sequence_number:31 event_gtid:"ffa47eaf-b9c7-11f1-91d1-02fc00000001:31" type:GTID timestamp:1790440411 gtid:"MySQL56/ffa47eaf-b9c7-11f1-91d1-02fc00000001:1-31" current_time:1790440411315949878 keyspace:"vttest" shard:"0" commit_parent:30 sequence_number:31 event_gtid:"ffa47eaf-b9c7-11f1-91d1-02fc00000001:31" type:COMMIT timestamp:1790440411 current_time:1790440411315949878 keyspace:"vttest" shard:"0" commit_parent:30 sequence_number:31 event_gtid:"ffa47eaf-b9c7-11f1-91d1-02fc00000001:31"]
[2m2026-09-26 16:33:31.321 UTC[0m [92mINF[0m [2mschema/engine.go:640[0m schema engine created [], altered [t1 t2 t3 t4], dropped []
[2m2026-09-26 16:33:31.321 UTC[0m [92mINF[0m [2mvstreamer/vstreamer.go:1777[0m stream (at source tablet) ended @ (including the GTID we failed to process) ffa47eaf-b9c7-11f1-91d1-02fc00000001:1-31
[2m2026-09-26 16:33:31.321 UTC[0m [92mINF[0m [2mbinlog/binlog_connection.go:331[0m closing binlog socket to unblock reads
[2m2026-09-26 16:33:31.321 UTC[0m [92mINF[0m [2mbinlog/binlog_connection.go:206[0m connection closed during binlog stream (possibly intentional): read unix @->/home/vt/v4btest/data/vttest182036615/vt_0000000001/mysql.sock: use of closed network connection
io.ReadFull(header size) failed (errno 2013) (sqlstate HY000)
[2m2026-09-26 16:33:31.321 UTC[0m [92mINF[0m [2mbinlog/binlog_connection.go:339[0m waiting for binlog dump thread to end
[2m2026-09-26 16:33:31.321 UTC[0m [92mINF[0m [2mbinlog/binlog_connection.go:345[0m closing binlog MySQL client with serverID 1980439035. Will recycle ID.
[2m2026-09-26 16:33:31.321 UTC[0m [92mINF[0m [2mvstreamer/main_test.go:154[0m Last line of runCases
[2m2026-09-26 16:33:31.322 UTC[0m [92mINF[0m [2mmysqlctl/query.go:107[0m exec create table t5(id int, blb blob, val varbinary(4), primary key(id)) ENGINE=InnoDB CHARSET=utf8mb4
[2m2026-09-26 16:33:31.328 UTC[0m [92mINF[0m [2mmysqlctl/query.go:107[0m exec create table t6(id int, blb blob, val varbinary(4), primary key(id)) ENGINE=InnoDB CHARSET=utf8mb4
[2m2026-09-26 16:33:31.334 UTC[0m [92mINF[0m [2mvstreamer/main_test.go:134[0m Starting stream with current position
[2m2026-09-26 16:33:31.335 UTC[0m [92mINF[0m [2mvstreamer/uvstreamer.go:447[0m Stream() called
[2m2026-09-26 16:33:31.336 UTC[0m [92mINF[0m [2mvstreamer/uvstreamer.go:363[0m sendEventsForCurrentPos
[2m2026-09-26 16:33:31.336 UTC[0m [92mINF[0m [2mvstreamer/main_test.go:332[0m Received events: [type:GTID gtid:"MySQL56/ffa47eaf-b9c7-11f1-91d1-02fc00000001:1-33" keyspace:"vttest" shard:"0" type:OTHER keyspace:"vttest" shard:"0"]
[2m2026-09-26 16:33:31.336 UTC[0m [92mINF[0m [2mvstreamer/vstreamer.go:258[0m Starting Stream() with startPos MySQL56/ffa47eaf-b9c7-11f1-91d1-02fc00000001:1-33
[2m2026-09-26 16:33:31.336 UTC[0m [92mINF[0m [2mvstreamer/main_test.go:137[0m Starting to run test cases
[2m2026-09-26 16:33:31.336 UTC[0m [92mINF[0m [2mmysqlctl/query.go:107[0m exec begin
[2m2026-09-26 16:33:31.337 UTC[0m [92mINF[0m [2mmysqlctl/query.go:107[0m exec insert into t5 values (1, 'blob1', 'aaa')
[2m2026-09-26 16:33:31.337 UTC[0m [92mINF[0m [2mbinlog/binlog_connection.go:118[0m new binlog connection: serverID=1980439035
[2m2026-09-26 16:33:31.337 UTC[0m [92mINF[0m [2mbinlog/binlog_connection.go:169[0m sending binlog dump command: startPos=ffa47eaf-b9c7-11f1-91d1-02fc00000001:1-33, serverID=1980439035
[2m2026-09-26 16:33:31.337 UTC[0m [92mINF[0m [2mmysqlctl/query.go:107[0m exec update t5 set val = 'bbb'
[2m2026-09-26 16:33:31.338 UTC[0m [92mINF[0m [2mmysqlctl/query.go:107[0m exec delete from t5 where id = 1
[2m2026-09-26 16:33:31.338 UTC[0m [92mINF[0m [2mmysqlctl/query.go:107[0m exec commit
[2m2026-09-26 16:33:31.349 UTC[0m [92mINF[0m [2mschema/engine.go:640[0m schema engine created [t5 t6], altered [t1 t2 t3 t4], dropped []
[2m2026-09-26 16:33:31.352 UTC[0m [92mINF[0m [2mvstreamer/main_test.go:332[0m Received events: [type:BEGIN timestamp:1790440411 current_time:1790440411339240755 keyspace:"vttest" shard:"0" commit_parent:33 sequence_number:34 event_gtid:"ffa47eaf-b9c7-11f1-91d1-02fc00000001:34" type:FIELD timestamp:1790440411 field_event:{table_name:"t5" fields:{name:"blb" type:BLOB table:"t5" org_table:"t5" database:"vttest" org_name:"blb" column_length:65535 charset:63 flags:144 column_type:"blob"} fields:{name:"id" type:INT32 table:"t5" org_table:"t5" database:"vttest" org_name:"id" column_length:11 charset:63 flags:53251 column_type:"int"} fields:{name:"val" type:VARBINARY table:"t5" org_table:"t5" database:"vttest" org_name:"val" column_length:4 charset:63 flags:128 column_type:"varbinary(4)"} keyspace:"vttest" shard:"0"} current_time:1790440411339254058 keyspace:"vttest" shard:"0" commit_parent:33 sequence_number:34 event_gtid:"ffa47eaf-b9c7-11f1-91d1-02fc00000001:34" type:ROW timestamp:1790440411 row_event:{table_name:"t5" row_changes:{after:{lengths:5 lengths:1 lengths:3 values:"blob11aaa"}} keyspace:"vttest" shard:"0" flags:1} current_time:1790440411352639410 keyspace:"vttest" shard:"0" commit_parent:33 sequence_number:34 event_gtid:"ffa47eaf-b9c7-11f1-91d1-02fc00000001:34" type:ROW timestamp:1790440411 row_event:{table_name:"t5" row_changes:{before:{lengths:-1 lengths:1 lengths:3 values:"1aaa"} after:{lengths:-1 lengths:1 lengths:3 values:"1bbb"} data_columns:{count:3 cols:"\x05"} before_data_columns:{count:3 cols:"\x06"}} keyspace:"vttest" shard:"0" flags:1} current_time:1790440411352650685 keyspace:"vttest" shard:"0" commit_parent:33 sequence_number:34 event_gtid:"ffa47eaf-b9c7-11f1-91d1-02fc00000001:34" type:ROW timestamp:1790440411 row_event:{table_name:"t5" row_changes:{before:{lengths:-1 lengths:1 lengths:3 values:"1bbb"} before_data_columns:{count:3 cols:"\x06"}} keyspace:"vttest" shard:"0" flags:1} current_time:1790440411352656151 keyspace:"vttest" shard:"0" commit_parent:33 sequence_number:34 event_gtid:"ffa47eaf-b9c7-11f1-91d1-02fc00000001:34" type:GTID timestamp:1790440411 gtid:"MySQL56/ffa47eaf-b9c7-11f1-91d1-02fc00000001:1-34" current_time:1790440411352657857 keyspace:"vttest" shard:"0" commit_parent:33 sequence_number:34 event_gtid:"ffa47eaf-b9c7-11f1-91d1-02fc00000001:34" type:COMMIT timestamp:1790440411 current_time:1790440411352657857 keyspace:"vttest" shard:"0" commit_parent:33 sequence_number:34 event_gtid:"ffa47eaf-b9c7-11f1-91d1-02fc00000001:34"]
[2m2026-09-26 16:33:31.353 UTC[0m [92mINF[0m [2mmysqlctl/query.go:107[0m exec begin
[2m2026-09-26 16:33:31.353 UTC[0m [92mINF[0m [2mmysqlctl/query.go:107[0m exec insert into t6 values (1, 'blob1', 'aaa')
[2m2026-09-26 16:33:31.353 UTC[0m [92mINF[0m [2mmysqlctl/query.go:107[0m exec update t6 set val = 'bbb'
[2m2026-09-26 16:33:31.353 UTC[0m [92mINF[0m [2mmysqlctl/query.go:107[0m exec delete from t6 where id = 1
[2m2026-09-26 16:33:31.354 UTC[0m [92mINF[0m [2mmysqlctl/query.go:107[0m exec commit
[2m2026-09-26 16:33:31.361 UTC[0m [92mINF[0m [2mschema/engine.go:640[0m schema engine created [], altered [t1 t2 t3 t4 t5 t6], dropped []
[2m2026-09-26 16:33:31.365 UTC[0m [92mINF[0m [2mvstreamer/main_test.go:332[0m Received events: [type:BEGIN timestamp:1790440411 current_time:1790440411354401067 keyspace:"vttest" shard:"0" commit_parent:34 sequence_number:35 event_gtid:"ffa47eaf-b9c7-11f1-91d1-02fc00000001:35" type:FIELD timestamp:1790440411 field_event:{table_name:"t6" fields:{name:"val" type:VARBINARY table:"t6" org_table:"t6" database:"vttest" org_name:"val" column_length:4 charset:63 flags:128 column_type:"varbinary(4)"} fields:{name:"id" type:INT32 table:"t6" org_table:"t6" database:"vttest" org_name:"id" column_length:11 charset:63 flags:53251 column_type:"int"} keyspace:"vttest" shard:"0"} current_time:1790440411354412487 keyspace:"vttest" shard:"0" commit_parent:34 sequence_number:35 event_gtid:"ffa47eaf-b9c7-11f1-91d1-02fc00000001:35" type:ROW timestamp:1790440411 row_event:{table_name:"t6" row_changes:{after:{lengths:3 lengths:1 values:"aaa1"}} keyspace:"vttest" shard:"0" flags:1} current_time:1790440411365667621 keyspace:"vttest" shard:"0" commit_parent:34 sequence_number:35 event_gtid:"ffa47eaf-b9c7-11f1-91d1-02fc00000001:35" type:ROW timestamp:1790440411 row_event:{table_name:"t6" row_changes:{before:{lengths:3 lengths:1 values:"aaa1"} after:{lengths:3 lengths:1 values:"bbb1"} data_columns:{count:3 cols:"\x05"} before_data_columns:{count:2 cols:"\x03"}} keyspace:"vttest" shard:"0" flags:1} current_time:1790440411365677399 keyspace:"vttest" shard:"0" commit_parent:34 sequence_number:35 event_gtid:"ffa47eaf-b9c7-11f1-91d1-02fc00000001:35" type:ROW timestamp:1790440411 row_event:{table_name:"t6" row_changes:{before:{lengths:3 lengths:1 values:"bbb1"} before_data_columns:{count:2 cols:"\x03"}} keyspace:"vttest" shard:"0" flags:1} current_time:1790440411365681271 keyspace:"vttest" shard:"0" commit_parent:34 sequence_number:35 event_gtid:"ffa47eaf-b9c7-11f1-91d1-02fc00000001:35" type:GTID timestamp:1790440411 gtid:"MySQL56/ffa47eaf-b9c7-11f1-91d1-02fc00000001:1-35" current_time:1790440411365682791 keyspace:"vttest" shard:"0" commit_parent:34 sequence_number:35 event_gtid:"ffa47eaf-b9c7-11f1-91d1-02fc00000001:35" type:COMMIT timestamp:1790440411 current_time:1790440411365682791 keyspace:"vttest" shard:"0" commit_parent:34 sequence_number:35 event_gtid:"ffa47eaf-b9c7-11f1-91d1-02fc00000001:35"]
[2m2026-09-26 16:33:31.365 UTC[0m [92mINF[0m [2mvstreamer/vstreamer.go:1777[0m stream (at source tablet) ended @ (including the GTID we failed to process) ffa47eaf-b9c7-11f1-91d1-02fc00000001:1-35
[2m2026-09-26 16:33:31.366 UTC[0m [92mINF[0m [2mbinlog/binlog_connection.go:331[0m closing binlog socket to unblock reads
[2m2026-09-26 16:33:31.366 UTC[0m [92mINF[0m [2mbinlog/binlog_connection.go:206[0m connection closed during binlog stream (possibly intentional): read unix @->/home/vt/v4btest/data/vttest182036615/vt_0000000001/mysql.sock: use of closed network connection
io.ReadFull(header size) failed (errno 2013) (sqlstate HY000)
[2m2026-09-26 16:33:31.366 UTC[0m [92mINF[0m [2mbinlog/binlog_connection.go:339[0m waiting for binlog dump thread to end
[2m2026-09-26 16:33:31.366 UTC[0m [92mINF[0m [2mbinlog/binlog_connection.go:345[0m closing binlog MySQL client with serverID 1980439035. Will recycle ID.
[2m2026-09-26 16:33:31.366 UTC[0m [92mINF[0m [2mvstreamer/main_test.go:154[0m Last line of runCases
[2m2026-09-26 16:33:31.366 UTC[0m [92mINF[0m [2mmysqlctl/query.go:107[0m exec drop table if exists t5, t6
[2m2026-09-26 16:33:31.372 UTC[0m [92mINF[0m [2mmysqlctl/query.go:107[0m exec drop table if exists t1, t2, t3, t4
[2m2026-09-26 16:33:31.379 UTC[0m [92mINF[0m [2mvstreamer/engine.go:205[0m VStreamer: closed
[2m2026-09-26 16:33:31.379 UTC[0m [92mINF[0m [2mschema/engine.go:308[0m Schema Engine: closed
--- PASS: TestNoBlob (6.09s)
=== RUN   TestSetAndEnum
[2m2026-09-26 16:33:32.431 UTC[0m [92mINF[0m [2mmysqlctl/query.go:107[0m exec create table t1(id int, val binary(4), color set('red','green','blue','black','white','pink','purple','yellow','brown'), size enum('S','M','L'), primary key(id)) ENGINE=InnoDB CHARSET=utf8mb4
[2m2026-09-26 16:33:32.438 UTC[0m [92mINF[0m [2mmysqlctl/query.go:107[0m exec create table t2(id int, val binary(4), color set('red','green','blue','black','white','pink','purple','yellow','brown','eggshell','mint','tan','fuschia','teal','babyblue','grey','bulletgrey') collate 
[2m2026-09-26 16:33:32.443 UTC[0m [92mINF[0m [2mvstreamer/main_test.go:134[0m Starting stream with current position
[2m2026-09-26 16:33:32.444 UTC[0m [92mINF[0m [2mvstreamer/uvstreamer.go:447[0m Stream() called
[2m2026-09-26 16:33:32.445 UTC[0m [92mINF[0m [2mvstreamer/uvstreamer.go:363[0m sendEventsForCurrentPos
[2m2026-09-26 16:33:32.445 UTC[0m [92mINF[0m [2mvstreamer/main_test.go:332[0m Received events: [type:GTID gtid:"MySQL56/f31d99a9-b9c7-11f1-8aa7-02fc00000001:1-230" keyspace:"vttest" shard:"0" type:OTHER keyspace:"vttest" shard:"0"]
[2m2026-09-26 16:33:32.445 UTC[0m [92mINF[0m [2mvstreamer/vstreamer.go:258[0m Starting Stream() with startPos MySQL56/f31d99a9-b9c7-11f1-8aa7-02fc00000001:1-230
[2m2026-09-26 16:33:32.445 UTC[0m [92mINF[0m [2mvstreamer/main_test.go:137[0m Starting to run test cases
[2m2026-09-26 16:33:32.445 UTC[0m [92mINF[0m [2mmysqlctl/query.go:107[0m exec begin
[2m2026-09-26 16:33:32.446 UTC[0m [92mINF[0m [2mmysqlctl/query.go:107[0m exec insert into t1 values (1, 'aaa', 'red,blue', 'S')
[2m2026-09-26 16:33:32.446 UTC[0m [92mINF[0m [2mbinlog/binlog_connection.go:118[0m new binlog connection: serverID=1980439035
[2m2026-09-26 16:33:32.446 UTC[0m [92mINF[0m [2mbinlog/binlog_connection.go:169[0m sending binlog dump command: startPos=f31d99a9-b9c7-11f1-8aa7-02fc00000001:1-230, serverID=1980439035
[2m2026-09-26 16:33:32.447 UTC[0m [92mINF[0m [2mmysqlctl/query.go:107[0m exec insert into t1 values (2, 'bbb', 'green,pink,purple,yellow,brown', 'M')
[2m2026-09-26 16:33:32.447 UTC[0m [92mINF[0m [2mmysqlctl/query.go:107[0m exec insert into t1 values (3, 'ccc', 'red,green,blue', 'L')
[2m2026-09-26 16:33:32.447 UTC[0m [92mINF[0m [2mmysqlctl/query.go:107[0m exec commit
[2m2026-09-26 16:33:32.452 UTC[0m [92mINF[0m [2mschema/engine.go:640[0m schema engine created [], altered [t1 t2], dropped [t3]
[2m2026-09-26 16:33:32.456 UTC[0m [92mINF[0m [2mvstreamer/main_test.go:332[0m Received events: [type:BEGIN timestamp:1790440412 current_time:1790440412447711120 keyspace:"vttest" shard:"0" commit_parent:230 sequence_number:231 event_gtid:"f31d99a9-b9c7-11f1-8aa7-02fc00000001:231" type:FIELD timestamp:1790440412 field_event:{table_name:"t1" fields:{name:"id" type:INT32 table:"t1" org_table:"t1" database:"vttest" org_name:"id" column_length:11 charset:63 flags:53251 column_type:"int"} fields:{name:"val" type:BINARY table:"t1" org_table:"t1" database:"vttest" org_name:"val" column_length:4 charset:63 flags:128 column_type:"binary(4)"} fields:{name:"color" type:SET table:"t1" org_table:"t1" database:"vttest" org_name:"color" column_length:204 charset:255 flags:2048 column_type:"set('red','green','blue','black','white','pink','purple','yellow','brown')"} fields:{name:"size" type:ENUM table:"t1" org_table:"t1" database:"vttest" org_name:"size" column_length:4 charset:255 flags:256 column_type:"enum('S','M','L')"} keyspace:"vttest" shard:"0" enum_set_string_values:true} current_time:1790440412447736378 keyspace:"vttest" shard:"0" commit_parent:230 sequence_number:231 event_gtid:"f31d99a9-b9c7-11f1-8aa7-02fc00000001:231" type:ROW timestamp:1790440412 row_event:{table_name:"t1" row_changes:{after:{lengths:1 lengths:4 lengths:8 lengths:1 values:"1aaa\x00red,blueS"}} keyspace:"vttest" shard:"0" flags:1} current_time:1790440412456132274 keyspace:"vttest" shard:"0" commit_parent:230 sequence_number:231 event_gtid:"f31d99a9-b9c7-11f1-8aa7-02fc00000001:231" type:ROW timestamp:1790440412 row_event:{table_name:"t1" row_changes:{after:{lengths:1 lengths:4 lengths:30 lengths:1 values:"2bbb\x00green,pink,purple,yellow,brownM"}} keyspace:"vttest" shard:"0" flags:1} current_time:1790440412456147568 keyspace:"vttest" shard:"0" commit_parent:230 sequence_number:231 event_gtid:"f31d99a9-b9c7-11f1-8aa7-02fc00000001:231" type:ROW timestamp:1790440412 row_event:{table_name:"t1" row_changes:{after:{lengths:1 lengths:4 lengths:14 lengths:1 values:"3ccc\x00red,green,blueL"}} keyspace:"vttest" shard:"0" flags:1} current_time:1790440412456153397 keyspace:"vttest" shard:"0" commit_parent:230 sequence_number:231 event_gtid:"f31d99a9-b9c7-11f1-8aa7-02fc00000001:231" type:GTID timestamp:1790440412 gtid:"MySQL56/f31d99a9-b9c7-11f1-8aa7-02fc00000001:1-231" current_time:1790440412456155860 keyspace:"vttest" shard:"0" commit_parent:230 sequence_number:231 event_gtid:"f31d99a9-b9c7-11f1-8aa7-02fc00000001:231" type:COMMIT timestamp:1790440412 current_time:1790440412456155860 keyspace:"vttest" shard:"0" commit_parent:230 sequence_number:231 event_gtid:"f31d99a9-b9c7-11f1-8aa7-02fc00000001:231"]
[2m2026-09-26 16:33:32.456 UTC[0m [92mINF[0m [2mmysqlctl/query.go:107[0m exec begin
[2m2026-09-26 16:33:32.456 UTC[0m [92mINF[0m [2mmysqlctl/query.go:107[0m exec insert into t2 values (1, 'xxx', 'red,blue,black,grey', 'S')
[2m2026-09-26 16:33:32.457 UTC[0m [92mINF[0m [2mmysqlctl/query.go:107[0m exec insert into t2 values (2, 'yyy', 'green,black,pink,purple,yellow,brown,mint,tan,bulletgrey', 'M')
[2m2026-09-26 16:33:32.457 UTC[0m [92mINF[0m [2mmysqlctl/query.go:107[0m exec insert into t2 values (3, 'zzz', 'red,green,blue', 'L')
[2m2026-09-26 16:33:32.457 UTC[0m [92mINF[0m [2mmysqlctl/query.go:107[0m exec commit
[2m2026-09-26 16:33:32.462 UTC[0m [92mINF[0m [2mschema/engine.go:640[0m schema engine created [], altered [t1 t2], dropped []
[2m2026-09-26 16:33:32.466 UTC[0m [92mINF[0m [2mvstreamer/main_test.go:332[0m Received events: [type:BEGIN timestamp:1790440412 current_time:1790440412457728150 keyspace:"vttest" shard:"0" commit_parent:231 sequence_number:232 event_gtid:"f31d99a9-b9c7-11f1-8aa7-02fc00000001:232" type:FIELD timestamp:1790440412 field_event:{table_name:"t2" fields:{name:"id" type:INT32 table:"t2" org_table:"t2" database:"vttest" org_name:"id" column_length:11 charset:63 flags:53251 column_type:"int"} fields:{name:"val" type:BINARY table:"t2" org_table:"t2" database:"vttest" org_name:"val" column_length:4 charset:63 flags:128 column_type:"binary(4)"} fields:{name:"color" type:BINARY table:"t2" org_table:"t2" database:"vttest" org_name:"color" column_length:428 charset:46 flags:2176 column_type:"set('red','green','blue','black','white','pink','purple','yellow','brown','eggshell','mint','tan','fuschia','teal','babyblue','grey','bulletgrey')"} fields:{name:"size" type:BINARY table:"t2" org_table:"t2" database:"vttest" org_name:"size" column_length:4 charset:46 flags:384 column_type:"enum('S','M','L')"} keyspace:"vttest" shard:"0" enum_set_string_values:true} current_time:1790440412457741640 keyspace:"vttest" shard:"0" commit_parent:231 sequence_number:232 event_gtid:"f31d99a9-b9c7-11f1-8aa7-02fc00000001:232" type:ROW timestamp:1790440412 row_event:{table_name:"t2" row_changes:{after:{lengths:1 lengths:4 lengths:19 lengths:1 values:"1xxx\x00red,blue,black,greyS"}} keyspace:"vttest" shard:"0" flags:1} current_time:1790440412466118213 keyspace:"vttest" shard:"0" commit_parent:231 sequence_number:232 event_gtid:"f31d99a9-b9c7-11f1-8aa7-02fc00000001:232" type:ROW timestamp:1790440412 row_event:{table_name:"t2" row_changes:{after:{lengths:1 lengths:4 lengths:56 lengths:1 values:"2yyy\x00green,black,pink,purple,yellow,brown,mint,tan,bulletgreyM"}} keyspace:"vttest" shard:"0" flags:1} current_time:1790440412466127617 keyspace:"vttest" shard:"0" commit_parent:231 sequence_number:232 event_gtid:"f31d99a9-b9c7-11f1-8aa7-02fc00000001:232" type:ROW timestamp:1790440412 row_event:{table_name:"t2" row_changes:{after:{lengths:1 lengths:4 lengths:14 lengths:1 values:"3zzz\x00red,green,blueL"}} keyspace:"vttest" shard:"0" flags:1} current_time:1790440412466131195 keyspace:"vttest" shard:"0" commit_parent:231 sequence_number:232 event_gtid:"f31d99a9-b9c7-11f1-8aa7-02fc00000001:232" type:GTID timestamp:1790440412 gtid:"MySQL56/f31d99a9-b9c7-11f1-8aa7-02fc00000001:1-232" current_time:1790440412466135346 keyspace:"vttest" shard:"0" commit_parent:231 sequence_number:232 event_gtid:"f31d99a9-b9c7-11f1-8aa7-02fc00000001:232" type:COMMIT timestamp:1790440412 current_time:1790440412466135346 keyspace:"vttest" shard:"0" commit_parent:231 sequence_number:232 event_gtid:"f31d99a9-b9c7-11f1-8aa7-02fc00000001:232"]
[2m2026-09-26 16:33:32.466 UTC[0m [92mINF[0m [2mmysqlctl/query.go:107[0m exec begin
[2m2026-09-26 16:33:32.466 UTC[0m [92mINF[0m [2mmysqlctl/query.go:107[0m exec set @@session.sql_mode = ''
[2m2026-09-26 16:33:32.466 UTC[0m [92mINF[0m [2mmysqlctl/query.go:107[0m exec insert into t2 values (4, 'lll', '', '')
[2m2026-09-26 16:33:32.466 UTC[0m [92mINF[0m [2mmysqlctl/query.go:107[0m exec insert into t2 values (5, 'mmm', 'invalid', 'invalid,invalid,mint,invalid')
[2m2026-09-26 16:33:32.467 UTC[0m [92mINF[0m [2mmysqlctl/query.go:107[0m exec insert into t2 values (6, 'nnn', NULL, NULL)
[2m2026-09-26 16:33:32.467 UTC[0m [92mINF[0m [2mmysqlctl/query.go:107[0m exec commit
[2m2026-09-26 16:33:32.467 UTC[0m [92mINF[0m [2mvstreamer/main_test.go:332[0m Received events: [type:BEGIN timestamp:1790440412 current_time:1790440412467726281 keyspace:"vttest" shard:"0" commit_parent:232 sequence_number:233 event_gtid:"f31d99a9-b9c7-11f1-8aa7-02fc00000001:233" type:ROW timestamp:1790440412 row_event:{table_name:"t2" row_changes:{after:{lengths:1 lengths:4 lengths:0 lengths:0 values:"4lll\x00"}} keyspace:"vttest" shard:"0" flags:1} current_time:1790440412467740836 keyspace:"vttest" shard:"0" commit_parent:232 sequence_number:233 event_gtid:"f31d99a9-b9c7-11f1-8aa7-02fc00000001:233" type:ROW timestamp:1790440412 row_event:{table_name:"t2" row_changes:{after:{lengths:1 lengths:4 lengths:0 lengths:0 values:"5mmm\x00"}} keyspace:"vttest" shard:"0" flags:1} current_time:1790440412467749653 keyspace:"vttest" shard:"0" commit_parent:232 sequence_number:233 event_gtid:"f31d99a9-b9c7-11f1-8aa7-02fc00000001:233" type:ROW timestamp:1790440412 row_event:{table_name:"t2" row_changes:{after:{lengths:1 lengths:4 lengths:-1 lengths:-1 values:"6nnn\x00"}} keyspace:"vttest" shard:"0" flags:1} current_time:1790440412467752393 keyspace:"vttest" shard:"0" commit_parent:232 sequence_number:233 event_gtid:"f31d99a9-b9c7-11f1-8aa7-02fc00000001:233" type:GTID timestamp:1790440412 gtid:"MySQL56/f31d99a9-b9c7-11f1-8aa7-02fc00000001:1-233" current_time:1790440412467754063 keyspace:"vttest" shard:"0" commit_parent:232 sequence_number:233 event_gtid:"f31d99a9-b9c7-11f1-8aa7-02fc00000001:233" type:COMMIT timestamp:1790440412 current_time:1790440412467754063 keyspace:"vttest" shard:"0" commit_parent:232 sequence_number:233 event_gtid:"f31d99a9-b9c7-11f1-8aa7-02fc00000001:233"]
[2m2026-09-26 16:33:32.471 UTC[0m [92mINF[0m [2mschema/engine.go:640[0m schema engine created [], altered [t1 t2], dropped []
[2m2026-09-26 16:33:32.471 UTC[0m [92mINF[0m [2mvstreamer/vstreamer.go:1777[0m stream (at source tablet) ended @ (including the GTID we failed to process) f31d99a9-b9c7-11f1-8aa7-02fc00000001:1-233
[2m2026-09-26 16:33:32.471 UTC[0m [92mINF[0m [2mbinlog/binlog_connection.go:331[0m closing binlog socket to unblock reads
[2m2026-09-26 16:33:32.471 UTC[0m [92mINF[0m [2mbinlog/binlog_connection.go:206[0m connection closed during binlog stream (possibly intentional): read unix @->/home/vt/v4btest/data/vttest1035440681/vt_0000000001/mysql.sock: use of closed network connection
io.ReadFull(header size) failed (errno 2013) (sqlstate HY000)
[2m2026-09-26 16:33:32.471 UTC[0m [92mINF[0m [2mbinlog/binlog_connection.go:339[0m waiting for binlog dump thread to end
[2m2026-09-26 16:33:32.471 UTC[0m [92mINF[0m [2mbinlog/binlog_connection.go:345[0m closing binlog MySQL client with serverID 1980439035. Will recycle ID.
[2m2026-09-26 16:33:32.471 UTC[0m [92mINF[0m [2mvstreamer/main_test.go:154[0m Last line of runCases
[2m2026-09-26 16:33:32.471 UTC[0m [92mINF[0m [2mmysqlctl/query.go:107[0m exec drop table if exists t1, t2
--- PASS: TestSetAndEnum (0.04s)
=== RUN   TestCellValuePadding
[2m2026-09-26 16:33:32.475 UTC[0m [92mINF[0m [2mmysqlctl/query.go:107[0m exec create table t1(id int, val binary(4), primary key(val)) ENGINE=InnoDB CHARSET=utf8mb4
[2m2026-09-26 16:33:32.480 UTC[0m [92mINF[0m [2mmysqlctl/query.go:107[0m exec create table t2(id int, val char(4), primary key(val)) ENGINE=InnoDB CHARSET=utf8mb4
[2m2026-09-26 16:33:32.485 UTC[0m [92mINF[0m [2mmysqlctl/query.go:107[0m exec create table t3(id int, val char(4) collate utf8mb4_bin, primary key(val)) ENGINE=InnoDB CHARSET=utf8mb4
[2m2026-09-26 16:33:32.492 UTC[0m [92mINF[0m [2mvstreamer/main_test.go:134[0m Starting stream with current position
[2m2026-09-26 16:33:32.492 UTC[0m [92mINF[0m [2mvstreamer/uvstreamer.go:447[0m Stream() called
[2m2026-09-26 16:33:32.493 UTC[0m [92mINF[0m [2mvstreamer/uvstreamer.go:363[0m sendEventsForCurrentPos
[2m2026-09-26 16:33:32.493 UTC[0m [92mINF[0m [2mvstreamer/main_test.go:332[0m Received events: [type:GTID gtid:"MySQL56/f31d99a9-b9c7-11f1-8aa7-02fc00000001:1-237" keyspace:"vttest" shard:"0" type:OTHER keyspace:"vttest" shard:"0"]
[2m2026-09-26 16:33:32.493 UTC[0m [92mINF[0m [2mvstreamer/vstreamer.go:258[0m Starting Stream() with startPos MySQL56/f31d99a9-b9c7-11f1-8aa7-02fc00000001:1-237
[2m2026-09-26 16:33:32.493 UTC[0m [92mINF[0m [2mvstreamer/main_test.go:137[0m Starting to run test cases
[2m2026-09-26 16:33:32.494 UTC[0m [92mINF[0m [2mmysqlctl/query.go:107[0m exec begin
[2m2026-09-26 16:33:32.494 UTC[0m [92mINF[0m [2mmysqlctl/query.go:107[0m exec insert into t1 values (1, 'aaa ')
[2m2026-09-26 16:33:32.494 UTC[0m [92mINF[0m [2mbinlog/binlog_connection.go:118[0m new binlog connection: serverID=1980439035
[2m2026-09-26 16:33:32.494 UTC[0m [92mINF[0m [2mbinlog/binlog_connection.go:169[0m sending binlog dump command: startPos=f31d99a9-b9c7-11f1-8aa7-02fc00000001:1-237, serverID=1980439035
[2m2026-09-26 16:33:32.495 UTC[0m [92mINF[0m [2mmysqlctl/query.go:107[0m exec insert into t1 values (2, 'bbb ')
[2m2026-09-26 16:33:32.495 UTC[0m [92mINF[0m [2mmysqlctl/query.go:107[0m exec update t1 set id = 11 where val = 'aaa '
[2m2026-09-26 16:33:32.495 UTC[0m [92mINF[0m [2mmysqlctl/query.go:107[0m exec insert into t2 values (1, 'aaa')
[2m2026-09-26 16:33:32.496 UTC[0m [92mINF[0m [2mmysqlctl/query.go:107[0m exec insert into t2 values (2, 'bbb')
[2m2026-09-26 16:33:32.496 UTC[0m [92mINF[0m [2mmysqlctl/query.go:107[0m exec update t2 set id = 11 where val = 'aaa'
[2m2026-09-26 16:33:32.496 UTC[0m [92mINF[0m [2mmysqlctl/query.go:107[0m exec insert into t3 values (1, 'aaa')
[2m2026-09-26 16:33:32.497 UTC[0m [92mINF[0m [2mmysqlctl/query.go:107[0m exec insert into t3 values (2, 'bb')
[2m2026-09-26 16:33:32.497 UTC[0m [92mINF[0m [2mmysqlctl/query.go:107[0m exec update t3 set id = 11 where val = 'aaa'
[2m2026-09-26 16:33:32.497 UTC[0m [92mINF[0m [2mmysqlctl/query.go:107[0m exec commit
[2m2026-09-26 16:33:32.502 UTC[0m [92mINF[0m [2mschema/engine.go:640[0m schema engine created [t3], altered [t1 t2], dropped []
[2m2026-09-26 16:33:32.511 UTC[0m [92mINF[0m [2mvstreamer/main_test.go:332[0m Received events: [type:BEGIN timestamp:1790440412 current_time:1790440412498035756 keyspace:"vttest" shard:"0" commit_parent:237 sequence_number:238 event_gtid:"f31d99a9-b9c7-11f1-8aa7-02fc00000001:238" type:FIELD timestamp:1790440412 field_event:{table_name:"t1" fields:{name:"id" type:INT32 table:"t1" org_table:"t1" database:"vttest" org_name:"id" column_length:11 charset:63 flags:32768 column_type:"int"} fields:{name:"val" type:BINARY table:"t1" org_table:"t1" database:"vttest" org_name:"val" column_length:4 charset:63 flags:20611 column_type:"binary(4)"} keyspace:"vttest" shard:"0"} current_time:1790440412498047328 keyspace:"vttest" shard:"0" commit_parent:237 sequence_number:238 event_gtid:"f31d99a9-b9c7-11f1-8aa7-02fc00000001:238" type:ROW timestamp:1790440412 row_event:{table_name:"t1" row_changes:{after:{lengths:1 lengths:4 values:"1aaa\x00"}} keyspace:"vttest" shard:"0" flags:1} current_time:1790440412505585194 keyspace:"vttest" shard:"0" commit_parent:237 sequence_number:238 event_gtid:"f31d99a9-b9c7-11f1-8aa7-02fc00000001:238" type:ROW timestamp:1790440412 row_event:{table_name:"t1" row_changes:{after:{lengths:1 lengths:4 values:"2bbb\x00"}} keyspace:"vttest" shard:"0" flags:1} current_time:1790440412505593578 keyspace:"vttest" shard:"0" commit_parent:237 sequence_number:238 event_gtid:"f31d99a9-b9c7-11f1-8aa7-02fc00000001:238" type:ROW timestamp:1790440412 row_event:{table_name:"t1" row_changes:{before:{lengths:1 lengths:4 values:"1aaa\x00"} after:{lengths:2 lengths:4 values:"11aaa\x00"}} keyspace:"vttest" shard:"0" flags:1} current_time:1790440412505599214 keyspace:"vttest" shard:"0" commit_parent:237 sequence_number:238 event_gtid:"f31d99a9-b9c7-11f1-8aa7-02fc00000001:238" type:FIELD timestamp:1790440412 field_event:{table_name:"t2" fields:{name:"id" type:INT32 table:"t2" org_table:"t2" database:"vttest" org_name:"id" column_length:11 charset:63 flags:32768 column_type:"int"} fields:{name:"val" type:CHAR table:"t2" org_table:"t2" database:"vttest" org_name:"val" column_length:16 charset:255 flags:20483 column_type:"char(4)"} keyspace:"vttest" shard:"0"} current_time:1790440412505602943 keyspace:"vttest" shard:"0" commit_parent:237 sequence_number:238 event_gtid:"f31d99a9-b9c7-11f1-8aa7-02fc00000001:238" type:ROW timestamp:1790440412 row_event:{table_name:"t2" row_changes:{after:{lengths:1 lengths:3 values:"1aaa"}} keyspace:"vttest" shard:"0" flags:1} current_time:1790440412508316911 keyspace:"vttest" shard:"0" commit_parent:237 sequence_number:238 event_gtid:"f31d99a9-b9c7-11f1-8aa7-02fc00000001:238" type:ROW timestamp:1790440412 row_event:{table_name:"t2" row_changes:{after:{lengths:1 lengths:3 values:"2bbb"}} keyspace:"vttest" shard:"0" flags:1} current_time:1790440412508324236 keyspace:"vttest" shard:"0" commit_parent:237 sequence_number:238 event_gtid:"f31d99a9-b9c7-11f1-8aa7-02fc00000001:238" type:ROW timestamp:1790440412 row_event:{table_name:"t2" row_changes:{before:{lengths:1 lengths:3 values:"1aaa"} after:{lengths:2 lengths:3 values:"11aaa"}} keyspace:"vttest" shard:"0" flags:1} current_time:1790440412508325987 keyspace:"vttest" shard:"0" commit_parent:237 sequence_number:238 event_gtid:"f31d99a9-b9c7-11f1-8aa7-02fc00000001:238" type:FIELD timestamp:1790440412 field_event:{table_name:"t3" fields:{name:"id" type:INT32 table:"t3" org_table:"t3" database:"vttest" org_name:"id" column_length:11 charset:63 flags:32768 column_type:"int"} fields:{name:"val" type:BINARY table:"t3" org_table:"t3" database:"vttest" org_name:"val" column_length:16 charset:46 flags:20611 column_type:"char(4)"} keyspace:"vttest" shard:"0"} current_time:1790440412508328217 keyspace:"vttest" shard:"0" commit_parent:237 sequence_number:238 event_gtid:"f31d99a9-b9c7-11f1-8aa7-02fc00000001:238" type:ROW timestamp:1790440412 row_event:{table_name:"t3" row_changes:{after:{lengths:1 lengths:3 values:"1aaa"}} keyspace:"vttest" shard:"0" flags:1} current_time:1790440412511380021 keyspace:"vttest" shard:"0" commit_parent:237 sequence_number:238 event_gtid:"f31d99a9-b9c7-11f1-8aa7-02fc00000001:238" type:ROW timestamp:1790440412 row_event:{table_name:"t3" row_changes:{after:{lengths:1 lengths:2 values:"2bb"}} keyspace:"vttest" shard:"0" flags:1} current_time:1790440412511388913 keyspace:"vttest" shard:"0" commit_parent:237 sequence_number:238 event_gtid:"f31d99a9-b9c7-11f1-8aa7-02fc00000001:238" type:ROW timestamp:1790440412 row_event:{table_name:"t3" row_changes:{before:{lengths:1 lengths:3 values:"1aaa"} after:{lengths:2 lengths:3 values:"11aaa"}} keyspace:"vttest" shard:"0" flags:1} current_time:1790440412511392103 keyspace:"vttest" shard:"0" commit_parent:237 sequence_number:238 event_gtid:"f31d99a9-b9c7-11f1-8aa7-02fc00000001:238" type:GTID timestamp:1790440412 gtid:"MySQL56/f31d99a9-b9c7-11f1-8aa7-02fc00000001:1-238" current_time:1790440412511394650 keyspace:"vttest" shard:"0" commit_parent:237 sequence_number:238 event_gtid:"f31d99a9-b9c7-11f1-8aa7-02fc00000001:238" type:COMMIT timestamp:1790440412 current_time:1790440412511394650 keyspace:"vttest" shard:"0" commit_parent:237 sequence_number:238 event_gtid:"f31d99a9-b9c7-11f1-8aa7-02fc00000001:238"]
[2m2026-09-26 16:33:32.511 UTC[0m [92mINF[0m [2mvstreamer/vstreamer.go:1777[0m stream (at source tablet) ended @ (including the GTID we failed to process) f31d99a9-b9c7-11f1-8aa7-02fc00000001:1-238
[2m2026-09-26 16:33:32.511 UTC[0m [92mINF[0m [2mbinlog/binlog_connection.go:331[0m closing binlog socket to unblock reads
[2m2026-09-26 16:33:32.512 UTC[0m [92mINF[0m [2mbinlog/binlog_connection.go:206[0m connection closed during binlog stream (possibly intentional): read unix @->/home/vt/v4btest/data/vttest1035440681/vt_0000000001/mysql.sock: use of closed network connection
io.ReadFull(header size) failed (errno 2013) (sqlstate HY000)
[2m2026-09-26 16:33:32.512 UTC[0m [92mINF[0m [2mbinlog/binlog_connection.go:339[0m waiting for binlog dump thread to end
[2m2026-09-26 16:33:32.512 UTC[0m [92mINF[0m [2mbinlog/binlog_connection.go:345[0m closing binlog MySQL client with serverID 1980439035. Will recycle ID.
[2m2026-09-26 16:33:32.512 UTC[0m [92mINF[0m [2mvstreamer/main_test.go:154[0m Last line of runCases
[2m2026-09-26 16:33:32.512 UTC[0m [92mINF[0m [2mmysqlctl/query.go:107[0m exec drop table if exists t1, t2, t3
--- PASS: TestCellValuePadding (0.04s)
=== RUN   TestColumnCollationHandling
[2m2026-09-26 16:33:32.517 UTC[0m [92mINF[0m [2mmysqlctl/query.go:107[0m exec create table t1(id int, txt text, val char(4) collate utf8mb4_bin, id2 int, val2 varchar(64) collate utf8mb4_general_ci, valvb varbinary(128), val3 varchar(255) collate utf8mb4_ja_0900_as_cs, primary 
[2m2026-09-26 16:33:32.525 UTC[0m [92mINF[0m [2mvstreamer/main_test.go:134[0m Starting stream with current position
[2m2026-09-26 16:33:32.527 UTC[0m [92mINF[0m [2mvstreamer/uvstreamer.go:447[0m Stream() called
[2m2026-09-26 16:33:32.527 UTC[0m [92mINF[0m [2mvstreamer/uvstreamer.go:363[0m sendEventsForCurrentPos
[2m2026-09-26 16:33:32.527 UTC[0m [92mINF[0m [2mvstreamer/main_test.go:332[0m Received events: [type:GTID gtid:"MySQL56/f31d99a9-b9c7-11f1-8aa7-02fc00000001:1-240" keyspace:"vttest" shard:"0" type:OTHER keyspace:"vttest" shard:"0"]
[2m2026-09-26 16:33:32.527 UTC[0m [92mINF[0m [2mvstreamer/vstreamer.go:258[0m Starting Stream() with startPos MySQL56/f31d99a9-b9c7-11f1-8aa7-02fc00000001:1-240
[2m2026-09-26 16:33:32.528 UTC[0m [92mINF[0m [2mvstreamer/main_test.go:137[0m Starting to run test cases
[2m2026-09-26 16:33:32.528 UTC[0m [92mINF[0m [2mmysqlctl/query.go:107[0m exec begin
[2m2026-09-26 16:33:32.528 UTC[0m [92mINF[0m [2mmysqlctl/query.go:107[0m exec insert into t1 values (1, 'aaa', 'aaa', 1, 'aaa', 'aaa', 'aaa')
[2m2026-09-26 16:33:32.528 UTC[0m [92mINF[0m [2mbinlog/binlog_connection.go:118[0m new binlog connection: serverID=1980439035
[2m2026-09-26 16:33:32.528 UTC[0m [92mINF[0m [2mbinlog/binlog_connection.go:169[0m sending binlog dump command: startPos=f31d99a9-b9c7-11f1-8aa7-02fc00000001:1-240, serverID=1980439035
[2m2026-09-26 16:33:32.529 UTC[0m [92mINF[0m [2mmysqlctl/query.go:107[0m exec insert into t1 values (2, 'bb', 'bb', 1, 'bb', 'bb', 'bb')
[2m2026-09-26 16:33:32.529 UTC[0m [92mINF[0m [2mmysqlctl/query.go:107[0m exec update t1 set id = 11 where val = 'aaa'
[2m2026-09-26 16:33:32.529 UTC[0m [92mINF[0m [2mmysqlctl/query.go:107[0m exec commit
[2m2026-09-26 16:33:32.533 UTC[0m [92mINF[0m [2mvstreamer/main_test.go:332[0m Received events: [type:BEGIN timestamp:1790440412 current_time:1790440412529918640 keyspace:"vttest" shard:"0" commit_parent:240 sequence_number:241 event_gtid:"f31d99a9-b9c7-11f1-8aa7-02fc00000001:241" type:FIELD timestamp:1790440412 field_event:{table_name:"t1" fields:{name:"id" type:INT32 table:"t1" org_table:"t1" database:"vttest" org_name:"id" column_length:11 charset:63 flags:32768 column_type:"int"} fields:{name:"txt" type:TEXT table:"t1" org_table:"t1" database:"vttest" org_name:"txt" column_length:262140 charset:255 flags:16 column_type:"text"} fields:{name:"val" type:BINARY table:"t1" org_table:"t1" database:"vttest" org_name:"val" column_length:16 charset:46 flags:20611 column_type:"char(4)"} fields:{name:"id2" type:INT32 table:"t1" org_table:"t1" database:"vttest" org_name:"id2" column_length:11 charset:63 flags:32768 column_type:"int"} fields:{name:"val2" type:VARCHAR table:"t1" org_table:"t1" database:"vttest" org_name:"val2" column_length:256 charset:45 column_type:"varchar(64)"} fields:{name:"valvb" type:VARBINARY table:"t1" org_table:"t1" database:"vttest" org_name:"valvb" column_length:128 charset:63 flags:128 column_type:"varbinary(128)"} fields:{name:"val3" type:VARCHAR table:"t1" org_table:"t1" database:"vttest" org_name:"val3" column_length:1020 charset:303 column_type:"varchar(255)"} keyspace:"vttest" shard:"0"} current_time:1790440412529930435 keyspace:"vttest" shard:"0" commit_parent:240 sequence_number:241 event_gtid:"f31d99a9-b9c7-11f1-8aa7-02fc00000001:241" type:ROW timestamp:1790440412 row_event:{table_name:"t1" row_changes:{after:{lengths:1 lengths:3 lengths:3 lengths:1 lengths:3 lengths:3 lengths:3 values:"1aaaaaa1aaaaaaaaa"}} keyspace:"vttest" shard:"0" flags:1} current_time:1790440412533847717 keyspace:"vttest" shard:"0" commit_parent:240 sequence_number:241 event_gtid:"f31d99a9-b9c7-11f1-8aa7-02fc00000001:241" type:ROW timestamp:1790440412 row_event:{table_name:"t1" row_changes:{after:{lengths:1 lengths:2 lengths:2 lengths:1 lengths:2 lengths:2 lengths:2 values:"2bbbb1bbbbbb"}} keyspace:"vttest" shard:"0" flags:1} current_time:1790440412533859995 keyspace:"vttest" shard:"0" commit_parent:240 sequence_number:241 event_gtid:"f31d99a9-b9c7-11f1-8aa7-02fc00000001:241" type:ROW timestamp:1790440412 row_event:{table_name:"t1" row_changes:{before:{lengths:1 lengths:3 lengths:3 lengths:1 lengths:3 lengths:3 lengths:3 values:"1aaaaaa1aaaaaaaaa"} after:{lengths:2 lengths:3 lengths:3 lengths:1 lengths:3 lengths:3 lengths:3 values:"11aaaaaa1aaaaaaaaa"}} keyspace:"vttest" shard:"0" flags:1} current_time:1790440412533863074 keyspace:"vttest" shard:"0" commit_parent:240 sequence_number:241 event_gtid:"f31d99a9-b9c7-11f1-8aa7-02fc00000001:241" type:GTID timestamp:1790440412 gtid:"MySQL56/f31d99a9-b9c7-11f1-8aa7-02fc00000001:1-241" current_time:1790440412533865990 keyspace:"vttest" shard:"0" commit_parent:240 sequence_number:241 event_gtid:"f31d99a9-b9c7-11f1-8aa7-02fc00000001:241" type:COMMIT timestamp:1790440412 current_time:1790440412533865990 keyspace:"vttest" shard:"0" commit_parent:240 sequence_number:241 event_gtid:"f31d99a9-b9c7-11f1-8aa7-02fc00000001:241"]
[2m2026-09-26 16:33:32.536 UTC[0m [92mINF[0m [2mschema/engine.go:640[0m schema engine created [], altered [t1], dropped [t2 t3]
[2m2026-09-26 16:33:32.536 UTC[0m [92mINF[0m [2mvstreamer/vstreamer.go:1777[0m stream (at source tablet) ended @ (including the GTID we failed to process) f31d99a9-b9c7-11f1-8aa7-02fc00000001:1-241
[2m2026-09-26 16:33:32.536 UTC[0m [92mINF[0m [2mbinlog/binlog_connection.go:331[0m closing binlog socket to unblock reads
[2m2026-09-26 16:33:32.536 UTC[0m [92mINF[0m [2mbinlog/binlog_connection.go:206[0m connection closed during binlog stream (possibly intentional): read unix @->/home/vt/v4btest/data/vttest1035440681/vt_0000000001/mysql.sock: use of closed network connection
io.ReadFull(header size) failed (errno 2013) (sqlstate HY000)
[2m2026-09-26 16:33:32.536 UTC[0m [92mINF[0m [2mbinlog/binlog_connection.go:339[0m waiting for binlog dump thread to end
[2m2026-09-26 16:33:32.536 UTC[0m [92mINF[0m [2mbinlog/binlog_connection.go:345[0m closing binlog MySQL client with serverID 1980439035. Will recycle ID.
[2m2026-09-26 16:33:32.536 UTC[0m [92mINF[0m [2mvstreamer/main_test.go:154[0m Last line of runCases
[2m2026-09-26 16:33:32.536 UTC[0m [92mINF[0m [2mmysqlctl/query.go:107[0m exec drop table if exists t1
--- PASS: TestColumnCollationHandling (0.02s)
=== RUN   TestSetStatement
[2m2026-09-26 16:33:32.542 UTC[0m [92mINF[0m [2mvstreamer/vstreamer_test.go:391[0m Cannot test SetStatement on this flavor
--- PASS: TestSetStatement (0.00s)
=== RUN   TestSetForeignKeyCheck
[2m2026-09-26 16:33:32.543 UTC[0m [92mINF[0m [2mmysqlctl/query.go:107[0m exec create table t1(id int, val binary(4), primary key(id)) ENGINE=InnoDB CHARSET=utf8mb4
[2m2026-09-26 16:33:32.547 UTC[0m [92mINF[0m [2mvstreamer/main_test.go:134[0m Starting stream with current position
[2m2026-09-26 16:33:32.548 UTC[0m [92mINF[0m [2mvstreamer/uvstreamer.go:447[0m Stream() called
[2m2026-09-26 16:33:32.549 UTC[0m [92mINF[0m [2mvstreamer/uvstreamer.go:363[0m sendEventsForCurrentPos
[2m2026-09-26 16:33:32.549 UTC[0m [92mINF[0m [2mvstreamer/main_test.go:332[0m Received events: [type:GTID gtid:"MySQL56/f31d99a9-b9c7-11f1-8aa7-02fc00000001:1-243" keyspace:"vttest" shard:"0" type:OTHER keyspace:"vttest" shard:"0"]
[2m2026-09-26 16:33:32.549 UTC[0m [92mINF[0m [2mvstreamer/vstreamer.go:258[0m Starting Stream() with startPos MySQL56/f31d99a9-b9c7-11f1-8aa7-02fc00000001:1-243
[2m2026-09-26 16:33:32.549 UTC[0m [92mINF[0m [2mvstreamer/main_test.go:137[0m Starting to run test cases
[2m2026-09-26 16:33:32.549 UTC[0m [92mINF[0m [2mmysqlctl/query.go:107[0m exec begin
[2m2026-09-26 16:33:32.549 UTC[0m [92mINF[0m [2mmysqlctl/query.go:107[0m exec insert into t1 values (1, 'aaa')
[2m2026-09-26 16:33:32.549 UTC[0m [92mINF[0m [2mbinlog/binlog_connection.go:118[0m new binlog connection: serverID=1980439035
[2m2026-09-26 16:33:32.549 UTC[0m [92mINF[0m [2mbinlog/binlog_connection.go:169[0m sending binlog dump command: startPos=f31d99a9-b9c7-11f1-8aa7-02fc00000001:1-243, serverID=1980439035
[2m2026-09-26 16:33:32.550 UTC[0m [92mINF[0m [2mmysqlctl/query.go:107[0m exec set @@session.foreign_key_checks=1
[2m2026-09-26 16:33:32.550 UTC[0m [92mINF[0m [2mmysqlctl/query.go:107[0m exec insert into t1 values (2, 'bbb')
[2m2026-09-26 16:33:32.550 UTC[0m [92mINF[0m [2mmysqlctl/query.go:107[0m exec set @@session.foreign_key_checks=0
[2m2026-09-26 16:33:32.550 UTC[0m [92mINF[0m [2mmysqlctl/query.go:107[0m exec insert into t1 values (3, 'ccc')
[2m2026-09-26 16:33:32.551 UTC[0m [92mINF[0m [2mmysqlctl/query.go:107[0m exec commit
[2m2026-09-26 16:33:32.554 UTC[0m [92mINF[0m [2mschema/engine.go:640[0m schema engine created [], altered [t1], dropped []
[2m2026-09-26 16:33:32.556 UTC[0m [92mINF[0m [2mvstreamer/main_test.go:332[0m Received events: [type:BEGIN timestamp:1790440412 current_time:1790440412551248333 keyspace:"vttest" shard:"0" commit_parent:243 sequence_number:244 event_gtid:"f31d99a9-b9c7-11f1-8aa7-02fc00000001:244" type:FIELD timestamp:1790440412 field_event:{table_name:"t1" fields:{name:"id" type:INT32 table:"t1" org_table:"t1" database:"vttest" org_name:"id" column_length:11 charset:63 flags:53251 column_type:"int"} fields:{name:"val" type:BINARY table:"t1" org_table:"t1" database:"vttest" org_name:"val" column_length:4 charset:63 flags:128 column_type:"binary(4)"} keyspace:"vttest" shard:"0"} current_time:1790440412551257276 keyspace:"vttest" shard:"0" commit_parent:243 sequence_number:244 event_gtid:"f31d99a9-b9c7-11f1-8aa7-02fc00000001:244" type:ROW timestamp:1790440412 row_event:{table_name:"t1" row_changes:{after:{lengths:1 lengths:4 values:"1aaa\x00"}} keyspace:"vttest" shard:"0" flags:1} current_time:1790440412556867887 keyspace:"vttest" shard:"0" commit_parent:243 sequence_number:244 event_gtid:"f31d99a9-b9c7-11f1-8aa7-02fc00000001:244" type:ROW timestamp:1790440412 row_event:{table_name:"t1" row_changes:{after:{lengths:1 lengths:4 values:"2bbb\x00"}} keyspace:"vttest" shard:"0" flags:1} current_time:1790440412556874946 keyspace:"vttest" shard:"0" commit_parent:243 sequence_number:244 event_gtid:"f31d99a9-b9c7-11f1-8aa7-02fc00000001:244" type:ROW timestamp:1790440412 row_event:{table_name:"t1" row_changes:{after:{lengths:1 lengths:4 values:"3ccc\x00"}} keyspace:"vttest" shard:"0" flags:3} current_time:1790440412556878566 keyspace:"vttest" shard:"0" commit_parent:243 sequence_number:244 event_gtid:"f31d99a9-b9c7-11f1-8aa7-02fc00000001:244" type:GTID timestamp:1790440412 gtid:"MySQL56/f31d99a9-b9c7-11f1-8aa7-02fc00000001:1-244" current_time:1790440412556880502 keyspace:"vttest" shard:"0" commit_parent:243 sequence_number:244 event_gtid:"f31d99a9-b9c7-11f1-8aa7-02fc00000001:244" type:COMMIT timestamp:1790440412 current_time:1790440412556880502 keyspace:"vttest" shard:"0" commit_parent:243 sequence_number:244 event_gtid:"f31d99a9-b9c7-11f1-8aa7-02fc00000001:244"]
[2m2026-09-26 16:33:32.557 UTC[0m [92mINF[0m [2mvstreamer/vstreamer.go:1777[0m stream (at source tablet) ended @ (including the GTID we failed to process) f31d99a9-b9c7-11f1-8aa7-02fc00000001:1-244
[2m2026-09-26 16:33:32.557 UTC[0m [92mINF[0m [2mbinlog/binlog_connection.go:331[0m closing binlog socket to unblock reads
[2m2026-09-26 16:33:32.557 UTC[0m [92mINF[0m [2mbinlog/binlog_connection.go:206[0m connection closed during binlog stream (possibly intentional): read unix @->/home/vt/v4btest/data/vttest1035440681/vt_0000000001/mysql.sock: use of closed network connection
io.ReadFull(header size) failed (errno 2013) (sqlstate HY000)
[2m2026-09-26 16:33:32.557 UTC[0m [92mINF[0m [2mbinlog/binlog_connection.go:339[0m waiting for binlog dump thread to end
[2m2026-09-26 16:33:32.557 UTC[0m [92mINF[0m [2mbinlog/binlog_connection.go:345[0m closing binlog MySQL client with serverID 1980439035. Will recycle ID.
[2m2026-09-26 16:33:32.557 UTC[0m [92mINF[0m [2mvstreamer/main_test.go:154[0m Last line of runCases
[2m2026-09-26 16:33:32.557 UTC[0m [92mINF[0m [2mmysqlctl/query.go:107[0m exec drop table if exists t1
--- PASS: TestSetForeignKeyCheck (0.02s)
=== RUN   TestStmtComment
[2m2026-09-26 16:33:32.560 UTC[0m [92mINF[0m [2mmysqlctl/query.go:107[0m exec create table t1(id int, val varbinary(128), primary key(id)) ENGINE=InnoDB CHARSET=utf8mb4
[2m2026-09-26 16:33:32.565 UTC[0m [92mINF[0m [2mvstreamer/main_test.go:134[0m Starting stream with current position
[2m2026-09-26 16:33:32.566 UTC[0m [92mINF[0m [2mvstreamer/uvstreamer.go:447[0m Stream() called
[2m2026-09-26 16:33:32.567 UTC[0m [92mINF[0m [2mvstreamer/uvstreamer.go:363[0m sendEventsForCurrentPos
[2m2026-09-26 16:33:32.567 UTC[0m [92mINF[0m [2mvstreamer/main_test.go:332[0m Received events: [type:GTID gtid:"MySQL56/f31d99a9-b9c7-11f1-8aa7-02fc00000001:1-246" keyspace:"vttest" shard:"0" type:OTHER keyspace:"vttest" shard:"0"]
[2m2026-09-26 16:33:32.567 UTC[0m [92mINF[0m [2mvstreamer/vstreamer.go:258[0m Starting Stream() with startPos MySQL56/f31d99a9-b9c7-11f1-8aa7-02fc00000001:1-246
[2m2026-09-26 16:33:32.567 UTC[0m [92mINF[0m [2mvstreamer/main_test.go:137[0m Starting to run test cases
[2m2026-09-26 16:33:32.567 UTC[0m [92mINF[0m [2mmysqlctl/query.go:107[0m exec begin
[2m2026-09-26 16:33:32.567 UTC[0m [92mINF[0m [2mmysqlctl/query.go:107[0m exec insert into t1 values (1, 'aaa')
[2m2026-09-26 16:33:32.567 UTC[0m [92mINF[0m [2mbinlog/binlog_connection.go:118[0m new binlog connection: serverID=1980439035
[2m2026-09-26 16:33:32.567 UTC[0m [92mINF[0m [2mbinlog/binlog_connection.go:169[0m sending binlog dump command: startPos=f31d99a9-b9c7-11f1-8aa7-02fc00000001:1-246, serverID=1980439035
[2m2026-09-26 16:33:32.568 UTC[0m [92mINF[0m [2mmysqlctl/query.go:107[0m exec commit
[2m2026-09-26 16:33:32.568 UTC[0m [92mINF[0m [2mmysqlctl/query.go:107[0m exec /*!40000 ALTER TABLE `t1` DISABLE KEYS */
[2m2026-09-26 16:33:32.572 UTC[0m [92mINF[0m [2mvstreamer/main_test.go:332[0m Received events: [type:BEGIN timestamp:1790440412 current_time:1790440412568473699 keyspace:"vttest" shard:"0" commit_parent:246 sequence_number:247 event_gtid:"f31d99a9-b9c7-11f1-8aa7-02fc00000001:247" type:FIELD timestamp:1790440412 field_event:{table_name:"t1" fields:{name:"id" type:INT32 table:"t1" org_table:"t1" database:"vttest" org_name:"id" column_length:11 charset:63 flags:53251 column_type:"int"} fields:{name:"val" type:VARBINARY table:"t1" org_table:"t1" database:"vttest" org_name:"val" column_length:128 charset:63 flags:128 column_type:"varbinary(128)"} keyspace:"vttest" shard:"0"} current_time:1790440412568480895 keyspace:"vttest" shard:"0" commit_parent:246 sequence_number:247 event_gtid:"f31d99a9-b9c7-11f1-8aa7-02fc00000001:247" type:ROW timestamp:1790440412 row_event:{table_name:"t1" row_changes:{after:{lengths:1 lengths:3 values:"1aaa"}} keyspace:"vttest" shard:"0" flags:3} current_time:1790440412572325559 keyspace:"vttest" shard:"0" commit_parent:246 sequence_number:247 event_gtid:"f31d99a9-b9c7-11f1-8aa7-02fc00000001:247" type:GTID timestamp:1790440412 gtid:"MySQL56/f31d99a9-b9c7-11f1-8aa7-02fc00000001:1-247" current_time:1790440412572331813 keyspace:"vttest" shard:"0" commit_parent:246 sequence_number:247 event_gtid:"f31d99a9-b9c7-11f1-8aa7-02fc00000001:247" type:COMMIT timestamp:1790440412 current_time:1790440412572331813 keyspace:"vttest" shard:"0" commit_parent:246 sequence_number:247 event_gtid:"f31d99a9-b9c7-11f1-8aa7-02fc00000001:247"]
[2m2026-09-26 16:33:32.574 UTC[0m [92mINF[0m [2mschema/engine.go:640[0m schema engine created [], altered [t1], dropped []
[2m2026-09-26 16:33:32.574 UTC[0m [92mINF[0m [2mvstreamer/main_test.go:332[0m Received events: [type:GTID timestamp:1790440412 gtid:"MySQL56/f31d99a9-b9c7-11f1-8aa7-02fc00000001:1-248" current_time:1790440412574897918 keyspace:"vttest" shard:"0" commit_parent:247 sequence_number:248 event_gtid:"f31d99a9-b9c7-11f1-8aa7-02fc00000001:248" type:OTHER timestamp:1790440412 current_time:1790440412574897918 keyspace:"vttest" shard:"0" commit_parent:247 sequence_number:248 event_gtid:"f31d99a9-b9c7-11f1-8aa7-02fc00000001:248"]
[2m2026-09-26 16:33:32.574 UTC[0m [92mINF[0m [2mvstreamer/vstreamer.go:1777[0m stream (at source tablet) ended @ (including the GTID we failed to process) f31d99a9-b9c7-11f1-8aa7-02fc00000001:1-248
[2m2026-09-26 16:33:32.574 UTC[0m [92mINF[0m [2mbinlog/binlog_connection.go:331[0m closing binlog socket to unblock reads
[2m2026-09-26 16:33:32.575 UTC[0m [92mINF[0m [2mbinlog/binlog_connection.go:206[0m connection closed during binlog stream (possibly intentional): read unix @->/home/vt/v4btest/data/vttest1035440681/vt_0000000001/mysql.sock: use of closed network connection
io.ReadFull(header size) failed (errno 2013) (sqlstate HY000)
[2m2026-09-26 16:33:32.575 UTC[0m [92mINF[0m [2mbinlog/binlog_connection.go:339[0m waiting for binlog dump thread to end
[2m2026-09-26 16:33:32.575 UTC[0m [92mINF[0m [2mbinlog/binlog_connection.go:345[0m closing binlog MySQL client with serverID 1980439035. Will recycle ID.
[2m2026-09-26 16:33:32.575 UTC[0m [92mINF[0m [2mvstreamer/main_test.go:154[0m Last line of runCases
[2m2026-09-26 16:33:32.575 UTC[0m [92mINF[0m [2mmysqlctl/query.go:107[0m exec drop table if exists t1
--- PASS: TestStmtComment (0.02s)
=== RUN   TestVersion
[2m2026-09-26 16:33:32.577 UTC[0m [92mINF[0m [2mschema/historian.go:98[0m Historian: opening
[2m2026-09-26 16:33:32.578 UTC[0m [92mINF[0m [2mvstreamer/engine.go:171[0m VStreamer: opening
[2m2026-09-26 16:33:32.578 UTC[0m [92mINF[0m [2mmysqlctl/query.go:107[0m exec create database if not exists _vt
[2m2026-09-26 16:33:32.578 UTC[0m [92mINF[0m [2mmysqlctl/query.go:107[0m exec create table if not exists _vt.schema_version(id int, pos longblob, time_updated bigint(20), ddl varchar(10000), schemax blob, primary key(id))
[2m2026-09-26 16:33:32.579 UTC[0m [92mINF[0m [2mvstreamer/main_test.go:137[0m Starting to run test cases
[2m2026-09-26 16:33:32.579 UTC[0m [92mINF[0m [2mmysqlctl/query.go:107[0m exec insert into _vt.schema_version values(1, 'MariaDB/0-41983-20', 123, 'create table t1', _binary'\n\nt1')
[2m2026-09-26 16:33:32.580 UTC[0m [92mINF[0m [2mvstreamer/uvstreamer.go:447[0m Stream() called
[2m2026-09-26 16:33:32.581 UTC[0m [92mINF[0m [2mvstreamer/vstreamer.go:258[0m Starting Stream() with startPos MySQL56/f31d99a9-b9c7-11f1-8aa7-02fc00000001:1-251
[2m2026-09-26 16:33:32.583 UTC[0m [92mINF[0m [2mschema/engine.go:640[0m schema engine created [], altered [], dropped [t1]
[2m2026-09-26 16:33:32.584 UTC[0m [92mINF[0m [2mbinlog/binlog_connection.go:118[0m new binlog connection: serverID=1980439035
[2m2026-09-26 16:33:32.584 UTC[0m [92mINF[0m [2mbinlog/binlog_connection.go:169[0m sending binlog dump command: startPos=f31d99a9-b9c7-11f1-8aa7-02fc00000001:1-251, serverID=1980439035
[2m2026-09-26 16:33:32.585 UTC[0m [92mINF[0m [2mvstreamer/main_test.go:332[0m Received events: [type:BEGIN timestamp:1790440412 current_time:1790440412584648888 keyspace:"vttest" shard:"0" commit_parent:251 sequence_number:252 event_gtid:"f31d99a9-b9c7-11f1-8aa7-02fc00000001:252" type:VERSION timestamp:1790440412 current_time:1790440412585438824 keyspace:"vttest" shard:"0" commit_parent:251 sequence_number:252 event_gtid:"f31d99a9-b9c7-11f1-8aa7-02fc00000001:252"]
[2m2026-09-26 16:33:32.585 UTC[0m [92mINF[0m [2mvstreamer/main_test.go:332[0m Received events: [type:GTID timestamp:1790440412 gtid:"MySQL56/f31d99a9-b9c7-11f1-8aa7-02fc00000001:1-252" current_time:1790440412585805006 keyspace:"vttest" shard:"0" commit_parent:251 sequence_number:252 event_gtid:"f31d99a9-b9c7-11f1-8aa7-02fc00000001:252" type:COMMIT timestamp:1790440412 current_time:1790440412585805006 keyspace:"vttest" shard:"0" commit_parent:251 sequence_number:252 event_gtid:"f31d99a9-b9c7-11f1-8aa7-02fc00000001:252"]
[2m2026-09-26 16:33:32.585 UTC[0m [92mINF[0m [2mvstreamer/vstreamer.go:1777[0m stream (at source tablet) ended @ (including the GTID we failed to process) f31d99a9-b9c7-11f1-8aa7-02fc00000001:1-252
[2m2026-09-26 16:33:32.585 UTC[0m [92mINF[0m [2mbinlog/binlog_connection.go:331[0m closing binlog socket to unblock reads
[2m2026-09-26 16:33:32.585 UTC[0m [92mINF[0m [2mbinlog/binlog_connection.go:206[0m connection closed during binlog stream (possibly intentional): read unix @->/home/vt/v4btest/data/vttest1035440681/vt_0000000001/mysql.sock: use of closed network connection
io.ReadFull(header size) failed (errno 2013) (sqlstate HY000)
[2m2026-09-26 16:33:32.585 UTC[0m [92mINF[0m [2mbinlog/binlog_connection.go:339[0m waiting for binlog dump thread to end
[2m2026-09-26 16:33:32.585 UTC[0m [92mINF[0m [2mbinlog/binlog_connection.go:345[0m closing binlog MySQL client with serverID 1980439035. Will recycle ID.
[2m2026-09-26 16:33:32.585 UTC[0m [92mINF[0m [2mvstreamer/main_test.go:154[0m Last line of runCases
[2m2026-09-26 16:33:32.586 UTC[0m [92mINF[0m [2mmysqlctl/query.go:107[0m exec drop table _vt.schema_version
[2m2026-09-26 16:33:32.588 UTC[0m [92mINF[0m [2mvstreamer/engine.go:205[0m VStreamer: closed
[2m2026-09-26 16:33:32.588 UTC[0m [92mINF[0m [2mschema/historian.go:120[0m Historian: closed
--- PASS: TestVersion (0.01s)
=== RUN   TestHistorianStartupRefreshOnNewStream
[2m2026-09-26 16:33:32.589 UTC[0m [92mINF[0m [2mmysqlctl/query.go:107[0m exec create database if not exists _vt
[2m2026-09-26 16:33:32.589 UTC[0m [92mINF[0m [2mmysqlctl/query.go:107[0m exec create table if not exists _vt.schema_version(id int, pos longblob, time_updated bigint(20), ddl varchar(10000), schemax blob, primary key(id))
[2m2026-09-26 16:33:32.595 UTC[0m [92mINF[0m [2mmysqlctl/query.go:107[0m exec create table _vt.schema_version_test_backup_1790440412595356629 like _vt.schema_version
[2m2026-09-26 16:33:32.602 UTC[0m [92mINF[0m [2mmysqlctl/query.go:107[0m exec insert into _vt.schema_version_test_backup_1790440412595356629 select * from _vt.schema_version
[2m2026-09-26 16:33:32.603 UTC[0m [92mINF[0m [2mmysqlctl/query.go:107[0m exec delete from _vt.schema_version
[2m2026-09-26 16:33:32.603 UTC[0m [92mINF[0m [2mschema/historian.go:98[0m Historian: opening
[2m2026-09-26 16:33:32.604 UTC[0m [92mINF[0m [2mmysqlctl/query.go:107[0m exec insert into _vt.schema_version values(910001, 'MySQL56/f31d99a9-b9c7-11f1-8aa7-02fc00000001:1-256', 123, 'create table t1(id1 int, primary key(id1))', _binary'\n\nt1\nid1‡\Zt1@?P€€\Z\0')
[2m2026-09-26 16:33:32.605 UTC[0m [92mINF[0m [2mmysqlctl/query.go:107[0m exec insert into _vt.schema_version values(910002, 'MySQL56/f31d99a9-b9c7-11f1-8aa7-02fc00000001:1-257', 124, 'alter table t1 add column id2 int', _binary'\n/\nt1\nid1‡\Zt1@?P€€\nid2‡\Zt1@?P€
[2m2026-09-26 16:33:32.607 UTC[0m [92mINF[0m [2mvstreamer/uvstreamer.go:447[0m Stream() called
[2m2026-09-26 16:33:32.608 UTC[0m [92mINF[0m [2mvstreamer/uvstreamer.go:363[0m sendEventsForCurrentPos
[2m2026-09-26 16:33:32.608 UTC[0m [92mINF[0m [2mvstreamer/main_test.go:332[0m Received events: [type:GTID gtid:"MySQL56/f31d99a9-b9c7-11f1-8aa7-02fc00000001:1-258" keyspace:"vttest" shard:"0" type:OTHER keyspace:"vttest" shard:"0"]
[2m2026-09-26 16:33:32.608 UTC[0m [92mINF[0m [2mvstreamer/vstreamer.go:258[0m Starting Stream() with startPos MySQL56/f31d99a9-b9c7-11f1-8aa7-02fc00000001:1-258
[2m2026-09-26 16:33:32.608 UTC[0m [92mINF[0m [2mbinlog/binlog_connection.go:118[0m new binlog connection: serverID=1980439035
[2m2026-09-26 16:33:32.608 UTC[0m [92mINF[0m [2mbinlog/binlog_connection.go:169[0m sending binlog dump command: startPos=f31d99a9-b9c7-11f1-8aa7-02fc00000001:1-258, serverID=1980439035
[2m2026-09-26 16:33:32.608 UTC[0m [92mINF[0m [2mvstreamer/vstreamer.go:1777[0m stream (at source tablet) ended @ (including the GTID we failed to process) f31d99a9-b9c7-11f1-8aa7-02fc00000001:1-258
[2m2026-09-26 16:33:32.608 UTC[0m [92mINF[0m [2mbinlog/binlog_connection.go:331[0m closing binlog socket to unblock reads
[2m2026-09-26 16:33:32.608 UTC[0m [92mINF[0m [2mbinlog/binlog_connection.go:339[0m waiting for binlog dump thread to end
[2m2026-09-26 16:33:32.608 UTC[0m [92mINF[0m [2mbinlog/binlog_connection.go:206[0m connection closed during binlog stream (possibly intentional): read unix @->/home/vt/v4btest/data/vttest1035440681/vt_0000000001/mysql.sock: use of closed network connection
io.ReadFull(header size) failed (errno 2013) (sqlstate HY000)
[2m2026-09-26 16:33:32.608 UTC[0m [92mINF[0m [2mbinlog/binlog_connection.go:345[0m closing binlog MySQL client with serverID 1980439035. Will recycle ID.
[2m2026-09-26 16:33:32.608 UTC[0m [92mINF[0m [2mschema/historian.go:120[0m Historian: closed
[2m2026-09-26 16:33:32.609 UTC[0m [92mINF[0m [2mmysqlctl/query.go:107[0m exec delete from _vt.schema_version
[2m2026-09-26 16:33:32.609 UTC[0m [92mINF[0m [2mmysqlctl/query.go:107[0m exec insert into _vt.schema_version select * from _vt.schema_version_test_backup_1790440412595356629
[2m2026-09-26 16:33:32.609 UTC[0m [92mINF[0m [2mmysqlctl/query.go:107[0m exec drop table _vt.schema_version_test_backup_1790440412595356629
--- PASS: TestHistorianStartupRefreshOnNewStream (0.02s)
=== RUN   TestHistorianStartupRefreshFailureStopsStream
[2m2026-09-26 16:33:32.613 UTC[0m [92mINF[0m [2mschema/engine.go:253[0m Schema Engine: opening
[2m2026-09-26 16:33:32.613 UTC[0m [92mINF[0m [2mvstreamer/engine.go:171[0m VStreamer: opening
[2m2026-09-26 16:33:32.613 UTC[0m [92mINF[0m [2mschema/historian.go:98[0m Historian: opening
[2m2026-09-26 16:33:32.614 UTC[0m [92mINF[0m [2mvstreamer/uvstreamer.go:447[0m Stream() called
[2m2026-09-26 16:33:32.614 UTC[0m [91mERR[0m [2mvstreamer/vstreamer.go:1774[0m stream (at source tablet) error @ (including the GTID we failed to process) 16b1039f-22b6-11ed-b765-0a43f95f28a3:1-100: unknown error: refresh failed (errno 1105) (sqlstate HY000) during query: select id, pos, ddl, time_updated, schemax from _vt.schema_version where id > 1 order by id asc
[2m2026-09-26 16:33:32.614 UTC[0m [92mINF[0m [2mschema/historian.go:120[0m Historian: closed
[2m2026-09-26 16:33:32.614 UTC[0m [92mINF[0m [2mvstreamer/engine.go:205[0m VStreamer: closed
[2m2026-09-26 16:33:32.614 UTC[0m [92mINF[0m [2mschema/engine.go:308[0m Schema Engine: closed
--- PASS: TestHistorianStartupRefreshFailureStopsStream (0.00s)
=== RUN   TestHistorianStartupRefreshCurrentPathRefreshesOnce
[2m2026-09-26 16:33:32.615 UTC[0m [92mINF[0m [2mschema/engine.go:253[0m Schema Engine: opening
[2m2026-09-26 16:33:32.615 UTC[0m [92mINF[0m [2mvstreamer/engine.go:171[0m VStreamer: opening
[2m2026-09-26 16:33:32.615 UTC[0m [92mINF[0m [2mschema/historian.go:98[0m Historian: opening
[2m2026-09-26 16:33:32.616 UTC[0m [92mINF[0m [2mvstreamer/uvstreamer.go:447[0m Stream() called
[2m2026-09-26 16:33:32.616 UTC[0m [92mINF[0m [2mvstreamer/uvstreamer.go:363[0m sendEventsForCurrentPos
[2m2026-09-26 16:33:32.616 UTC[0m [92mINF[0m [2mvstreamer/vstreamer.go:258[0m Starting Stream() with startPos MySQL56/16b1039f-22b6-11ed-b765-0a43f95f28a3:1-100
[2m2026-09-26 16:33:32.617 UTC[0m [92mINF[0m [2mbinlog/binlog_connection.go:118[0m new binlog connection: serverID=1980439035
[2m2026-09-26 16:33:32.617 UTC[0m [92mINF[0m [2mbinlog/binlog_connection.go:169[0m sending binlog dump command: startPos=16b1039f-22b6-11ed-b765-0a43f95f28a3:1-100, serverID=1980439035
[2m2026-09-26 16:33:32.617 UTC[0m [92mINF[0m [2mvstreamer/vstreamer.go:1777[0m stream (at source tablet) ended @ (including the GTID we failed to process) 16b1039f-22b6-11ed-b765-0a43f95f28a3:1-100
[2m2026-09-26 16:33:32.617 UTC[0m [92mINF[0m [2mbinlog/binlog_connection.go:331[0m closing binlog socket to unblock reads
[2m2026-09-26 16:33:32.617 UTC[0m [92mINF[0m [2mbinlog/binlog_connection.go:206[0m connection closed during binlog stream (possibly intentional): read unix @->/tmp/fakesqldb217078375/fakesqldb.sock: use of closed network connection
io.ReadFull(header size) failed (errno 2013) (sqlstate HY000)
[2m2026-09-26 16:33:32.617 UTC[0m [92mINF[0m [2mbinlog/binlog_connection.go:339[0m waiting for binlog dump thread to end
[2m2026-09-26 16:33:32.617 UTC[0m [92mINF[0m [2mbinlog/binlog_connection.go:345[0m closing binlog MySQL client with serverID 1980439035. Will recycle ID.
[2m2026-09-26 16:33:32.617 UTC[0m [92mINF[0m [2mschema/historian.go:120[0m Historian: closed
[2m2026-09-26 16:33:32.617 UTC[0m [92mINF[0m [2mvstreamer/engine.go:205[0m VStreamer: closed
[2m2026-09-26 16:33:32.617 UTC[0m [92mINF[0m [2mschema/engine.go:308[0m Schema Engine: closed
--- PASS: TestHistorianStartupRefreshCurrentPathRefreshesOnce (0.00s)
=== RUN   TestHistorianStartupRefreshCurrentFailureIncludesCurrentPosition
[2m2026-09-26 16:33:32.617 UTC[0m [92mINF[0m [2mschema/engine.go:253[0m Schema Engine: opening
[2m2026-09-26 16:33:32.618 UTC[0m [92mINF[0m [2mvstreamer/engine.go:171[0m VStreamer: opening
[2m2026-09-26 16:33:32.618 UTC[0m [92mINF[0m [2mschema/historian.go:98[0m Historian: opening
[2m2026-09-26 16:33:32.618 UTC[0m [92mINF[0m [2mvstreamer/uvstreamer.go:447[0m Stream() called
[2m2026-09-26 16:33:32.619 UTC[0m [91mERR[0m [2mvstreamer/vstreamer.go:1774[0m stream (at source tablet) error @ (including the GTID we failed to process) 16b1039f-22b6-11ed-b765-0a43f95f28a3:1-100: unknown error: refresh failed (errno 1105) (sqlstate HY000) during query: select id, pos, ddl, time_updated, schemax from _vt.schema_version where id > 1 order by id asc
[2m2026-09-26 16:33:32.619 UTC[0m [92mINF[0m [2mschema/historian.go:120[0m Historian: closed
[2m2026-09-26 16:33:32.619 UTC[0m [92mINF[0m [2mvstreamer/engine.go:205[0m VStreamer: closed
[2m2026-09-26 16:33:32.619 UTC[0m [92mINF[0m [2mschema/engine.go:308[0m Schema Engine: closed
--- PASS: TestHistorianStartupRefreshCurrentFailureIncludesCurrentPosition (0.00s)
=== RUN   TestHistorianStartupRefreshOuterStreamRefreshesOnce
[2m2026-09-26 16:33:32.620 UTC[0m [92mINF[0m [2mschema/engine.go:253[0m Schema Engine: opening
[2m2026-09-26 16:33:32.620 UTC[0m [92mINF[0m [2mvstreamer/engine.go:171[0m VStreamer: opening
[2m2026-09-26 16:33:32.620 UTC[0m [92mINF[0m [2mschema/historian.go:98[0m Historian: opening
[2m2026-09-26 16:33:32.621 UTC[0m [92mINF[0m [2mschema/historian.go:120[0m Historian: closed
[2m2026-09-26 16:33:32.621 UTC[0m [92mINF[0m [2mvstreamer/engine.go:205[0m VStreamer: closed
[2m2026-09-26 16:33:32.621 UTC[0m [92mINF[0m [2mschema/engine.go:308[0m Schema Engine: closed
--- PASS: TestHistorianStartupRefreshOuterStreamRefreshesOnce (0.00s)
=== RUN   TestMissingTables
[2m2026-09-26 16:33:32.621 UTC[0m [92mINF[0m [2mmysqlctl/query.go:107[0m exec create table t1(id11 int, id12 int, primary key(id11)) ENGINE=InnoDB CHARSET=utf8mb4
[2m2026-09-26 16:33:32.627 UTC[0m [92mINF[0m [2mmysqlctl/query.go:107[0m exec create table shortlived(id31 int, id32 int, primary key(id31))
[2m2026-09-26 16:33:32.633 UTC[0m [92mINF[0m [2mmysqlctl/query.go:107[0m exec insert into shortlived values (1,1), (2,2)
[2m2026-09-26 16:33:32.634 UTC[0m [92mINF[0m [2mmysqlctl/query.go:107[0m exec alter table shortlived rename to _shortlived
[2m2026-09-26 16:33:32.638 UTC[0m [92mINF[0m [2mvstreamer/main_test.go:137[0m Starting to run test cases
[2m2026-09-26 16:33:32.639 UTC[0m [92mINF[0m [2mvstreamer/uvstreamer.go:447[0m Stream() called
[2m2026-09-26 16:33:32.639 UTC[0m [92mINF[0m [2mvstreamer/vstreamer.go:258[0m Starting Stream() with startPos MySQL56/f31d99a9-b9c7-11f1-8aa7-02fc00000001:1-262
[2m2026-09-26 16:33:32.643 UTC[0m [92mINF[0m [2mschema/engine.go:640[0m schema engine created [_shortlived t1], altered [], dropped []
[2m2026-09-26 16:33:32.643 UTC[0m [92mINF[0m [2mmysqlctl/query.go:107[0m exec insert into t1 values (101, 1010)
[2m2026-09-26 16:33:32.644 UTC[0m [92mINF[0m [2mbinlog/binlog_connection.go:118[0m new binlog connection: serverID=1980439035
[2m2026-09-26 16:33:32.644 UTC[0m [92mINF[0m [2mbinlog/binlog_connection.go:169[0m sending binlog dump command: startPos=f31d99a9-b9c7-11f1-8aa7-02fc00000001:1-262, serverID=1980439035
[2m2026-09-26 16:33:32.644 UTC[0m [92mINF[0m [2mvstreamer/main_test.go:332[0m Received events: [type:BEGIN timestamp:1790440412 current_time:1790440412644548453 keyspace:"vttest" shard:"0" commit_parent:262 sequence_number:263 event_gtid:"f31d99a9-b9c7-11f1-8aa7-02fc00000001:263" type:GTID timestamp:1790440412 gtid:"MySQL56/f31d99a9-b9c7-11f1-8aa7-02fc00000001:1-263" current_time:1790440412644560731 keyspace:"vttest" shard:"0" commit_parent:262 sequence_number:263 event_gtid:"f31d99a9-b9c7-11f1-8aa7-02fc00000001:263" type:COMMIT timestamp:1790440412 current_time:1790440412644560731 keyspace:"vttest" shard:"0" commit_parent:262 sequence_number:263 event_gtid:"f31d99a9-b9c7-11f1-8aa7-02fc00000001:263"]
[2m2026-09-26 16:33:32.648 UTC[0m [92mINF[0m [2mschema/engine.go:640[0m schema engine created [], altered [_shortlived t1], dropped []
[2m2026-09-26 16:33:32.652 UTC[0m [92mINF[0m [2mschema/engine.go:640[0m schema engine created [], altered [_shortlived t1], dropped []
[2m2026-09-26 16:33:32.652 UTC[0m [92mINF[0m [2mvstreamer/main_test.go:332[0m Received events: [type:GTID timestamp:1790440412 gtid:"MySQL56/f31d99a9-b9c7-11f1-8aa7-02fc00000001:1-264" current_time:1790440412648237688 keyspace:"vttest" shard:"0" commit_parent:263 sequence_number:264 event_gtid:"f31d99a9-b9c7-11f1-8aa7-02fc00000001:264" type:OTHER timestamp:1790440412 current_time:1790440412648237688 keyspace:"vttest" shard:"0" commit_parent:263 sequence_number:264 event_gtid:"f31d99a9-b9c7-11f1-8aa7-02fc00000001:264"]
[2m2026-09-26 16:33:32.655 UTC[0m [92mINF[0m [2mvstreamer/main_test.go:332[0m Received events: [type:BEGIN timestamp:1790440412 current_time:1790440412652179227 keyspace:"vttest" shard:"0" commit_parent:264 sequence_number:265 event_gtid:"f31d99a9-b9c7-11f1-8aa7-02fc00000001:265" type:FIELD timestamp:1790440412 field_event:{table_name:"t1" fields:{name:"id11" type:INT32 table:"t1" org_table:"t1" database:"vttest" org_name:"id11" column_length:11 charset:63 flags:53251 column_type:"int"} fields:{name:"id12" type:INT32 table:"t1" org_table:"t1" database:"vttest" org_name:"id12" column_length:11 charset:63 flags:32768 column_type:"int"} keyspace:"vttest" shard:"0"} current_time:1790440412652184040 keyspace:"vttest" shard:"0" commit_parent:264 sequence_number:265 event_gtid:"f31d99a9-b9c7-11f1-8aa7-02fc00000001:265" type:ROW timestamp:1790440412 row_event:{table_name:"t1" row_changes:{after:{lengths:3 lengths:4 values:"1011010"}} keyspace:"vttest" shard:"0" flags:3} current_time:1790440412655118845 keyspace:"vttest" shard:"0" commit_parent:264 sequence_number:265 event_gtid:"f31d99a9-b9c7-11f1-8aa7-02fc00000001:265" type:GTID timestamp:1790440412 gtid:"MySQL56/f31d99a9-b9c7-11f1-8aa7-02fc00000001:1-265" current_time:1790440412655125246 keyspace:"vttest" shard:"0" commit_parent:264 sequence_number:265 event_gtid:"f31d99a9-b9c7-11f1-8aa7-02fc00000001:265" type:COMMIT timestamp:1790440412 current_time:1790440412655125246 keyspace:"vttest" shard:"0" commit_parent:264 sequence_number:265 event_gtid:"f31d99a9-b9c7-11f1-8aa7-02fc00000001:265"]
[2m2026-09-26 16:33:32.655 UTC[0m [92mINF[0m [2mvstreamer/vstreamer.go:1777[0m stream (at source tablet) ended @ (including the GTID we failed to process) f31d99a9-b9c7-11f1-8aa7-02fc00000001:1-265
[2m2026-09-26 16:33:32.655 UTC[0m [92mINF[0m [2mbinlog/binlog_connection.go:331[0m closing binlog socket to unblock reads
[2m2026-09-26 16:33:32.655 UTC[0m [92mINF[0m [2mbinlog/binlog_connection.go:206[0m connection closed during binlog stream (possibly intentional): read unix @->/home/vt/v4btest/data/vttest1035440681/vt_0000000001/mysql.sock: use of closed network connection
io.ReadFull(header size) failed (errno 2013) (sqlstate HY000)
[2m2026-09-26 16:33:32.655 UTC[0m [92mINF[0m [2mbinlog/binlog_connection.go:339[0m waiting for binlog dump thread to end
[2m2026-09-26 16:33:32.655 UTC[0m [92mINF[0m [2mbinlog/binlog_connection.go:345[0m closing binlog MySQL client with serverID 1980439035. Will recycle ID.
[2m2026-09-26 16:33:32.655 UTC[0m [92mINF[0m [2mvstreamer/main_test.go:154[0m Last line of runCases
[2m2026-09-26 16:33:32.655 UTC[0m [92mINF[0m [2mmysqlctl/query.go:107[0m exec drop table _shortlived
[2m2026-09-26 16:33:32.658 UTC[0m [92mINF[0m [2mmysqlctl/query.go:107[0m exec drop table if exists t1
--- PASS: TestMissingTables (0.04s)
=== RUN   TestSidecarDBTables
[2m2026-09-26 16:33:32.661 UTC[0m [92mINF[0m [2mmysqlctl/query.go:107[0m exec create table t1(id11 int, id12 int, primary key(id11)) ENGINE=InnoDB CHARSET=utf8mb4
[2m2026-09-26 16:33:32.666 UTC[0m [92mINF[0m [2mmysqlctl/query.go:107[0m exec create table _vt.internal1(id int, primary key(id)) ENGINE=InnoDB CHARSET=utf8mb4
[2m2026-09-26 16:33:32.671 UTC[0m [92mINF[0m [2mmysqlctl/query.go:107[0m exec create table _vt.internal2(id int, primary key(id)) ENGINE=InnoDB CHARSET=utf8mb4
[2m2026-09-26 16:33:32.676 UTC[0m [92mINF[0m [2mmysqlctl/query.go:107[0m exec insert into t1 values (1, 1)
[2m2026-09-26 16:33:32.676 UTC[0m [92mINF[0m [2mmysqlctl/query.go:107[0m exec insert into t1 values (2, 2)
[2m2026-09-26 16:33:32.677 UTC[0m [92mINF[0m [2mmysqlctl/query.go:107[0m exec insert into _vt.internal1 values (1)
[2m2026-09-26 16:33:32.677 UTC[0m [92mINF[0m [2mmysqlctl/query.go:107[0m exec insert into _vt.internal2 values (1)
[2m2026-09-26 16:33:32.678 UTC[0m [92mINF[0m [2mmysqlctl/query.go:107[0m exec insert into _vt.internal2 values (2)
[2m2026-09-26 16:33:32.679 UTC[0m [92mINF[0m [2mvstreamer/uvstreamer.go:447[0m Stream() called
[2m2026-09-26 16:33:32.680 UTC[0m [92mINF[0m [2mvstreamer/vstreamer.go:258[0m Starting Stream() with startPos MySQL56/f31d99a9-b9c7-11f1-8aa7-02fc00000001:1-270
[2m2026-09-26 16:33:32.680 UTC[0m [92mINF[0m [2mbinlog/binlog_connection.go:118[0m new binlog connection: serverID=1980439035
[2m2026-09-26 16:33:32.680 UTC[0m [92mINF[0m [2mbinlog/binlog_connection.go:169[0m sending binlog dump command: startPos=f31d99a9-b9c7-11f1-8aa7-02fc00000001:1-270, serverID=1980439035
[2m2026-09-26 16:33:42.679 UTC[0m [92mINF[0m [2mvstreamer/vstreamer.go:1777[0m stream (at source tablet) ended @ (including the GTID we failed to process) f31d99a9-b9c7-11f1-8aa7-02fc00000001:1-275
[2m2026-09-26 16:33:42.679 UTC[0m [92mINF[0m [2mbinlog/binlog_connection.go:331[0m closing binlog socket to unblock reads
[2m2026-09-26 16:33:42.679 UTC[0m [92mINF[0m [2mbinlog/binlog_connection.go:206[0m connection closed during binlog stream (possibly intentional): read unix @->/home/vt/v4btest/data/vttest1035440681/vt_0000000001/mysql.sock: use of closed network connection
io.ReadFull(header size) failed (errno 2013) (sqlstate HY000)
[2m2026-09-26 16:33:42.679 UTC[0m [92mINF[0m [2mbinlog/binlog_connection.go:339[0m waiting for binlog dump thread to end
[2m2026-09-26 16:33:42.679 UTC[0m [92mINF[0m [2mbinlog/binlog_connection.go:345[0m closing binlog MySQL client with serverID 1980439035. Will recycle ID.
[2m2026-09-26 16:33:42.679 UTC[0m [92mINF[0m [2mmysqlctl/query.go:107[0m exec drop table if exists internal1, internal2, t1
[2m2026-09-26 16:33:42.684 UTC[0m [92mINF[0m [2mmysqlctl/query.go:107[0m exec drop table _vt.internal1
[2m2026-09-26 16:33:42.686 UTC[0m [92mINF[0m [2mmysqlctl/query.go:107[0m exec drop table _vt.internal2
--- PASS: TestSidecarDBTables (10.03s)
=== RUN   TestVStreamMissingFieldsInLastPK
[2m2026-09-26 16:33:42.689 UTC[0m [92mINF[0m [2mmysqlctl/query.go:107[0m exec create table t1(id11 int, id12 int, primary key(id11)) ENGINE=InnoDB CHARSET=utf8mb4
[2m2026-09-26 16:33:42.695 UTC[0m [92mINF[0m [2mvstreamer/uvstreamer.go:447[0m Stream() called
[2m2026-09-26 16:33:42.695 UTC[0m [92mINF[0m [2mmysqlctl/query.go:107[0m exec drop table if exists t1
--- PASS: TestVStreamMissingFieldsInLastPK (0.01s)
=== RUN   TestVStreamCopySimpleFlow
[2m2026-09-26 16:33:42.699 UTC[0m [92mINF[0m [2mmysqlctl/query.go:107[0m exec create table t1(id11 int, id12 int, primary key(id11)) ENGINE=InnoDB CHARSET=utf8mb4
[2m2026-09-26 16:33:42.703 UTC[0m [92mINF[0m [2mmysqlctl/query.go:107[0m exec create table t2(id21 int, id22 int, primary key(id21)) ENGINE=InnoDB CHARSET=utf8mb4
[2m2026-09-26 16:33:42.710 UTC[0m [92mINF[0m [2mvstreamer/vstreamer_test.go:976[0m Pos before bulk insert: MySQL56/f31d99a9-b9c7-11f1-8aa7-02fc00000001:1-282
[2m2026-09-26 16:33:42.710 UTC[0m [92mINF[0m [2mmysqlctl/query.go:107[0m exec insert into t1 (id11, id12) values (1, 10)
[2m2026-09-26 16:33:42.710 UTC[0m [92mINF[0m [2mmysqlctl/query.go:107[0m exec insert into t1 (id11, id12) values (2, 20)
[2m2026-09-26 16:33:42.711 UTC[0m [92mINF[0m [2mmysqlctl/query.go:107[0m exec insert into t1 (id11, id12) values (3, 30)
[2m2026-09-26 16:33:42.711 UTC[0m [92mINF[0m [2mmysqlctl/query.go:107[0m exec insert into t1 (id11, id12) values (4, 40)
[2m2026-09-26 16:33:42.711 UTC[0m [92mINF[0m [2mmysqlctl/query.go:107[0m exec insert into t1 (id11, id12) values (5, 50)
[2m2026-09-26 16:33:42.711 UTC[0m [92mINF[0m [2mmysqlctl/query.go:107[0m exec insert into t1 (id11, id12) values (6, 60)
[2m2026-09-26 16:33:42.712 UTC[0m [92mINF[0m [2mmysqlctl/query.go:107[0m exec insert into t1 (id11, id12) values (7, 70)
[2m2026-09-26 16:33:42.712 UTC[0m [92mINF[0m [2mmysqlctl/query.go:107[0m exec insert into t1 (id11, id12) values (8, 80)
[2m2026-09-26 16:33:42.712 UTC[0m [92mINF[0m [2mmysqlctl/query.go:107[0m exec insert into t1 (id11, id12) values (9, 90)
[2m2026-09-26 16:33:42.712 UTC[0m [92mINF[0m [2mmysqlctl/query.go:107[0m exec insert into t1 (id11, id12) values (10, 100)
[2m2026-09-26 16:33:42.712 UTC[0m [92mINF[0m [2mmysqlctl/query.go:107[0m exec insert into t2 (id21, id22) values (1, 20)
[2m2026-09-26 16:33:42.713 UTC[0m [92mINF[0m [2mmysqlctl/query.go:107[0m exec insert into t2 (id21, id22) values (2, 40)
[2m2026-09-26 16:33:42.714 UTC[0m [92mINF[0m [2mmysqlctl/query.go:107[0m exec insert into t2 (id21, id22) values (3, 60)
[2m2026-09-26 16:33:42.714 UTC[0m [92mINF[0m [2mmysqlctl/query.go:107[0m exec insert into t2 (id21, id22) values (4, 80)
[2m2026-09-26 16:33:42.714 UTC[0m [92mINF[0m [2mmysqlctl/query.go:107[0m exec insert into t2 (id21, id22) values (5, 100)
[2m2026-09-26 16:33:42.714 UTC[0m [92mINF[0m [2mmysqlctl/query.go:107[0m exec insert into t2 (id21, id22) values (6, 120)
[2m2026-09-26 16:33:42.714 UTC[0m [92mINF[0m [2mmysqlctl/query.go:107[0m exec insert into t2 (id21, id22) values (7, 140)
[2m2026-09-26 16:33:42.715 UTC[0m [92mINF[0m [2mmysqlctl/query.go:107[0m exec insert into t2 (id21, id22) values (8, 160)
[2m2026-09-26 16:33:42.715 UTC[0m [92mINF[0m [2mmysqlctl/query.go:107[0m exec insert into t2 (id21, id22) values (9, 180)
[2m2026-09-26 16:33:42.715 UTC[0m [92mINF[0m [2mmysqlctl/query.go:107[0m exec insert into t2 (id21, id22) values (10, 200)
[2m2026-09-26 16:33:42.716 UTC[0m [92mINF[0m [2mvstreamer/vstreamer_test.go:978[0m Pos after bulk insert: MySQL56/f31d99a9-b9c7-11f1-8aa7-02fc00000001:1-302
[2m2026-09-26 16:33:42.716 UTC[0m [92mINF[0m [2mvstreamer/main_test.go:137[0m Starting to run test cases
[2m2026-09-26 16:33:42.717 UTC[0m [92mINF[0m [2mvstreamer/uvstreamer.go:447[0m Stream() called
[2m2026-09-26 16:33:42.721 UTC[0m [92mINF[0m [2mschema/engine.go:640[0m schema engine created [t2], altered [t1], dropped [_shortlived]
[2m2026-09-26 16:33:42.721 UTC[0m [92mINF[0m [2mvstreamer/uvstreamer.go:452[0m TablePKs is not nil: starting vs.copy()
[2m2026-09-26 16:33:42.721 UTC[0m [92mINF[0m [2mvstreamer/copy.go:51[0m catchupAndCopy for t1
[2m2026-09-26 16:33:42.721 UTC[0m [92mINF[0m [2mvstreamer/copy.go:59[0m catchupAndCopy: before copyTable t1
[2m2026-09-26 16:33:42.721 UTC[0m [92mINF[0m [2mvstreamer/copy.go:216[0m Starting copyTable for t1, Filter: select * from t1, LastPK: [INT32(0)]
[2m2026-09-26 16:33:42.721 UTC[0m [92mINF[0m [2mvstreamer/engine.go:296[0m Streaming rows for query select * from t1, lastpk: [INT32(0)]
[2m2026-09-26 16:33:42.726 UTC[0m [92mINF[0m [2mvstreamer/rowstreamer.go:368[0m Streaming rows for query: select /*+ MAX_EXECUTION_TIME(3600000) */ id11, id12 from t1 force index (`PRIMARY`) where (id11 > 0) order by id11

[2m2026-09-26 16:33:42.728 UTC[0m [92mINF[0m [2mvstreamer/main_test.go:332[0m Received events: [type:BEGIN keyspace:"vttest" shard:"0" type:FIELD field_event:{table_name:"t1" fields:{name:"id11" type:INT32 table:"t1" org_table:"t1" database:"vttest" org_name:"id11" column_length:11 charset:63 flags:53251 column_type:"int"} fields:{name:"id12" type:INT32 table:"t1" org_table:"t1" database:"vttest" org_name:"id12" column_length:11 charset:63 flags:32768 column_type:"int"} keyspace:"vttest" shard:"0" enum_set_string_values:true} keyspace:"vttest" shard:"0"]
[2m2026-09-26 16:33:42.728 UTC[0m [92mINF[0m [2mvstreamer/main_test.go:332[0m Received events: [type:GTID gtid:"MySQL56/f31d99a9-b9c7-11f1-8aa7-02fc00000001:1-302" keyspace:"vttest" shard:"0"]
[2m2026-09-26 16:33:42.729 UTC[0m [92mINF[0m [2mvstreamer/main_test.go:332[0m Received events: [type:ROW row_event:{table_name:"t1" row_changes:{after:{lengths:1 lengths:2 values:"110"}} keyspace:"vttest" shard:"0"} keyspace:"vttest" shard:"0" type:ROW row_event:{table_name:"t1" row_changes:{after:{lengths:1 lengths:2 values:"220"}} keyspace:"vttest" shard:"0"} keyspace:"vttest" shard:"0" type:ROW row_event:{table_name:"t1" row_changes:{after:{lengths:1 lengths:2 values:"330"}} keyspace:"vttest" shard:"0"} keyspace:"vttest" shard:"0" type:ROW row_event:{table_name:"t1" row_changes:{after:{lengths:1 lengths:2 values:"440"}} keyspace:"vttest" shard:"0"} keyspace:"vttest" shard:"0" type:ROW row_event:{table_name:"t1" row_changes:{after:{lengths:1 lengths:2 values:"550"}} keyspace:"vttest" shard:"0"} keyspace:"vttest" shard:"0" type:ROW row_event:{table_name:"t1" row_changes:{after:{lengths:1 lengths:2 values:"660"}} keyspace:"vttest" shard:"0"} keyspace:"vttest" shard:"0" type:ROW row_event:{table_name:"t1" row_changes:{after:{lengths:1 lengths:2 values:"770"}} keyspace:"vttest" shard:"0"} keyspace:"vttest" shard:"0" type:ROW row_event:{table_name:"t1" row_changes:{after:{lengths:1 lengths:2 values:"880"}} keyspace:"vttest" shard:"0"} keyspace:"vttest" shard:"0" type:ROW row_event:{table_name:"t1" row_changes:{after:{lengths:1 lengths:2 values:"990"}} keyspace:"vttest" shard:"0"} keyspace:"vttest" shard:"0" type:ROW row_event:{table_name:"t1" row_changes:{after:{lengths:2 lengths:3 values:"10100"}} keyspace:"vttest" shard:"0"} keyspace:"vttest" shard:"0" type:LASTPK last_p_k_event:{table_last_p_k:{table_name:"t1" lastpk:{fields:{name:"id11" type:INT32 charset:63 flags:53251} rows:{lengths:2 values:"10"}}}} keyspace:"vttest" shard:"0" type:COMMIT keyspace:"vttest" shard:"0"]
[2m2026-09-26 16:33:42.729 UTC[0m [92mINF[0m [2mvstreamer/copy.go:323[0m Copy of t1 finished at lastpk: &{[name:"id11" type:INT32 charset:63 flags:53251] 0 0 false [[INT32(10)]]  0  []}
[2m2026-09-26 16:33:42.729 UTC[0m [92mINF[0m [2mvstreamer/main_test.go:332[0m Received events: [type:BEGIN keyspace:"vttest" shard:"0" type:LASTPK last_p_k_event:{table_last_p_k:{table_name:"t1"} completed:true} keyspace:"vttest" shard:"0" type:COMMIT keyspace:"vttest" shard:"0"]
[2m2026-09-26 16:33:42.729 UTC[0m [92mINF[0m [2mvstreamer/copy.go:51[0m catchupAndCopy for t2
[2m2026-09-26 16:33:42.729 UTC[0m [92mINF[0m [2mvstreamer/copy.go:66[0m starting catchup ...
[2m2026-09-26 16:33:42.729 UTC[0m [92mINF[0m [2mvstreamer/vstreamer.go:258[0m Starting Stream() with startPos MySQL56/f31d99a9-b9c7-11f1-8aa7-02fc00000001:1-302
[2m2026-09-26 16:33:42.730 UTC[0m [92mINF[0m [2mbinlog/binlog_connection.go:118[0m new binlog connection: serverID=1980439035
[2m2026-09-26 16:33:42.730 UTC[0m [92mINF[0m [2mbinlog/binlog_connection.go:169[0m sending binlog dump command: startPos=f31d99a9-b9c7-11f1-8aa7-02fc00000001:1-302, serverID=1980439035
[2m2026-09-26 16:33:43.630 UTC[0m [92mINF[0m [2mvstreamer/main_test.go:332[0m Received events: []
[2m2026-09-26 16:33:43.729 UTC[0m [92mINF[0m [2mvstreamer/copy.go:92[0m Canceling context because lag is 0:0
[2m2026-09-26 16:33:43.730 UTC[0m [92mINF[0m [2mvstreamer/vstreamer.go:1777[0m stream (at source tablet) ended @ (including the GTID we failed to process) f31d99a9-b9c7-11f1-8aa7-02fc00000001:1-302
[2m2026-09-26 16:33:43.730 UTC[0m [92mINF[0m [2mbinlog/binlog_connection.go:331[0m closing binlog socket to unblock reads
[2m2026-09-26 16:33:43.730 UTC[0m [92mINF[0m [2mbinlog/binlog_connection.go:206[0m connection closed during binlog stream (possibly intentional): read unix @->/home/vt/v4btest/data/vttest1035440681/vt_0000000001/mysql.sock: use of closed network connection
io.ReadFull(header size) failed (errno 2013) (sqlstate HY000)
[2m2026-09-26 16:33:43.730 UTC[0m [92mINF[0m [2mbinlog/binlog_connection.go:339[0m waiting for binlog dump thread to end
[2m2026-09-26 16:33:43.730 UTC[0m [92mINF[0m [2mbinlog/binlog_connection.go:345[0m closing binlog MySQL client with serverID 1980439035. Will recycle ID.
[2m2026-09-26 16:33:43.730 UTC[0m [92mINF[0m [2mvstreamer/copy.go:82[0m catchup vs.stream returned with vs.pos f31d99a9-b9c7-11f1-8aa7-02fc00000001:1-302
[2m2026-09-26 16:33:43.730 UTC[0m [92mINF[0m [2mvstreamer/copy.go:59[0m catchupAndCopy: before copyTable t2
[2m2026-09-26 16:33:43.730 UTC[0m [92mINF[0m [2mvstreamer/copy.go:216[0m Starting copyTable for t2, Filter: select * from t2, LastPK: [INT32(0)]
[2m2026-09-26 16:33:43.730 UTC[0m [92mINF[0m [2mvstreamer/engine.go:296[0m Streaming rows for query select * from t2, lastpk: [INT32(0)]
[2m2026-09-26 16:33:43.736 UTC[0m [92mINF[0m [2mvstreamer/rowstreamer.go:368[0m Streaming rows for query: select /*+ MAX_EXECUTION_TIME(3600000) */ id21, id22 from t2 force index (`PRIMARY`) where (id21 > 0) order by id21

[2m2026-09-26 16:33:43.738 UTC[0m [92mINF[0m [2mvstreamer/main_test.go:332[0m Received events: [type:BEGIN keyspace:"vttest" shard:"0" type:FIELD field_event:{table_name:"t2" fields:{name:"id21" type:INT32 table:"t2" org_table:"t2" database:"vttest" org_name:"id21" column_length:11 charset:63 flags:53251 column_type:"int"} fields:{name:"id22" type:INT32 table:"t2" org_table:"t2" database:"vttest" org_name:"id22" column_length:11 charset:63 flags:32768 column_type:"int"} keyspace:"vttest" shard:"0" enum_set_string_values:true} keyspace:"vttest" shard:"0"]
[2m2026-09-26 16:33:43.738 UTC[0m [92mINF[0m [2mvstreamer/main_test.go:332[0m Received events: [type:ROW row_event:{table_name:"t2" row_changes:{after:{lengths:1 lengths:2 values:"120"}} keyspace:"vttest" shard:"0"} keyspace:"vttest" shard:"0" type:ROW row_event:{table_name:"t2" row_changes:{after:{lengths:1 lengths:2 values:"240"}} keyspace:"vttest" shard:"0"} keyspace:"vttest" shard:"0" type:ROW row_event:{table_name:"t2" row_changes:{after:{lengths:1 lengths:2 values:"360"}} keyspace:"vttest" shard:"0"} keyspace:"vttest" shard:"0" type:ROW row_event:{table_name:"t2" row_changes:{after:{lengths:1 lengths:2 values:"480"}} keyspace:"vttest" shard:"0"} keyspace:"vttest" shard:"0" type:ROW row_event:{table_name:"t2" row_changes:{after:{lengths:1 lengths:3 values:"5100"}} keyspace:"vttest" shard:"0"} keyspace:"vttest" shard:"0" type:ROW row_event:{table_name:"t2" row_changes:{after:{lengths:1 lengths:3 values:"6120"}} keyspace:"vttest" shard:"0"} keyspace:"vttest" shard:"0" type:ROW row_event:{table_name:"t2" row_changes:{after:{lengths:1 lengths:3 values:"7140"}} keyspace:"vttest" shard:"0"} keyspace:"vttest" shard:"0" type:ROW row_event:{table_name:"t2" row_changes:{after:{lengths:1 lengths:3 values:"8160"}} keyspace:"vttest" shard:"0"} keyspace:"vttest" shard:"0" type:ROW row_event:{table_name:"t2" row_changes:{after:{lengths:1 lengths:3 values:"9180"}} keyspace:"vttest" shard:"0"} keyspace:"vttest" shard:"0" type:ROW row_event:{table_name:"t2" row_changes:{after:{lengths:2 lengths:3 values:"10200"}} keyspace:"vttest" shard:"0"} keyspace:"vttest" shard:"0" type:LASTPK last_p_k_event:{table_last_p_k:{table_name:"t2" lastpk:{fields:{name:"id21" type:INT32 charset:63 flags:53251} rows:{lengths:2 values:"10"}}}} keyspace:"vttest" shard:"0" type:COMMIT keyspace:"vttest" shard:"0"]
[2m2026-09-26 16:33:43.738 UTC[0m [92mINF[0m [2mvstreamer/copy.go:323[0m Copy of t2 finished at lastpk: &{[name:"id21" type:INT32 charset:63 flags:53251] 0 0 false [[INT32(10)]]  0  []}
[2m2026-09-26 16:33:43.738 UTC[0m [92mINF[0m [2mvstreamer/main_test.go:332[0m Received events: [type:BEGIN keyspace:"vttest" shard:"0" type:LASTPK last_p_k_event:{table_last_p_k:{table_name:"t2"} completed:true} keyspace:"vttest" shard:"0" type:COMMIT keyspace:"vttest" shard:"0"]
[2m2026-09-26 16:33:43.738 UTC[0m [92mINF[0m [2mvstreamer/copy.go:45[0m No tables left to copy
[2m2026-09-26 16:33:43.738 UTC[0m [92mINF[0m [2mvstreamer/main_test.go:332[0m Received events: [type:COPY_COMPLETED keyspace:"vttest" shard:"0"]
[2m2026-09-26 16:33:43.739 UTC[0m [92mINF[0m [2mvstreamer/vstreamer.go:258[0m Starting Stream() with startPos MySQL56/f31d99a9-b9c7-11f1-8aa7-02fc00000001:1-302
[2m2026-09-26 16:33:43.739 UTC[0m [92mINF[0m [2mmysqlctl/query.go:107[0m exec insert into t1 values (101, 1010)
[2m2026-09-26 16:33:43.739 UTC[0m [92mINF[0m [2mbinlog/binlog_connection.go:118[0m new binlog connection: serverID=1980439035
[2m2026-09-26 16:33:43.739 UTC[0m [92mINF[0m [2mbinlog/binlog_connection.go:169[0m sending binlog dump command: startPos=f31d99a9-b9c7-11f1-8aa7-02fc00000001:1-302, serverID=1980439035
[2m2026-09-26 16:33:43.744 UTC[0m [92mINF[0m [2mschema/engine.go:640[0m schema engine created [], altered [t1 t2], dropped []
[2m2026-09-26 16:33:43.747 UTC[0m [92mINF[0m [2mvstreamer/main_test.go:332[0m Received events: [type:BEGIN timestamp:1790440423 current_time:1790440423740008535 keyspace:"vttest" shard:"0" commit_parent:302 sequence_number:303 event_gtid:"f31d99a9-b9c7-11f1-8aa7-02fc00000001:303" type:FIELD timestamp:1790440423 field_event:{table_name:"t1" fields:{name:"id11" type:INT32 table:"t1" org_table:"t1" database:"vttest" org_name:"id11" column_length:11 charset:63 flags:53251 column_type:"int"} fields:{name:"id12" type:INT32 table:"t1" org_table:"t1" database:"vttest" org_name:"id12" column_length:11 charset:63 flags:32768 column_type:"int"} keyspace:"vttest" shard:"0"} current_time:1790440423740022764 keyspace:"vttest" shard:"0" commit_parent:302 sequence_number:303 event_gtid:"f31d99a9-b9c7-11f1-8aa7-02fc00000001:303" type:ROW timestamp:1790440423 row_event:{table_name:"t1" row_changes:{after:{lengths:3 lengths:4 values:"1011010"}} keyspace:"vttest" shard:"0" flags:3} current_time:1790440423747282938 keyspace:"vttest" shard:"0" commit_parent:302 sequence_number:303 event_gtid:"f31d99a9-b9c7-11f1-8aa7-02fc00000001:303" type:GTID timestamp:1790440423 gtid:"MySQL56/f31d99a9-b9c7-11f1-8aa7-02fc00000001:1-303" current_time:1790440423747291283 keyspace:"vttest" shard:"0" commit_parent:302 sequence_number:303 event_gtid:"f31d99a9-b9c7-11f1-8aa7-02fc00000001:303" type:COMMIT timestamp:1790440423 current_time:1790440423747291283 keyspace:"vttest" shard:"0" commit_parent:302 sequence_number:303 event_gtid:"f31d99a9-b9c7-11f1-8aa7-02fc00000001:303"]
[2m2026-09-26 16:33:43.747 UTC[0m [92mINF[0m [2mmysqlctl/query.go:107[0m exec insert into t2 values (202, 2020)
[2m2026-09-26 16:33:43.753 UTC[0m [92mINF[0m [2mvstreamer/main_test.go:332[0m Received events: [type:BEGIN timestamp:1790440423 current_time:1790440423748000066 keyspace:"vttest" shard:"0" commit_parent:303 sequence_number:304 event_gtid:"f31d99a9-b9c7-11f1-8aa7-02fc00000001:304" type:FIELD timestamp:1790440423 field_event:{table_name:"t2" fields:{name:"id21" type:INT32 table:"t2" org_table:"t2" database:"vttest" org_name:"id21" column_length:11 charset:63 flags:53251 column_type:"int"} fields:{name:"id22" type:INT32 table:"t2" org_table:"t2" database:"vttest" org_name:"id22" column_length:11 charset:63 flags:32768 column_type:"int"} keyspace:"vttest" shard:"0"} current_time:1790440423748010445 keyspace:"vttest" shard:"0" commit_parent:303 sequence_number:304 event_gtid:"f31d99a9-b9c7-11f1-8aa7-02fc00000001:304" type:ROW timestamp:1790440423 row_event:{table_name:"t2" row_changes:{after:{lengths:3 lengths:4 values:"2022020"}} keyspace:"vttest" shard:"0" flags:3} current_time:1790440423753181643 keyspace:"vttest" shard:"0" commit_parent:303 sequence_number:304 event_gtid:"f31d99a9-b9c7-11f1-8aa7-02fc00000001:304" type:GTID timestamp:1790440423 gtid:"MySQL56/f31d99a9-b9c7-11f1-8aa7-02fc00000001:1-304" current_time:1790440423753187673 keyspace:"vttest" shard:"0" commit_parent:303 sequence_number:304 event_gtid:"f31d99a9-b9c7-11f1-8aa7-02fc00000001:304" type:COMMIT timestamp:1790440423 current_time:1790440423753187673 keyspace:"vttest" shard:"0" commit_parent:303 sequence_number:304 event_gtid:"f31d99a9-b9c7-11f1-8aa7-02fc00000001:304"]
[2m2026-09-26 16:33:43.753 UTC[0m [92mINF[0m [2mvstreamer/vstreamer.go:1777[0m stream (at source tablet) ended @ (including the GTID we failed to process) f31d99a9-b9c7-11f1-8aa7-02fc00000001:1-304
[2m2026-09-26 16:33:43.753 UTC[0m [92mINF[0m [2mbinlog/binlog_connection.go:331[0m closing binlog socket to unblock reads
[2m2026-09-26 16:33:43.753 UTC[0m [92mINF[0m [2mbinlog/binlog_connection.go:206[0m connection closed during binlog stream (possibly intentional): read unix @->/home/vt/v4btest/data/vttest1035440681/vt_0000000001/mysql.sock: use of closed network connection
io.ReadFull(header size) failed (errno 2013) (sqlstate HY000)
[2m2026-09-26 16:33:43.753 UTC[0m [92mINF[0m [2mbinlog/binlog_connection.go:339[0m waiting for binlog dump thread to end
[2m2026-09-26 16:33:43.753 UTC[0m [92mINF[0m [2mbinlog/binlog_connection.go:345[0m closing binlog MySQL client with serverID 1980439035. Will recycle ID.
[2m2026-09-26 16:33:43.753 UTC[0m [92mINF[0m [2mvstreamer/main_test.go:154[0m Last line of runCases
[2m2026-09-26 16:33:43.753 UTC[0m [92mINF[0m [2mvstreamer/vstreamer_test.go:1067[0m Pos at end of test: MySQL56/f31d99a9-b9c7-11f1-8aa7-02fc00000001:1-304
[2m2026-09-26 16:33:43.754 UTC[0m [92mINF[0m [2mmysqlctl/query.go:107[0m exec drop table if exists t1, t2
--- PASS: TestVStreamCopySimpleFlow (1.06s)
=== RUN   TestVStreamCopyWithDifferentFilters
[2m2026-09-26 16:33:43.758 UTC[0m [92mINF[0m [2mmysqlctl/query.go:107[0m exec create table t1(id1 int, id2 int, id3 int, primary key(id1)) charset=utf8mb4 ENGINE=InnoDB CHARSET=utf8mb4
[2m2026-09-26 16:33:43.764 UTC[0m [92mINF[0m [2mmysqlctl/query.go:107[0m exec create table t2a(id1 int, id2 int, primary key(id1)) charset=utf8mb4 ENGINE=InnoDB CHARSET=utf8mb4
[2m2026-09-26 16:33:43.770 UTC[0m [92mINF[0m [2mmysqlctl/query.go:107[0m exec create table t2b(id1 varchar(20), id2 int, primary key(id1)) charset=utf8mb4 ENGINE=InnoDB CHARSET=utf8mb4
[2m2026-09-26 16:33:43.774 UTC[0m [92mINF[0m [2mmysqlctl/query.go:107[0m exec insert into t1(id1, id2, id3) values (1, 2, 3)
[2m2026-09-26 16:33:43.775 UTC[0m [92mINF[0m [2mmysqlctl/query.go:107[0m exec insert into t2a(id1, id2) values (1, 4)
[2m2026-09-26 16:33:43.776 UTC[0m [92mINF[0m [2mmysqlctl/query.go:107[0m exec insert into t2b(id1, id2) values ('b', 6)
[2m2026-09-26 16:33:43.776 UTC[0m [92mINF[0m [2mmysqlctl/query.go:107[0m exec insert into t2b(id1, id2) values ('a', 5)
[2m2026-09-26 16:33:43.778 UTC[0m [92mINF[0m [2mvstreamer/uvstreamer.go:447[0m Stream() called
[2m2026-09-26 16:33:43.778 UTC[0m [92mINF[0m [2mvstreamer/uvstreamer.go:452[0m TablePKs is not nil: starting vs.copy()
[2m2026-09-26 16:33:43.778 UTC[0m [92mINF[0m [2mvstreamer/copy.go:51[0m catchupAndCopy for t1
[2m2026-09-26 16:33:43.778 UTC[0m [92mINF[0m [2mvstreamer/copy.go:59[0m catchupAndCopy: before copyTable t1
[2m2026-09-26 16:33:43.778 UTC[0m [92mINF[0m [2mvstreamer/copy.go:216[0m Starting copyTable for t1, Filter: select id1, id2 from t1, LastPK: []
[2m2026-09-26 16:33:43.778 UTC[0m [92mINF[0m [2mvstreamer/engine.go:296[0m Streaming rows for query select id1, id2 from t1, lastpk: []
[2m2026-09-26 16:33:43.784 UTC[0m [92mINF[0m [2mvstreamer/rowstreamer.go:368[0m Streaming rows for query: select /*+ MAX_EXECUTION_TIME(3600000) */ id1, id2, id3 from t1 force index (`PRIMARY`) order by id1

[2m2026-09-26 16:33:43.786 UTC[0m [92mINF[0m [2mvstreamer/copy.go:323[0m Copy of t1 finished at lastpk: &{[name:"id1" type:INT32 charset:63 flags:53251] 0 0 false [[INT32(1)]]  0  []}
[2m2026-09-26 16:33:43.786 UTC[0m [92mINF[0m [2mvstreamer/copy.go:51[0m catchupAndCopy for t2
[2m2026-09-26 16:33:43.786 UTC[0m [92mINF[0m [2mvstreamer/copy.go:66[0m starting catchup ...
[2m2026-09-26 16:33:43.786 UTC[0m [92mINF[0m [2mvstreamer/vstreamer.go:258[0m Starting Stream() with startPos MySQL56/f31d99a9-b9c7-11f1-8aa7-02fc00000001:1-312
[2m2026-09-26 16:33:43.786 UTC[0m [92mINF[0m [2mbinlog/binlog_connection.go:118[0m new binlog connection: serverID=1980439035
[2m2026-09-26 16:33:43.786 UTC[0m [92mINF[0m [2mbinlog/binlog_connection.go:169[0m sending binlog dump command: startPos=f31d99a9-b9c7-11f1-8aa7-02fc00000001:1-312, serverID=1980439035
[2m2026-09-26 16:33:44.787 UTC[0m [92mINF[0m [2mvstreamer/copy.go:92[0m Canceling context because lag is 0:0
[2m2026-09-26 16:33:44.787 UTC[0m [92mINF[0m [2mvstreamer/vstreamer.go:1777[0m stream (at source tablet) ended @ (including the GTID we failed to process) f31d99a9-b9c7-11f1-8aa7-02fc00000001:1-312
[2m2026-09-26 16:33:44.787 UTC[0m [92mINF[0m [2mbinlog/binlog_connection.go:331[0m closing binlog socket to unblock reads
[2m2026-09-26 16:33:44.787 UTC[0m [92mINF[0m [2mbinlog/binlog_connection.go:206[0m connection closed during binlog stream (possibly intentional): read unix @->/home/vt/v4btest/data/vttest1035440681/vt_0000000001/mysql.sock: use of closed network connection
io.ReadFull(header size) failed (errno 2013) (sqlstate HY000)
[2m2026-09-26 16:33:44.787 UTC[0m [92mINF[0m [2mbinlog/binlog_connection.go:339[0m waiting for binlog dump thread to end
[2m2026-09-26 16:33:44.787 UTC[0m [92mINF[0m [2mbinlog/binlog_connection.go:345[0m closing binlog MySQL client with serverID 1980439035. Will recycle ID.
[2m2026-09-26 16:33:44.787 UTC[0m [92mINF[0m [2mvstreamer/copy.go:82[0m catchup vs.stream returned with vs.pos f31d99a9-b9c7-11f1-8aa7-02fc00000001:1-312
[2m2026-09-26 16:33:44.787 UTC[0m [92mINF[0m [2mvstreamer/copy.go:59[0m catchupAndCopy: before copyTable t2
[2m2026-09-26 16:33:44.787 UTC[0m [92mINF[0m [2mvstreamer/copy.go:216[0m Starting copyTable for t2, Filter: select * from t2, LastPK: []
[2m2026-09-26 16:33:44.787 UTC[0m [92mINF[0m [2mvstreamer/engine.go:296[0m Streaming rows for query select * from t2, lastpk: []
[2m2026-09-26 16:33:44.788 UTC[0m [91mERR[0m [2mmysqlctl/schema.go:329[0m unable to get columns for table vttest.t2 using query SELECT COLUMN_NAME as column_name
		FROM INFORMATION_SCHEMA.COLUMNS
		WHERE TABLE_SCHEMA = 'vttest' AND TABLE_NAME = 't2'
		ORDER BY ORDINAL_POSITION
[2m2026-09-26 16:33:44.788 UTC[0m [92mINF[0m [2mvstreamer/uvstreamer.go:454[0m uvstreamer.Stream() copy returned with err unable to get columns for table vttest.t2 using query SELECT COLUMN_NAME as column_name
		FROM INFORMATION_SCHEMA.COLUMNS
		WHERE TABLE_SCHEMA = 'vttest' AND TABLE_NAME = 't2'
		ORDER BY ORDINAL_POSITION
[2m2026-09-26 16:33:44.788 UTC[0m [92mINF[0m [2mmysqlctl/query.go:107[0m exec drop table if exists t1, t2a, t2b
--- PASS: TestVStreamCopyWithDifferentFilters (1.04s)
=== RUN   TestFilteredVarBinary
[2m2026-09-26 16:33:44.795 UTC[0m [92mINF[0m [2mmysqlctl/query.go:107[0m exec create table t1(id1 int, val varbinary(128), primary key(id1)) ENGINE=InnoDB CHARSET=utf8mb4
[2m2026-09-26 16:33:44.800 UTC[0m [92mINF[0m [2mvstreamer/main_test.go:134[0m Starting stream with current position
[2m2026-09-26 16:33:44.801 UTC[0m [92mINF[0m [2mvstreamer/uvstreamer.go:447[0m Stream() called
[2m2026-09-26 16:33:44.802 UTC[0m [92mINF[0m [2mvstreamer/uvstreamer.go:363[0m sendEventsForCurrentPos
[2m2026-09-26 16:33:44.802 UTC[0m [92mINF[0m [2mvstreamer/main_test.go:332[0m Received events: [type:GTID gtid:"MySQL56/f31d99a9-b9c7-11f1-8aa7-02fc00000001:1-314" keyspace:"vttest" shard:"0" type:OTHER keyspace:"vttest" shard:"0"]
[2m2026-09-26 16:33:44.802 UTC[0m [92mINF[0m [2mvstreamer/vstreamer.go:258[0m Starting Stream() with startPos MySQL56/f31d99a9-b9c7-11f1-8aa7-02fc00000001:1-314
[2m2026-09-26 16:33:44.802 UTC[0m [92mINF[0m [2mvstreamer/main_test.go:137[0m Starting to run test cases
[2m2026-09-26 16:33:44.802 UTC[0m [92mINF[0m [2mmysqlctl/query.go:107[0m exec begin
[2m2026-09-26 16:33:44.802 UTC[0m [92mINF[0m [2mmysqlctl/query.go:107[0m exec insert into t1 values (1, 'kepler')
[2m2026-09-26 16:33:44.803 UTC[0m [92mINF[0m [2mbinlog/binlog_connection.go:118[0m new binlog connection: serverID=1980439035
[2m2026-09-26 16:33:44.803 UTC[0m [92mINF[0m [2mbinlog/binlog_connection.go:169[0m sending binlog dump command: startPos=f31d99a9-b9c7-11f1-8aa7-02fc00000001:1-314, serverID=1980439035
[2m2026-09-26 16:33:44.803 UTC[0m [92mINF[0m [2mmysqlctl/query.go:107[0m exec insert into t1 values (2, 'newton')
[2m2026-09-26 16:33:44.804 UTC[0m [92mINF[0m [2mmysqlctl/query.go:107[0m exec insert into t1 values (3, 'newton')
[2m2026-09-26 16:33:44.804 UTC[0m [92mINF[0m [2mmysqlctl/query.go:107[0m exec insert into t1 values (4, 'kepler')
[2m2026-09-26 16:33:44.804 UTC[0m [92mINF[0m [2mmysqlctl/query.go:107[0m exec insert into t1 values (5, 'newton')
[2m2026-09-26 16:33:44.804 UTC[0m [92mINF[0m [2mmysqlctl/query.go:107[0m exec update t1 set val = 'newton' where id1 = 1
[2m2026-09-26 16:33:44.804 UTC[0m [92mINF[0m [2mmysqlctl/query.go:107[0m exec update t1 set val = 'kepler' where id1 = 2
[2m2026-09-26 16:33:44.805 UTC[0m [92mINF[0m [2mmysqlctl/query.go:107[0m exec update t1 set val = 'newton' where id1 = 2
[2m2026-09-26 16:33:44.805 UTC[0m [92mINF[0m [2mmysqlctl/query.go:107[0m exec update t1 set val = 'kepler' where id1 = 1
[2m2026-09-26 16:33:44.805 UTC[0m [92mINF[0m [2mmysqlctl/query.go:107[0m exec delete from t1 where id1 in (2,3)
[2m2026-09-26 16:33:44.805 UTC[0m [92mINF[0m [2mmysqlctl/query.go:107[0m exec commit
[2m2026-09-26 16:33:44.809 UTC[0m [92mINF[0m [2mschema/engine.go:640[0m schema engine created [], altered [t1], dropped [t2]
[2m2026-09-26 16:33:44.812 UTC[0m [92mINF[0m [2mvstreamer/main_test.go:332[0m Received events: [type:BEGIN timestamp:1790440424 current_time:1790440424805818149 keyspace:"vttest" shard:"0" commit_parent:314 sequence_number:315 event_gtid:"f31d99a9-b9c7-11f1-8aa7-02fc00000001:315" type:FIELD timestamp:1790440424 field_event:{table_name:"t1" fields:{name:"id1" type:INT32 table:"t1" org_table:"t1" database:"vttest" org_name:"id1" column_length:11 charset:63 flags:53251 column_type:"int"} fields:{name:"val" type:VARBINARY table:"t1" org_table:"t1" database:"vttest" org_name:"val" column_length:128 charset:63 flags:128 column_type:"varbinary(128)"} keyspace:"vttest" shard:"0"} current_time:1790440424805833407 keyspace:"vttest" shard:"0" commit_parent:314 sequence_number:315 event_gtid:"f31d99a9-b9c7-11f1-8aa7-02fc00000001:315" type:ROW timestamp:1790440424 row_event:{table_name:"t1" row_changes:{after:{lengths:1 lengths:6 values:"2newton"}} keyspace:"vttest" shard:"0" flags:3} current_time:1790440424812572474 keyspace:"vttest" shard:"0" commit_parent:314 sequence_number:315 event_gtid:"f31d99a9-b9c7-11f1-8aa7-02fc00000001:315" type:ROW timestamp:1790440424 row_event:{table_name:"t1" row_changes:{after:{lengths:1 lengths:6 values:"3newton"}} keyspace:"vttest" shard:"0" flags:3} current_time:1790440424812579745 keyspace:"vttest" shard:"0" commit_parent:314 sequence_number:315 event_gtid:"f31d99a9-b9c7-11f1-8aa7-02fc00000001:315" type:ROW timestamp:1790440424 row_event:{table_name:"t1" row_changes:{after:{lengths:1 lengths:6 values:"5newton"}} keyspace:"vttest" shard:"0" flags:3} current_time:1790440424812586888 keyspace:"vttest" shard:"0" commit_parent:314 sequence_number:315 event_gtid:"f31d99a9-b9c7-11f1-8aa7-02fc00000001:315" type:ROW timestamp:1790440424 row_event:{table_name:"t1" row_changes:{before:{lengths:1 lengths:6 values:"1kepler"} after:{lengths:1 lengths:6 values:"1newton"}} keyspace:"vttest" shard:"0" flags:3} current_time:1790440424812589803 keyspace:"vttest" shard:"0" commit_parent:314 sequence_number:315 event_gtid:"f31d99a9-b9c7-11f1-8aa7-02fc00000001:315" type:ROW timestamp:1790440424 row_event:{table_name:"t1" row_changes:{before:{lengths:1 lengths:6 values:"2newton"} after:{lengths:1 lengths:6 values:"2kepler"}} keyspace:"vttest" shard:"0" flags:3} current_time:1790440424812593719 keyspace:"vttest" shard:"0" commit_parent:314 sequence_number:315 event_gtid:"f31d99a9-b9c7-11f1-8aa7-02fc00000001:315" type:ROW timestamp:1790440424 row_event:{table_name:"t1" row_changes:{before:{lengths:1 lengths:6 values:"2kepler"} after:{lengths:1 lengths:6 values:"2newton"}} keyspace:"vttest" shard:"0" flags:3} current_time:1790440424812597198 keyspace:"vttest" shard:"0" commit_parent:314 sequence_number:315 event_gtid:"f31d99a9-b9c7-11f1-8aa7-02fc00000001:315" type:ROW timestamp:1790440424 row_event:{table_name:"t1" row_changes:{before:{lengths:1 lengths:6 values:"1newton"} after:{lengths:1 lengths:6 values:"1kepler"}} keyspace:"vttest" shard:"0" flags:3} current_time:1790440424812600925 keyspace:"vttest" shard:"0" commit_parent:314 sequence_number:315 event_gtid:"f31d99a9-b9c7-11f1-8aa7-02fc00000001:315" type:ROW timestamp:1790440424 row_event:{table_name:"t1" row_changes:{before:{lengths:1 lengths:6 values:"2newton"}} row_changes:{before:{lengths:1 lengths:6 values:"3newton"}} keyspace:"vttest" shard:"0" flags:3} current_time:1790440424812607902 keyspace:"vttest" shard:"0" commit_parent:314 sequence_number:315 event_gtid:"f31d99a9-b9c7-11f1-8aa7-02fc00000001:315" type:GTID timestamp:1790440424 gtid:"MySQL56/f31d99a9-b9c7-11f1-8aa7-02fc00000001:1-315" current_time:1790440424812611755 keyspace:"vttest" shard:"0" commit_parent:314 sequence_number:315 event_gtid:"f31d99a9-b9c7-11f1-8aa7-02fc00000001:315" type:COMMIT timestamp:1790440424 current_time:1790440424812611755 keyspace:"vttest" shard:"0" commit_parent:314 sequence_number:315 event_gtid:"f31d99a9-b9c7-11f1-8aa7-02fc00000001:315"]
[2m2026-09-26 16:33:44.813 UTC[0m [92mINF[0m [2mvstreamer/vstreamer.go:1777[0m stream (at source tablet) ended @ (including the GTID we failed to process) f31d99a9-b9c7-11f1-8aa7-02fc00000001:1-315
[2m2026-09-26 16:33:44.813 UTC[0m [92mINF[0m [2mbinlog/binlog_connection.go:331[0m closing binlog socket to unblock reads
[2m2026-09-26 16:33:44.813 UTC[0m [92mINF[0m [2mbinlog/binlog_connection.go:206[0m connection closed during binlog stream (possibly intentional): read unix @->/home/vt/v4btest/data/vttest1035440681/vt_0000000001/mysql.sock: use of closed network connection
io.ReadFull(header size) failed (errno 2013) (sqlstate HY000)
[2m2026-09-26 16:33:44.813 UTC[0m [92mINF[0m [2mbinlog/binlog_connection.go:339[0m waiting for binlog dump thread to end
[2m2026-09-26 16:33:44.813 UTC[0m [92mINF[0m [2mbinlog/binlog_connection.go:345[0m closing binlog MySQL client with serverID 1980439035. Will recycle ID.
[2m2026-09-26 16:33:44.813 UTC[0m [92mINF[0m [2mvstreamer/main_test.go:154[0m Last line of runCases
[2m2026-09-26 16:33:44.813 UTC[0m [92mINF[0m [2mmysqlctl/query.go:107[0m exec drop table if exists t1
--- PASS: TestFilteredVarBinary (0.02s)
=== RUN   TestPartialFilteredInt
[2m2026-09-26 16:33:44.816 UTC[0m [92mINF[0m [2mmysqlctl/query.go:107[0m exec create table t1(id1 int, id2 int, primary key(id1)) ENGINE=InnoDB CHARSET=utf8mb4
[2m2026-09-26 16:33:44.820 UTC[0m [92mINF[0m [2mvstreamer/main_test.go:134[0m Starting stream with current position
[2m2026-09-26 16:33:44.821 UTC[0m [92mINF[0m [2mvstreamer/uvstreamer.go:447[0m Stream() called
[2m2026-09-26 16:33:44.822 UTC[0m [92mINF[0m [2mvstreamer/uvstreamer.go:363[0m sendEventsForCurrentPos
[2m2026-09-26 16:33:44.822 UTC[0m [92mINF[0m [2mvstreamer/main_test.go:332[0m Received events: [type:GTID gtid:"MySQL56/f31d99a9-b9c7-11f1-8aa7-02fc00000001:1-317" keyspace:"vttest" shard:"0" type:OTHER keyspace:"vttest" shard:"0"]
[2m2026-09-26 16:33:44.822 UTC[0m [92mINF[0m [2mvstreamer/vstreamer.go:258[0m Starting Stream() with startPos MySQL56/f31d99a9-b9c7-11f1-8aa7-02fc00000001:1-317
[2m2026-09-26 16:33:44.822 UTC[0m [92mINF[0m [2mvstreamer/main_test.go:137[0m Starting to run test cases
[2m2026-09-26 16:33:44.822 UTC[0m [92mINF[0m [2mmysqlctl/query.go:107[0m exec begin
[2m2026-09-26 16:33:44.822 UTC[0m [92mINF[0m [2mmysqlctl/query.go:107[0m exec insert into t1 values (1, 150)
[2m2026-09-26 16:33:44.823 UTC[0m [92mINF[0m [2mbinlog/binlog_connection.go:118[0m new binlog connection: serverID=1980439035
[2m2026-09-26 16:33:44.823 UTC[0m [92mINF[0m [2mbinlog/binlog_connection.go:169[0m sending binlog dump command: startPos=f31d99a9-b9c7-11f1-8aa7-02fc00000001:1-317, serverID=1980439035
[2m2026-09-26 16:33:44.823 UTC[0m [92mINF[0m [2mmysqlctl/query.go:107[0m exec update t1 set id2 = 100 where id1 = 1
[2m2026-09-26 16:33:44.823 UTC[0m [92mINF[0m [2mmysqlctl/query.go:107[0m exec update t1 set id2 = 200 where id1 = 1
[2m2026-09-26 16:33:44.823 UTC[0m [92mINF[0m [2mmysqlctl/query.go:107[0m exec update t1 set id2 = 110 where id1 = 1
[2m2026-09-26 16:33:44.824 UTC[0m [92mINF[0m [2mmysqlctl/query.go:107[0m exec commit
[2m2026-09-26 16:33:44.827 UTC[0m [92mINF[0m [2mschema/engine.go:640[0m schema engine created [], altered [t1], dropped []
[2m2026-09-26 16:33:44.830 UTC[0m [92mINF[0m [2mvstreamer/main_test.go:332[0m Received events: [type:BEGIN timestamp:1790440424 current_time:1790440424824335827 keyspace:"vttest" shard:"0" commit_parent:317 sequence_number:318 event_gtid:"f31d99a9-b9c7-11f1-8aa7-02fc00000001:318" type:FIELD timestamp:1790440424 field_event:{table_name:"t1" fields:{name:"id1" type:INT32 table:"t1" org_table:"t1" database:"vttest" org_name:"id1" column_length:11 charset:63 flags:53251 column_type:"int"} fields:{name:"id2" type:INT32 table:"t1" org_table:"t1" database:"vttest" org_name:"id2" column_length:11 charset:63 flags:32768 column_type:"int"} keyspace:"vttest" shard:"0"} current_time:1790440424824347903 keyspace:"vttest" shard:"0" commit_parent:317 sequence_number:318 event_gtid:"f31d99a9-b9c7-11f1-8aa7-02fc00000001:318" type:ROW timestamp:1790440424 row_event:{table_name:"t1" row_changes:{after:{lengths:1 lengths:3 values:"1150"}} keyspace:"vttest" shard:"0" flags:3} current_time:1790440424830391591 keyspace:"vttest" shard:"0" commit_parent:317 sequence_number:318 event_gtid:"f31d99a9-b9c7-11f1-8aa7-02fc00000001:318" type:ROW timestamp:1790440424 row_event:{table_name:"t1" row_changes:{before:{lengths:1 lengths:3 values:"1150"} after:{lengths:1 lengths:3 values:"1100"}} keyspace:"vttest" shard:"0" flags:3} current_time:1790440424830401443 keyspace:"vttest" shard:"0" commit_parent:317 sequence_number:318 event_gtid:"f31d99a9-b9c7-11f1-8aa7-02fc00000001:318" type:ROW timestamp:1790440424 row_event:{table_name:"t1" row_changes:{before:{lengths:1 lengths:3 values:"1200"} after:{lengths:1 lengths:3 values:"1110"}} keyspace:"vttest" shard:"0" flags:3} current_time:1790440424830428636 keyspace:"vttest" shard:"0" commit_parent:317 sequence_number:318 event_gtid:"f31d99a9-b9c7-11f1-8aa7-02fc00000001:318" type:GTID timestamp:1790440424 gtid:"MySQL56/f31d99a9-b9c7-11f1-8aa7-02fc00000001:1-318" current_time:1790440424830431855 keyspace:"vttest" shard:"0" commit_parent:317 sequence_number:318 event_gtid:"f31d99a9-b9c7-11f1-8aa7-02fc00000001:318" type:COMMIT timestamp:1790440424 current_time:1790440424830431855 keyspace:"vttest" shard:"0" commit_parent:317 sequence_number:318 event_gtid:"f31d99a9-b9c7-11f1-8aa7-02fc00000001:318"]
[2m2026-09-26 16:33:44.830 UTC[0m [92mINF[0m [2mvstreamer/vstreamer.go:1777[0m stream (at source tablet) ended @ (including the GTID we failed to process) f31d99a9-b9c7-11f1-8aa7-02fc00000001:1-318
[2m2026-09-26 16:33:44.830 UTC[0m [92mINF[0m [2mbinlog/binlog_connection.go:331[0m closing binlog socket to unblock reads
[2m2026-09-26 16:33:44.830 UTC[0m [92mINF[0m [2mbinlog/binlog_connection.go:206[0m connection closed during binlog stream (possibly intentional): read unix @->/home/vt/v4btest/data/vttest1035440681/vt_0000000001/mysql.sock: use of closed network connection
io.ReadFull(header size) failed (errno 2013) (sqlstate HY000)
[2m2026-09-26 16:33:44.830 UTC[0m [92mINF[0m [2mbinlog/binlog_connection.go:339[0m waiting for binlog dump thread to end
[2m2026-09-26 16:33:44.830 UTC[0m [92mINF[0m [2mbinlog/binlog_connection.go:345[0m closing binlog MySQL client with serverID 1980439035. Will recycle ID.
[2m2026-09-26 16:33:44.830 UTC[0m [92mINF[0m [2mvstreamer/main_test.go:154[0m Last line of runCases
[2m2026-09-26 16:33:44.830 UTC[0m [92mINF[0m [2mmysqlctl/query.go:107[0m exec drop table if exists t1
--- PASS: TestPartialFilteredInt (0.02s)
=== RUN   TestFilteredInt
[2m2026-09-26 16:33:44.834 UTC[0m [92mINF[0m [2mmysqlctl/query.go:107[0m exec create table t1(id1 int, id2 int, val varbinary(128), primary key(id1)) ENGINE=InnoDB CHARSET=utf8mb4
[2m2026-09-26 16:33:44.839 UTC[0m [92mINF[0m [2mvstreamer/main_test.go:134[0m Starting stream with current position
[2m2026-09-26 16:33:44.839 UTC[0m [92mINF[0m [2mvstreamer/uvstreamer.go:447[0m Stream() called
[2m2026-09-26 16:33:44.840 UTC[0m [92mINF[0m [2mvstreamer/uvstreamer.go:363[0m sendEventsForCurrentPos
[2m2026-09-26 16:33:44.840 UTC[0m [92mINF[0m [2mvstreamer/main_test.go:332[0m Received events: [type:GTID gtid:"MySQL56/f31d99a9-b9c7-11f1-8aa7-02fc00000001:1-320" keyspace:"vttest" shard:"0" type:OTHER keyspace:"vttest" shard:"0"]
[2m2026-09-26 16:33:44.840 UTC[0m [92mINF[0m [2mvstreamer/vstreamer.go:258[0m Starting Stream() with startPos MySQL56/f31d99a9-b9c7-11f1-8aa7-02fc00000001:1-320
[2m2026-09-26 16:33:44.840 UTC[0m [92mINF[0m [2mvstreamer/main_test.go:137[0m Starting to run test cases
[2m2026-09-26 16:33:44.840 UTC[0m [92mINF[0m [2mmysqlctl/query.go:107[0m exec begin
[2m2026-09-26 16:33:44.841 UTC[0m [92mINF[0m [2mmysqlctl/query.go:107[0m exec insert into t1 values (1, 100, 'aaa')
[2m2026-09-26 16:33:44.841 UTC[0m [92mINF[0m [2mbinlog/binlog_connection.go:118[0m new binlog connection: serverID=1980439035
[2m2026-09-26 16:33:44.841 UTC[0m [92mINF[0m [2mbinlog/binlog_connection.go:169[0m sending binlog dump command: startPos=f31d99a9-b9c7-11f1-8aa7-02fc00000001:1-320, serverID=1980439035
[2m2026-09-26 16:33:44.841 UTC[0m [92mINF[0m [2mmysqlctl/query.go:107[0m exec insert into t1 values (2, 200, 'bbb')
[2m2026-09-26 16:33:44.842 UTC[0m [92mINF[0m [2mmysqlctl/query.go:107[0m exec insert into t1 values (3, 100, 'ccc')
[2m2026-09-26 16:33:44.842 UTC[0m [92mINF[0m [2mmysqlctl/query.go:107[0m exec insert into t1 values (4, 200, 'ddd')
[2m2026-09-26 16:33:44.842 UTC[0m [92mINF[0m [2mmysqlctl/query.go:107[0m exec insert into t1 values (5, 200, 'eee')
[2m2026-09-26 16:33:44.842 UTC[0m [92mINF[0m [2mmysqlctl/query.go:107[0m exec update t1 set val = 'newddd' where id1 = 4
[2m2026-09-26 16:33:44.842 UTC[0m [92mINF[0m [2mmysqlctl/query.go:107[0m exec update t1 set id2 = 200 where id1 = 1
[2m2026-09-26 16:33:44.842 UTC[0m [92mINF[0m [2mmysqlctl/query.go:107[0m exec update t1 set id2 = 100 where id1 = 2
[2m2026-09-26 16:33:44.843 UTC[0m [92mINF[0m [2mmysqlctl/query.go:107[0m exec update t1 set id2 = 100 where id1 = 1
[2m2026-09-26 16:33:44.843 UTC[0m [92mINF[0m [2mmysqlctl/query.go:107[0m exec update t1 set id2 = 200 where id1 = 2
[2m2026-09-26 16:33:44.843 UTC[0m [92mINF[0m [2mmysqlctl/query.go:107[0m exec commit
[2m2026-09-26 16:33:44.847 UTC[0m [92mINF[0m [2mschema/engine.go:640[0m schema engine created [], altered [t1], dropped []
[2m2026-09-26 16:33:44.851 UTC[0m [92mINF[0m [2mvstreamer/main_test.go:332[0m Received events: [type:BEGIN timestamp:1790440424 current_time:1790440424843525525 keyspace:"vttest" shard:"0" commit_parent:320 sequence_number:321 event_gtid:"f31d99a9-b9c7-11f1-8aa7-02fc00000001:321" type:FIELD timestamp:1790440424 field_event:{table_name:"t1" fields:{name:"id1" type:INT32 table:"t1" org_table:"t1" database:"vttest" org_name:"id1" column_length:11 charset:63 flags:53251 column_type:"int"} fields:{name:"val" type:VARBINARY table:"t1" org_table:"t1" database:"vttest" org_name:"val" column_length:128 charset:63 flags:128 column_type:"varbinary(128)"} keyspace:"vttest" shard:"0"} current_time:1790440424843536308 keyspace:"vttest" shard:"0" commit_parent:320 sequence_number:321 event_gtid:"f31d99a9-b9c7-11f1-8aa7-02fc00000001:321" type:ROW timestamp:1790440424 row_event:{table_name:"t1" row_changes:{after:{lengths:1 lengths:3 values:"2bbb"}} keyspace:"vttest" shard:"0" flags:3} current_time:1790440424850981978 keyspace:"vttest" shard:"0" commit_parent:320 sequence_number:321 event_gtid:"f31d99a9-b9c7-11f1-8aa7-02fc00000001:321" type:ROW timestamp:1790440424 row_event:{table_name:"t1" row_changes:{after:{lengths:1 lengths:3 values:"4ddd"}} keyspace:"vttest" shard:"0" flags:3} current_time:1790440424850987094 keyspace:"vttest" shard:"0" commit_parent:320 sequence_number:321 event_gtid:"f31d99a9-b9c7-11f1-8aa7-02fc00000001:321" type:ROW timestamp:1790440424 row_event:{table_name:"t1" row_changes:{after:{lengths:1 lengths:3 values:"5eee"}} keyspace:"vttest" shard:"0" flags:3} current_time:1790440424850988792 keyspace:"vttest" shard:"0" commit_parent:320 sequence_number:321 event_gtid:"f31d99a9-b9c7-11f1-8aa7-02fc00000001:321" type:ROW timestamp:1790440424 row_event:{table_name:"t1" row_changes:{before:{lengths:1 lengths:3 values:"4ddd"} after:{lengths:1 lengths:6 values:"4newddd"}} keyspace:"vttest" shard:"0" flags:3} current_time:1790440424850990865 keyspace:"vttest" shard:"0" commit_parent:320 sequence_number:321 event_gtid:"f31d99a9-b9c7-11f1-8aa7-02fc00000001:321" type:ROW timestamp:1790440424 row_event:{table_name:"t1" row_changes:{before:{lengths:1 lengths:3 values:"1aaa"} after:{lengths:1 lengths:3 values:"1aaa"}} keyspace:"vttest" shard:"0" flags:3} current_time:1790440424850995566 keyspace:"vttest" shard:"0" commit_parent:320 sequence_number:321 event_gtid:"f31d99a9-b9c7-11f1-8aa7-02fc00000001:321" type:ROW timestamp:1790440424 row_event:{table_name:"t1" row_changes:{before:{lengths:1 lengths:3 values:"2bbb"} after:{lengths:1 lengths:3 values:"2bbb"}} keyspace:"vttest" shard:"0" flags:3} current_time:1790440424850997653 keyspace:"vttest" shard:"0" commit_parent:320 sequence_number:321 event_gtid:"f31d99a9-b9c7-11f1-8aa7-02fc00000001:321" type:ROW timestamp:1790440424 row_event:{table_name:"t1" row_changes:{before:{lengths:1 lengths:3 values:"1aaa"} after:{lengths:1 lengths:3 values:"1aaa"}} keyspace:"vttest" shard:"0" flags:3} current_time:1790440424851001357 keyspace:"vttest" shard:"0" commit_parent:320 sequence_number:321 event_gtid:"f31d99a9-b9c7-11f1-8aa7-02fc00000001:321" type:ROW timestamp:1790440424 row_event:{table_name:"t1" row_changes:{before:{lengths:1 lengths:3 values:"2bbb"} after:{lengths:1 lengths:3 values:"2bbb"}} keyspace:"vttest" shard:"0" flags:3} current_time:1790440424851010387 keyspace:"vttest" shard:"0" commit_parent:320 sequence_number:321 event_gtid:"f31d99a9-b9c7-11f1-8aa7-02fc00000001:321" type:GTID timestamp:1790440424 gtid:"MySQL56/f31d99a9-b9c7-11f1-8aa7-02fc00000001:1-321" current_time:1790440424851011891 keyspace:"vttest" shard:"0" commit_parent:320 sequence_number:321 event_gtid:"f31d99a9-b9c7-11f1-8aa7-02fc00000001:321" type:COMMIT timestamp:1790440424 current_time:1790440424851011891 keyspace:"vttest" shard:"0" commit_parent:320 sequence_number:321 event_gtid:"f31d99a9-b9c7-11f1-8aa7-02fc00000001:321"]
[2m2026-09-26 16:33:44.851 UTC[0m [92mINF[0m [2mvstreamer/vstreamer.go:1777[0m stream (at source tablet) ended @ (including the GTID we failed to process) f31d99a9-b9c7-11f1-8aa7-02fc00000001:1-321
[2m2026-09-26 16:33:44.851 UTC[0m [92mINF[0m [2mbinlog/binlog_connection.go:331[0m closing binlog socket to unblock reads
[2m2026-09-26 16:33:44.851 UTC[0m [92mINF[0m [2mbinlog/binlog_connection.go:206[0m connection closed during binlog stream (possibly intentional): read unix @->/home/vt/v4btest/data/vttest1035440681/vt_0000000001/mysql.sock: use of closed network connection
io.ReadFull(header size) failed (errno 2013) (sqlstate HY000)
[2m2026-09-26 16:33:44.851 UTC[0m [92mINF[0m [2mbinlog/binlog_connection.go:339[0m waiting for binlog dump thread to end
[2m2026-09-26 16:33:44.851 UTC[0m [92mINF[0m [2mbinlog/binlog_connection.go:345[0m closing binlog MySQL client with serverID 1980439035. Will recycle ID.
[2m2026-09-26 16:33:44.851 UTC[0m [92mINF[0m [2mvstreamer/main_test.go:154[0m Last line of runCases
[2m2026-09-26 16:33:44.851 UTC[0m [92mINF[0m [2mmysqlctl/query.go:107[0m exec drop table if exists t1
--- PASS: TestFilteredInt (0.02s)
=== RUN   TestSavepoint
[2m2026-09-26 16:33:44.854 UTC[0m [92mINF[0m [2mmysqlctl/query.go:107[0m exec create table stream1(id int, val varbinary(128), primary key(id)) ENGINE=InnoDB CHARSET=utf8mb4
[2m2026-09-26 16:33:44.859 UTC[0m [92mINF[0m [2mvstreamer/main_test.go:134[0m Starting stream with current position
[2m2026-09-26 16:33:44.860 UTC[0m [92mINF[0m [2mvstreamer/uvstreamer.go:447[0m Stream() called
[2m2026-09-26 16:33:44.861 UTC[0m [92mINF[0m [2mvstreamer/uvstreamer.go:363[0m sendEventsForCurrentPos
[2m2026-09-26 16:33:44.861 UTC[0m [92mINF[0m [2mvstreamer/main_test.go:332[0m Received events: [type:GTID gtid:"MySQL56/f31d99a9-b9c7-11f1-8aa7-02fc00000001:1-323" keyspace:"vttest" shard:"0" type:OTHER keyspace:"vttest" shard:"0"]
[2m2026-09-26 16:33:44.861 UTC[0m [92mINF[0m [2mvstreamer/vstreamer.go:258[0m Starting Stream() with startPos MySQL56/f31d99a9-b9c7-11f1-8aa7-02fc00000001:1-323
[2m2026-09-26 16:33:44.861 UTC[0m [92mINF[0m [2mvstreamer/main_test.go:137[0m Starting to run test cases
[2m2026-09-26 16:33:44.861 UTC[0m [92mINF[0m [2mmysqlctl/query.go:107[0m exec begin
[2m2026-09-26 16:33:44.861 UTC[0m [92mINF[0m [2mmysqlctl/query.go:107[0m exec insert into stream1 values (1, 'aaa')
[2m2026-09-26 16:33:44.861 UTC[0m [92mINF[0m [2mbinlog/binlog_connection.go:118[0m new binlog connection: serverID=1980439035
[2m2026-09-26 16:33:44.861 UTC[0m [92mINF[0m [2mbinlog/binlog_connection.go:169[0m sending binlog dump command: startPos=f31d99a9-b9c7-11f1-8aa7-02fc00000001:1-323, serverID=1980439035
[2m2026-09-26 16:33:44.862 UTC[0m [92mINF[0m [2mmysqlctl/query.go:107[0m exec savepoint a
[2m2026-09-26 16:33:44.862 UTC[0m [92mINF[0m [2mmysqlctl/query.go:107[0m exec insert into stream1 values (2, 'aaa')
[2m2026-09-26 16:33:44.862 UTC[0m [92mINF[0m [2mmysqlctl/query.go:107[0m exec rollback work to savepoint a
[2m2026-09-26 16:33:44.863 UTC[0m [92mINF[0m [2mmysqlctl/query.go:107[0m exec savepoint b
[2m2026-09-26 16:33:44.863 UTC[0m [92mINF[0m [2mmysqlctl/query.go:107[0m exec update stream1 set val='bbb' where id = 1
[2m2026-09-26 16:33:44.863 UTC[0m [92mINF[0m [2mmysqlctl/query.go:107[0m exec release savepoint b
[2m2026-09-26 16:33:44.863 UTC[0m [92mINF[0m [2mmysqlctl/query.go:107[0m exec commit
[2m2026-09-26 16:33:44.867 UTC[0m [92mINF[0m [2mschema/engine.go:640[0m schema engine created [stream1], altered [], dropped [t1]
[2m2026-09-26 16:33:44.870 UTC[0m [92mINF[0m [2mvstreamer/main_test.go:332[0m Received events: [type:BEGIN timestamp:1790440424 current_time:1790440424863737001 keyspace:"vttest" shard:"0" commit_parent:323 sequence_number:324 event_gtid:"f31d99a9-b9c7-11f1-8aa7-02fc00000001:324" type:FIELD timestamp:1790440424 field_event:{table_name:"stream1" fields:{name:"id" type:INT32 table:"stream1" org_table:"stream1" database:"vttest" org_name:"id" column_length:11 charset:63 flags:53251 column_type:"int"} fields:{name:"val" type:VARBINARY table:"stream1" org_table:"stream1" database:"vttest" org_name:"val" column_length:128 charset:63 flags:128 column_type:"varbinary(128)"} keyspace:"vttest" shard:"0"} current_time:1790440424863751123 keyspace:"vttest" shard:"0" commit_parent:323 sequence_number:324 event_gtid:"f31d99a9-b9c7-11f1-8aa7-02fc00000001:324" type:ROW timestamp:1790440424 row_event:{table_name:"stream1" row_changes:{after:{lengths:1 lengths:3 values:"1aaa"}} keyspace:"vttest" shard:"0" flags:3} current_time:1790440424870174274 keyspace:"vttest" shard:"0" commit_parent:323 sequence_number:324 event_gtid:"f31d99a9-b9c7-11f1-8aa7-02fc00000001:324" type:ROW timestamp:1790440424 row_event:{table_name:"stream1" row_changes:{before:{lengths:1 lengths:3 values:"1aaa"} after:{lengths:1 lengths:3 values:"1bbb"}} keyspace:"vttest" shard:"0" flags:3} current_time:1790440424870186012 keyspace:"vttest" shard:"0" commit_parent:323 sequence_number:324 event_gtid:"f31d99a9-b9c7-11f1-8aa7-02fc00000001:324" type:GTID timestamp:1790440424 gtid:"MySQL56/f31d99a9-b9c7-11f1-8aa7-02fc00000001:1-324" current_time:1790440424870188321 keyspace:"vttest" shard:"0" commit_parent:323 sequence_number:324 event_gtid:"f31d99a9-b9c7-11f1-8aa7-02fc00000001:324" type:COMMIT timestamp:1790440424 current_time:1790440424870188321 keyspace:"vttest" shard:"0" commit_parent:323 sequence_number:324 event_gtid:"f31d99a9-b9c7-11f1-8aa7-02fc00000001:324"]
[2m2026-09-26 16:33:44.870 UTC[0m [92mINF[0m [2mvstreamer/vstreamer.go:1777[0m stream (at source tablet) ended @ (including the GTID we failed to process) f31d99a9-b9c7-11f1-8aa7-02fc00000001:1-324
[2m2026-09-26 16:33:44.870 UTC[0m [92mINF[0m [2mbinlog/binlog_connection.go:331[0m closing binlog socket to unblock reads
[2m2026-09-26 16:33:44.870 UTC[0m [92mINF[0m [2mbinlog/binlog_connection.go:206[0m connection closed during binlog stream (possibly intentional): read unix @->/home/vt/v4btest/data/vttest1035440681/vt_0000000001/mysql.sock: use of closed network connection
io.ReadFull(header size) failed (errno 2013) (sqlstate HY000)
[2m2026-09-26 16:33:44.870 UTC[0m [92mINF[0m [2mbinlog/binlog_connection.go:339[0m waiting for binlog dump thread to end
[2m2026-09-26 16:33:44.870 UTC[0m [92mINF[0m [2mbinlog/binlog_connection.go:345[0m closing binlog MySQL client with serverID 1980439035. Will recycle ID.
[2m2026-09-26 16:33:44.870 UTC[0m [92mINF[0m [2mvstreamer/main_test.go:154[0m Last line of runCases
[2m2026-09-26 16:33:44.870 UTC[0m [92mINF[0m [2mmysqlctl/query.go:107[0m exec drop table if exists stream1
--- PASS: TestSavepoint (0.02s)
=== RUN   TestSavepointWithFilter
[2m2026-09-26 16:33:44.874 UTC[0m [92mINF[0m [2mmysqlctl/query.go:107[0m exec create table stream1(id int, val varbinary(128), primary key(id)) ENGINE=InnoDB CHARSET=utf8mb4
[2m2026-09-26 16:33:44.879 UTC[0m [92mINF[0m [2mmysqlctl/query.go:107[0m exec create table stream2(id int, val varbinary(128), primary key(id)) ENGINE=InnoDB CHARSET=utf8mb4
[2m2026-09-26 16:33:44.885 UTC[0m [92mINF[0m [2mvstreamer/main_test.go:134[0m Starting stream with current position
[2m2026-09-26 16:33:44.885 UTC[0m [92mINF[0m [2mvstreamer/uvstreamer.go:447[0m Stream() called
[2m2026-09-26 16:33:44.886 UTC[0m [92mINF[0m [2mvstreamer/uvstreamer.go:363[0m sendEventsForCurrentPos
[2m2026-09-26 16:33:44.886 UTC[0m [92mINF[0m [2mvstreamer/main_test.go:332[0m Received events: [type:GTID gtid:"MySQL56/f31d99a9-b9c7-11f1-8aa7-02fc00000001:1-327" keyspace:"vttest" shard:"0" type:OTHER keyspace:"vttest" shard:"0"]
[2m2026-09-26 16:33:44.886 UTC[0m [92mINF[0m [2mvstreamer/vstreamer.go:258[0m Starting Stream() with startPos MySQL56/f31d99a9-b9c7-11f1-8aa7-02fc00000001:1-327
[2m2026-09-26 16:33:44.886 UTC[0m [92mINF[0m [2mvstreamer/main_test.go:137[0m Starting to run test cases
[2m2026-09-26 16:33:44.886 UTC[0m [92mINF[0m [2mmysqlctl/query.go:107[0m exec begin
[2m2026-09-26 16:33:44.886 UTC[0m [92mINF[0m [2mmysqlctl/query.go:107[0m exec insert into stream1 values (1, 'aaa')
[2m2026-09-26 16:33:44.887 UTC[0m [92mINF[0m [2mbinlog/binlog_connection.go:118[0m new binlog connection: serverID=1980439035
[2m2026-09-26 16:33:44.887 UTC[0m [92mINF[0m [2mbinlog/binlog_connection.go:169[0m sending binlog dump command: startPos=f31d99a9-b9c7-11f1-8aa7-02fc00000001:1-327, serverID=1980439035
[2m2026-09-26 16:33:44.887 UTC[0m [92mINF[0m [2mmysqlctl/query.go:107[0m exec savepoint a
[2m2026-09-26 16:33:44.887 UTC[0m [92mINF[0m [2mmysqlctl/query.go:107[0m exec insert into stream1 values (2, 'aaa')
[2m2026-09-26 16:33:44.888 UTC[0m [92mINF[0m [2mmysqlctl/query.go:107[0m exec savepoint b
[2m2026-09-26 16:33:44.888 UTC[0m [92mINF[0m [2mmysqlctl/query.go:107[0m exec insert into stream1 values (3, 'aaa')
[2m2026-09-26 16:33:44.888 UTC[0m [92mINF[0m [2mmysqlctl/query.go:107[0m exec savepoint c
[2m2026-09-26 16:33:44.888 UTC[0m [92mINF[0m [2mmysqlctl/query.go:107[0m exec insert into stream1 values (4, 'aaa')
[2m2026-09-26 16:33:44.888 UTC[0m [92mINF[0m [2mmysqlctl/query.go:107[0m exec savepoint d
[2m2026-09-26 16:33:44.888 UTC[0m [92mINF[0m [2mmysqlctl/query.go:107[0m exec commit
[2m2026-09-26 16:33:44.889 UTC[0m [92mINF[0m [2mvstreamer/main_test.go:332[0m Received events: [type:BEGIN timestamp:1790440424 current_time:1790440424889073509 keyspace:"vttest" shard:"0" commit_parent:327 sequence_number:328 event_gtid:"f31d99a9-b9c7-11f1-8aa7-02fc00000001:328" type:GTID timestamp:1790440424 gtid:"MySQL56/f31d99a9-b9c7-11f1-8aa7-02fc00000001:1-328" current_time:1790440424889094044 keyspace:"vttest" shard:"0" commit_parent:327 sequence_number:328 event_gtid:"f31d99a9-b9c7-11f1-8aa7-02fc00000001:328" type:COMMIT timestamp:1790440424 current_time:1790440424889094044 keyspace:"vttest" shard:"0" commit_parent:327 sequence_number:328 event_gtid:"f31d99a9-b9c7-11f1-8aa7-02fc00000001:328"]
[2m2026-09-26 16:33:44.894 UTC[0m [92mINF[0m [2mschema/engine.go:640[0m schema engine created [stream2], altered [stream1], dropped []
[2m2026-09-26 16:33:44.894 UTC[0m [92mINF[0m [2mmysqlctl/query.go:107[0m exec begin
[2m2026-09-26 16:33:44.895 UTC[0m [92mINF[0m [2mmysqlctl/query.go:107[0m exec insert into stream1 values (5, 'aaa')
[2m2026-09-26 16:33:44.895 UTC[0m [92mINF[0m [2mmysqlctl/query.go:107[0m exec savepoint d
[2m2026-09-26 16:33:44.895 UTC[0m [92mINF[0m [2mmysqlctl/query.go:107[0m exec insert into stream1 values (6, 'aaa')
[2m2026-09-26 16:33:44.895 UTC[0m [92mINF[0m [2mmysqlctl/query.go:107[0m exec savepoint c
[2m2026-09-26 16:33:44.895 UTC[0m [92mINF[0m [2mmysqlctl/query.go:107[0m exec insert into stream1 values (7, 'aaa')
[2m2026-09-26 16:33:44.896 UTC[0m [92mINF[0m [2mmysqlctl/query.go:107[0m exec savepoint b
[2m2026-09-26 16:33:44.896 UTC[0m [92mINF[0m [2mmysqlctl/query.go:107[0m exec insert into stream1 values (8, 'aaa')
[2m2026-09-26 16:33:44.896 UTC[0m [92mINF[0m [2mmysqlctl/query.go:107[0m exec savepoint a
[2m2026-09-26 16:33:44.896 UTC[0m [92mINF[0m [2mmysqlctl/query.go:107[0m exec commit
[2m2026-09-26 16:33:44.896 UTC[0m [92mINF[0m [2mvstreamer/main_test.go:332[0m Received events: [type:BEGIN timestamp:1790440424 current_time:1790440424896818434 keyspace:"vttest" shard:"0" commit_parent:328 sequence_number:329 event_gtid:"f31d99a9-b9c7-11f1-8aa7-02fc00000001:329" type:GTID timestamp:1790440424 gtid:"MySQL56/f31d99a9-b9c7-11f1-8aa7-02fc00000001:1-329" current_time:1790440424896842144 keyspace:"vttest" shard:"0" commit_parent:328 sequence_number:329 event_gtid:"f31d99a9-b9c7-11f1-8aa7-02fc00000001:329" type:COMMIT timestamp:1790440424 current_time:1790440424896842144 keyspace:"vttest" shard:"0" commit_parent:328 sequence_number:329 event_gtid:"f31d99a9-b9c7-11f1-8aa7-02fc00000001:329"]
[2m2026-09-26 16:33:44.901 UTC[0m [92mINF[0m [2mschema/engine.go:640[0m schema engine created [], altered [stream1 stream2], dropped []
[2m2026-09-26 16:33:44.901 UTC[0m [92mINF[0m [2mmysqlctl/query.go:107[0m exec begin
[2m2026-09-26 16:33:44.901 UTC[0m [92mINF[0m [2mmysqlctl/query.go:107[0m exec insert into stream1 values (9, 'aaa')
[2m2026-09-26 16:33:44.902 UTC[0m [92mINF[0m [2mmysqlctl/query.go:107[0m exec savepoint a
[2m2026-09-26 16:33:44.902 UTC[0m [92mINF[0m [2mmysqlctl/query.go:107[0m exec insert into stream2 values (1, 'aaa')
[2m2026-09-26 16:33:44.902 UTC[0m [92mINF[0m [2mmysqlctl/query.go:107[0m exec savepoint b
[2m2026-09-26 16:33:44.902 UTC[0m [92mINF[0m [2mmysqlctl/query.go:107[0m exec insert into stream1 values (10, 'aaa')
[2m2026-09-26 16:33:44.902 UTC[0m [92mINF[0m [2mmysqlctl/query.go:107[0m exec savepoint c
[2m2026-09-26 16:33:44.903 UTC[0m [92mINF[0m [2mmysqlctl/query.go:107[0m exec insert into stream2 values (2, 'aaa')
[2m2026-09-26 16:33:44.903 UTC[0m [92mINF[0m [2mmysqlctl/query.go:107[0m exec savepoint d
[2m2026-09-26 16:33:44.903 UTC[0m [92mINF[0m [2mmysqlctl/query.go:107[0m exec commit
[2m2026-09-26 16:33:44.907 UTC[0m [92mINF[0m [2mschema/engine.go:640[0m schema engine created [], altered [stream1 stream2], dropped []
[2m2026-09-26 16:33:44.911 UTC[0m [92mINF[0m [2mvstreamer/main_test.go:332[0m Received events: [type:BEGIN timestamp:1790440424 current_time:1790440424903435316 keyspace:"vttest" shard:"0" commit_parent:329 sequence_number:330 event_gtid:"f31d99a9-b9c7-11f1-8aa7-02fc00000001:330" type:FIELD timestamp:1790440424 field_event:{table_name:"stream2" fields:{name:"id" type:INT32 table:"stream2" org_table:"stream2" database:"vttest" org_name:"id" column_length:11 charset:63 flags:53251 column_type:"int"} fields:{name:"val" type:VARBINARY table:"stream2" org_table:"stream2" database:"vttest" org_name:"val" column_length:128 charset:63 flags:128 column_type:"varbinary(128)"} keyspace:"vttest" shard:"0"} current_time:1790440424903453704 keyspace:"vttest" shard:"0" commit_parent:329 sequence_number:330 event_gtid:"f31d99a9-b9c7-11f1-8aa7-02fc00000001:330" type:ROW timestamp:1790440424 row_event:{table_name:"stream2" row_changes:{after:{lengths:1 lengths:3 values:"1aaa"}} keyspace:"vttest" shard:"0" flags:3} current_time:1790440424911159948 keyspace:"vttest" shard:"0" commit_parent:329 sequence_number:330 event_gtid:"f31d99a9-b9c7-11f1-8aa7-02fc00000001:330" type:ROW timestamp:1790440424 row_event:{table_name:"stream2" row_changes:{after:{lengths:1 lengths:3 values:"2aaa"}} keyspace:"vttest" shard:"0" flags:3} current_time:1790440424911179845 keyspace:"vttest" shard:"0" commit_parent:329 sequence_number:330 event_gtid:"f31d99a9-b9c7-11f1-8aa7-02fc00000001:330" type:GTID timestamp:1790440424 gtid:"MySQL56/f31d99a9-b9c7-11f1-8aa7-02fc00000001:1-330" current_time:1790440424911187800 keyspace:"vttest" shard:"0" commit_parent:329 sequence_number:330 event_gtid:"f31d99a9-b9c7-11f1-8aa7-02fc00000001:330" type:COMMIT timestamp:1790440424 current_time:1790440424911187800 keyspace:"vttest" shard:"0" commit_parent:329 sequence_number:330 event_gtid:"f31d99a9-b9c7-11f1-8aa7-02fc00000001:330"]
[2m2026-09-26 16:33:44.911 UTC[0m [92mINF[0m [2mvstreamer/vstreamer.go:1777[0m stream (at source tablet) ended @ (including the GTID we failed to process) f31d99a9-b9c7-11f1-8aa7-02fc00000001:1-330
[2m2026-09-26 16:33:44.911 UTC[0m [92mINF[0m [2mbinlog/binlog_connection.go:331[0m closing binlog socket to unblock reads
[2m2026-09-26 16:33:44.911 UTC[0m [92mINF[0m [2mbinlog/binlog_connection.go:206[0m connection closed during binlog stream (possibly intentional): read unix @->/home/vt/v4btest/data/vttest1035440681/vt_0000000001/mysql.sock: use of closed network connection
io.ReadFull(header size) failed (errno 2013) (sqlstate HY000)
[2m2026-09-26 16:33:44.911 UTC[0m [92mINF[0m [2mbinlog/binlog_connection.go:339[0m waiting for binlog dump thread to end
[2m2026-09-26 16:33:44.911 UTC[0m [92mINF[0m [2mbinlog/binlog_connection.go:345[0m closing binlog MySQL client with serverID 1980439035. Will recycle ID.
[2m2026-09-26 16:33:44.911 UTC[0m [92mINF[0m [2mvstreamer/main_test.go:154[0m Last line of runCases
[2m2026-09-26 16:33:44.911 UTC[0m [92mINF[0m [2mmysqlctl/query.go:107[0m exec drop table if exists stream1, stream2
--- PASS: TestSavepointWithFilter (0.04s)
=== RUN   TestStatements
[2m2026-09-26 16:33:44.916 UTC[0m [92mINF[0m [2mmysqlctl/query.go:107[0m exec create table stream1(id int, val varbinary(128), primary key(id)) ENGINE=InnoDB CHARSET=utf8mb4
[2m2026-09-26 16:33:44.921 UTC[0m [92mINF[0m [2mmysqlctl/query.go:107[0m exec create table stream2(id int, val varbinary(128), primary key(id)) ENGINE=InnoDB CHARSET=utf8mb4
[2m2026-09-26 16:33:44.925 UTC[0m [92mINF[0m [2mvstreamer/main_test.go:134[0m Starting stream with current position
[2m2026-09-26 16:33:44.926 UTC[0m [92mINF[0m [2mvstreamer/uvstreamer.go:447[0m Stream() called
[2m2026-09-26 16:33:44.927 UTC[0m [92mINF[0m [2mvstreamer/uvstreamer.go:363[0m sendEventsForCurrentPos
[2m2026-09-26 16:33:44.927 UTC[0m [92mINF[0m [2mvstreamer/main_test.go:332[0m Received events: [type:GTID gtid:"MySQL56/f31d99a9-b9c7-11f1-8aa7-02fc00000001:1-333" keyspace:"vttest" shard:"0" type:OTHER keyspace:"vttest" shard:"0"]
[2m2026-09-26 16:33:44.927 UTC[0m [92mINF[0m [2mvstreamer/vstreamer.go:258[0m Starting Stream() with startPos MySQL56/f31d99a9-b9c7-11f1-8aa7-02fc00000001:1-333
[2m2026-09-26 16:33:44.927 UTC[0m [92mINF[0m [2mvstreamer/main_test.go:137[0m Starting to run test cases
[2m2026-09-26 16:33:44.927 UTC[0m [92mINF[0m [2mmysqlctl/query.go:107[0m exec begin
[2m2026-09-26 16:33:44.927 UTC[0m [92mINF[0m [2mmysqlctl/query.go:107[0m exec insert into stream1 values (1, 'aaa')
[2m2026-09-26 16:33:44.928 UTC[0m [92mINF[0m [2mbinlog/binlog_connection.go:118[0m new binlog connection: serverID=1980439035
[2m2026-09-26 16:33:44.928 UTC[0m [92mINF[0m [2mbinlog/binlog_connection.go:169[0m sending binlog dump command: startPos=f31d99a9-b9c7-11f1-8aa7-02fc00000001:1-333, serverID=1980439035
[2m2026-09-26 16:33:44.928 UTC[0m [92mINF[0m [2mmysqlctl/query.go:107[0m exec update stream1 set val='bbb' where id = 1
[2m2026-09-26 16:33:44.928 UTC[0m [92mINF[0m [2mmysqlctl/query.go:107[0m exec commit
[2m2026-09-26 16:33:44.933 UTC[0m [92mINF[0m [2mschema/engine.go:640[0m schema engine created [], altered [stream1 stream2], dropped []
[2m2026-09-26 16:33:44.937 UTC[0m [92mINF[0m [2mvstreamer/main_test.go:332[0m Received events: [type:BEGIN timestamp:1790440424 current_time:1790440424928991291 keyspace:"vttest" shard:"0" commit_parent:333 sequence_number:334 event_gtid:"f31d99a9-b9c7-11f1-8aa7-02fc00000001:334" type:FIELD timestamp:1790440424 field_event:{table_name:"stream1" fields:{name:"id" type:INT32 table:"stream1" org_table:"stream1" database:"vttest" org_name:"id" column_length:11 charset:63 flags:53251 column_type:"int"} fields:{name:"val" type:VARBINARY table:"stream1" org_table:"stream1" database:"vttest" org_name:"val" column_length:128 charset:63 flags:128 column_type:"varbinary(128)"} keyspace:"vttest" shard:"0"} current_time:1790440424929000427 keyspace:"vttest" shard:"0" commit_parent:333 sequence_number:334 event_gtid:"f31d99a9-b9c7-11f1-8aa7-02fc00000001:334" type:ROW timestamp:1790440424 row_event:{table_name:"stream1" row_changes:{after:{lengths:1 lengths:3 values:"1aaa"}} keyspace:"vttest" shard:"0" flags:3} current_time:1790440424936991444 keyspace:"vttest" shard:"0" commit_parent:333 sequence_number:334 event_gtid:"f31d99a9-b9c7-11f1-8aa7-02fc00000001:334" type:ROW timestamp:1790440424 row_event:{table_name:"stream1" row_changes:{before:{lengths:1 lengths:3 values:"1aaa"} after:{lengths:1 lengths:3 values:"1bbb"}} keyspace:"vttest" shard:"0" flags:3} current_time:1790440424936997587 keyspace:"vttest" shard:"0" commit_parent:333 sequence_number:334 event_gtid:"f31d99a9-b9c7-11f1-8aa7-02fc00000001:334" type:GTID timestamp:1790440424 gtid:"MySQL56/f31d99a9-b9c7-11f1-8aa7-02fc00000001:1-334" current_time:1790440424937001618 keyspace:"vttest" shard:"0" commit_parent:333 sequence_number:334 event_gtid:"f31d99a9-b9c7-11f1-8aa7-02fc00000001:334" type:COMMIT timestamp:1790440424 current_time:1790440424937001618 keyspace:"vttest" shard:"0" commit_parent:333 sequence_number:334 event_gtid:"f31d99a9-b9c7-11f1-8aa7-02fc00000001:334"]
[2m2026-09-26 16:33:44.937 UTC[0m [92mINF[0m [2mmysqlctl/query.go:107[0m exec alter table stream1 change column val val varbinary(128)
[2m2026-09-26 16:33:44.944 UTC[0m [92mINF[0m [2mschema/engine.go:640[0m schema engine created [], altered [stream1 stream2], dropped []
[2m2026-09-26 16:33:44.944 UTC[0m [92mINF[0m [2mvstreamer/main_test.go:332[0m Received events: [type:GTID timestamp:1790440424 gtid:"MySQL56/f31d99a9-b9c7-11f1-8aa7-02fc00000001:1-335" current_time:1790440424939049482 keyspace:"vttest" shard:"0" commit_parent:334 sequence_number:335 event_gtid:"f31d99a9-b9c7-11f1-8aa7-02fc00000001:335" type:DDL timestamp:1790440424 statement:"alter table stream1 change column val val varbinary(128)" current_time:1790440424939049482 keyspace:"vttest" shard:"0" commit_parent:334 sequence_number:335 event_gtid:"f31d99a9-b9c7-11f1-8aa7-02fc00000001:335"]
[2m2026-09-26 16:33:44.948 UTC[0m [92mINF[0m [2mschema/engine.go:640[0m schema engine created [], altered [stream1 stream2], dropped []
[2m2026-09-26 16:33:44.949 UTC[0m [92mINF[0m [2mmysqlctl/query.go:107[0m exec /* prefix */ alter table stream1 change column val val varbinary(256) /* suffix */
[2m2026-09-26 16:33:44.962 UTC[0m [92mINF[0m [2mschema/engine.go:640[0m schema engine created [], altered [stream1 stream2], dropped []
[2m2026-09-26 16:33:44.962 UTC[0m [92mINF[0m [2mvstreamer/main_test.go:332[0m Received events: [type:GTID timestamp:1790440424 gtid:"MySQL56/f31d99a9-b9c7-11f1-8aa7-02fc00000001:1-336" current_time:1790440424958960725 keyspace:"vttest" shard:"0" commit_parent:335 sequence_number:336 event_gtid:"f31d99a9-b9c7-11f1-8aa7-02fc00000001:336" type:DDL timestamp:1790440424 statement:"/* prefix */ alter table stream1 change column val val varbinary(256) /* suffix */" current_time:1790440424958960725 keyspace:"vttest" shard:"0" commit_parent:335 sequence_number:336 event_gtid:"f31d99a9-b9c7-11f1-8aa7-02fc00000001:336"]
[2m2026-09-26 16:33:44.967 UTC[0m [92mINF[0m [2mschema/engine.go:640[0m schema engine created [], altered [stream1 stream2], dropped []
[2m2026-09-26 16:33:44.967 UTC[0m [92mINF[0m [2mmysqlctl/query.go:107[0m exec begin
[2m2026-09-26 16:33:44.968 UTC[0m [92mINF[0m [2mmysqlctl/query.go:107[0m exec insert into stream1 values (2, 'bbb')
[2m2026-09-26 16:33:44.968 UTC[0m [92mINF[0m [2mmysqlctl/query.go:107[0m exec insert into stream2 values (1, 'aaa')
[2m2026-09-26 16:33:44.968 UTC[0m [92mINF[0m [2mmysqlctl/query.go:107[0m exec update stream1 set val='ccc'
[2m2026-09-26 16:33:44.968 UTC[0m [92mINF[0m [2mmysqlctl/query.go:107[0m exec delete from stream1
[2m2026-09-26 16:33:44.969 UTC[0m [92mINF[0m [2mmysqlctl/query.go:107[0m exec commit
[2m2026-09-26 16:33:44.972 UTC[0m [92mINF[0m [2mschema/engine.go:640[0m schema engine created [], altered [stream1 stream2], dropped []
[2m2026-09-26 16:33:44.979 UTC[0m [92mINF[0m [2mvstreamer/main_test.go:332[0m Received events: [type:BEGIN timestamp:1790440424 current_time:1790440424969186244 keyspace:"vttest" shard:"0" commit_parent:336 sequence_number:337 event_gtid:"f31d99a9-b9c7-11f1-8aa7-02fc00000001:337" type:FIELD timestamp:1790440424 field_event:{table_name:"stream1" fields:{name:"id" type:INT32 table:"stream1" org_table:"stream1" database:"vttest" org_name:"id" column_length:11 charset:63 flags:53251 column_type:"int"} fields:{name:"val" type:VARBINARY table:"stream1" org_table:"stream1" database:"vttest" org_name:"val" column_length:256 charset:63 flags:128 column_type:"varbinary(256)"} keyspace:"vttest" shard:"0"} current_time:1790440424969195104 keyspace:"vttest" shard:"0" commit_parent:336 sequence_number:337 event_gtid:"f31d99a9-b9c7-11f1-8aa7-02fc00000001:337" type:ROW timestamp:1790440424 row_event:{table_name:"stream1" row_changes:{after:{lengths:1 lengths:3 values:"2bbb"}} keyspace:"vttest" shard:"0" flags:3} current_time:1790440424976136871 keyspace:"vttest" shard:"0" commit_parent:336 sequence_number:337 event_gtid:"f31d99a9-b9c7-11f1-8aa7-02fc00000001:337" type:FIELD timestamp:1790440424 field_event:{table_name:"stream2" fields:{name:"id" type:INT32 table:"stream2" org_table:"stream2" database:"vttest" org_name:"id" column_length:11 charset:63 flags:53251 column_type:"int"} fields:{name:"val" type:VARBINARY table:"stream2" org_table:"stream2" database:"vttest" org_name:"val" column_length:128 charset:63 flags:128 column_type:"varbinary(128)"} keyspace:"vttest" shard:"0"} current_time:1790440424976143083 keyspace:"vttest" shard:"0" commit_parent:336 sequence_number:337 event_gtid:"f31d99a9-b9c7-11f1-8aa7-02fc00000001:337" type:ROW timestamp:1790440424 row_event:{table_name:"stream2" row_changes:{after:{lengths:1 lengths:3 values:"1aaa"}} keyspace:"vttest" shard:"0" flags:3} current_time:1790440424979382934 keyspace:"vttest" shard:"0" commit_parent:336 sequence_number:337 event_gtid:"f31d99a9-b9c7-11f1-8aa7-02fc00000001:337" type:ROW timestamp:1790440424 row_event:{table_name:"stream1" row_changes:{before:{lengths:1 lengths:3 values:"1bbb"} after:{lengths:1 lengths:3 values:"1ccc"}} row_changes:{before:{lengths:1 lengths:3 values:"2bbb"} after:{lengths:1 lengths:3 values:"2ccc"}} keyspace:"vttest" shard:"0" flags:3} current_time:1790440424979394633 keyspace:"vttest" shard:"0" commit_parent:336 sequence_number:337 event_gtid:"f31d99a9-b9c7-11f1-8aa7-02fc00000001:337" type:ROW timestamp:1790440424 row_event:{table_name:"stream1" row_changes:{before:{lengths:1 lengths:3 values:"1ccc"}} row_changes:{before:{lengths:1 lengths:3 values:"2ccc"}} keyspace:"vttest" shard:"0" flags:3} current_time:1790440424979399648 keyspace:"vttest" shard:"0" commit_parent:336 sequence_number:337 event_gtid:"f31d99a9-b9c7-11f1-8aa7-02fc00000001:337" type:GTID timestamp:1790440424 gtid:"MySQL56/f31d99a9-b9c7-11f1-8aa7-02fc00000001:1-337" current_time:1790440424979404048 keyspace:"vttest" shard:"0" commit_parent:336 sequence_number:337 event_gtid:"f31d99a9-b9c7-11f1-8aa7-02fc00000001:337" type:COMMIT timestamp:1790440424 current_time:1790440424979404048 keyspace:"vttest" shard:"0" commit_parent:336 sequence_number:337 event_gtid:"f31d99a9-b9c7-11f1-8aa7-02fc00000001:337"]
[2m2026-09-26 16:33:44.979 UTC[0m [92mINF[0m [2mmysqlctl/query.go:107[0m exec truncate table stream2
[2m2026-09-26 16:33:44.988 UTC[0m [92mINF[0m [2mschema/engine.go:640[0m schema engine created [], altered [stream1 stream2], dropped []
[2m2026-09-26 16:33:44.989 UTC[0m [92mINF[0m [2mvstreamer/main_test.go:332[0m Received events: [type:GTID timestamp:1790440424 gtid:"MySQL56/f31d99a9-b9c7-11f1-8aa7-02fc00000001:1-338" current_time:1790440424984742520 keyspace:"vttest" shard:"0" commit_parent:337 sequence_number:338 event_gtid:"f31d99a9-b9c7-11f1-8aa7-02fc00000001:338" type:DDL timestamp:1790440424 statement:"truncate table stream2" current_time:1790440424984742520 keyspace:"vttest" shard:"0" commit_parent:337 sequence_number:338 event_gtid:"f31d99a9-b9c7-11f1-8aa7-02fc00000001:338"]
[2m2026-09-26 16:33:44.992 UTC[0m [92mINF[0m [2mschema/engine.go:640[0m schema engine created [], altered [stream1 stream2], dropped []
[2m2026-09-26 16:33:44.992 UTC[0m [92mINF[0m [2mmysqlctl/query.go:107[0m exec /* prefix */ alter table stream1 change column val val varbinary(128) /* suffix */
[2m2026-09-26 16:33:45.006 UTC[0m [92mINF[0m [2mschema/engine.go:640[0m schema engine created [], altered [stream1 stream2], dropped []
[2m2026-09-26 16:33:45.006 UTC[0m [92mINF[0m [2mvstreamer/main_test.go:332[0m Received events: [type:GTID timestamp:1790440424 gtid:"MySQL56/f31d99a9-b9c7-11f1-8aa7-02fc00000001:1-339" current_time:1790440425001321478 keyspace:"vttest" shard:"0" commit_parent:338 sequence_number:339 event_gtid:"f31d99a9-b9c7-11f1-8aa7-02fc00000001:339" type:DDL timestamp:1790440424 statement:"/* prefix */ alter table stream1 change column val val varbinary(128) /* suffix */" current_time:1790440425001321478 keyspace:"vttest" shard:"0" commit_parent:338 sequence_number:339 event_gtid:"f31d99a9-b9c7-11f1-8aa7-02fc00000001:339"]
[2m2026-09-26 16:33:45.008 UTC[0m [92mINF[0m [2mvstreamer/vstreamer.go:1777[0m stream (at source tablet) ended @ (including the GTID we failed to process) f31d99a9-b9c7-11f1-8aa7-02fc00000001:1-339
[2m2026-09-26 16:33:45.008 UTC[0m [92mINF[0m [2mbinlog/binlog_connection.go:331[0m closing binlog socket to unblock reads
[2m2026-09-26 16:33:45.008 UTC[0m [92mINF[0m [2mbinlog/binlog_connection.go:206[0m connection closed during binlog stream (possibly intentional): read unix @->/home/vt/v4btest/data/vttest1035440681/vt_0000000001/mysql.sock: use of closed network connection
io.ReadFull(header size) failed (errno 2013) (sqlstate HY000)
[2m2026-09-26 16:33:45.008 UTC[0m [92mINF[0m [2mbinlog/binlog_connection.go:339[0m waiting for binlog dump thread to end
[2m2026-09-26 16:33:45.008 UTC[0m [92mINF[0m [2mbinlog/binlog_connection.go:345[0m closing binlog MySQL client with serverID 1980439035. Will recycle ID.
[2m2026-09-26 16:33:45.008 UTC[0m [92mINF[0m [2mvstreamer/main_test.go:154[0m Last line of runCases
[2m2026-09-26 16:33:45.009 UTC[0m [92mINF[0m [2mvstreamer/engine.go:171[0m VStreamer: opening
[2m2026-09-26 16:33:45.009 UTC[0m [92mINF[0m [2mvstreamer/main_test.go:134[0m Starting stream with current position
[2m2026-09-26 16:33:45.010 UTC[0m [92mINF[0m [2mvstreamer/uvstreamer.go:447[0m Stream() called
[2m2026-09-26 16:33:45.010 UTC[0m [92mINF[0m [2mvstreamer/uvstreamer.go:363[0m sendEventsForCurrentPos
[2m2026-09-26 16:33:45.010 UTC[0m [92mINF[0m [2mvstreamer/main_test.go:332[0m Received events: [type:GTID gtid:"FilePos/vt-0000000001-bin.000002:107844" keyspace:"vttest" shard:"0" type:OTHER keyspace:"vttest" shard:"0"]
[2m2026-09-26 16:33:45.010 UTC[0m [92mINF[0m [2mvstreamer/vstreamer.go:258[0m Starting Stream() with startPos FilePos/vt-0000000001-bin.000002:107844
[2m2026-09-26 16:33:45.010 UTC[0m [92mINF[0m [2mvstreamer/main_test.go:137[0m Starting to run test cases
[2m2026-09-26 16:33:45.011 UTC[0m [92mINF[0m [2mmysqlctl/query.go:107[0m exec begin
[2m2026-09-26 16:33:45.011 UTC[0m [92mINF[0m [2mmysqlctl/query.go:107[0m exec insert into stream1 values (1, 'aaa')
[2m2026-09-26 16:33:45.011 UTC[0m [92mINF[0m [2mbinlog/binlog_connection.go:118[0m new binlog connection: serverID=1980439035
[2m2026-09-26 16:33:45.011 UTC[0m [92mINF[0m [2mbinlog/binlog_connection.go:169[0m sending binlog dump command: startPos=vt-0000000001-bin.000002:107844, serverID=1980439035
[2m2026-09-26 16:33:45.011 UTC[0m [92mINF[0m [2mmysqlctl/query.go:107[0m exec update stream1 set val='bbb' where id = 1
[2m2026-09-26 16:33:45.011 UTC[0m [92mINF[0m [2mmysqlctl/query.go:107[0m exec commit
[2m2026-09-26 16:33:45.017 UTC[0m [92mINF[0m [2mvstreamer/main_test.go:332[0m Received events: [type:BEGIN timestamp:1790440425 current_time:1790440425012132673 keyspace:"vttest" shard:"0" event_gtid:"vt-0000000001-bin.000002:108000" type:FIELD timestamp:1790440425 field_event:{table_name:"stream1" fields:{name:"id" type:INT32 table:"stream1" org_table:"stream1" database:"vttest" org_name:"id" column_length:11 charset:63 flags:53251 column_type:"int"} fields:{name:"val" type:VARBINARY table:"stream1" org_table:"stream1" database:"vttest" org_name:"val" column_length:128 charset:63 flags:128 column_type:"varbinary(128)"} keyspace:"vttest" shard:"0"} current_time:1790440425012140683 keyspace:"vttest" shard:"0" event_gtid:"vt-0000000001-bin.000002:108061" type:ROW timestamp:1790440425 row_event:{table_name:"stream1" row_changes:{after:{lengths:1 lengths:3 values:"1aaa"}} keyspace:"vttest" shard:"0" flags:3} current_time:1790440425017200926 keyspace:"vttest" shard:"0" event_gtid:"vt-0000000001-bin.000002:108105" type:ROW timestamp:1790440425 row_event:{table_name:"stream1" row_changes:{before:{lengths:1 lengths:3 values:"1aaa"} after:{lengths:1 lengths:3 values:"1bbb"}} keyspace:"vttest" shard:"0" flags:3} current_time:1790440425017209517 keyspace:"vttest" shard:"0" event_gtid:"vt-0000000001-bin.000002:108220" type:GTID timestamp:1790440425 gtid:"FilePos/vt-0000000001-bin.000002:108251" current_time:1790440425017212290 keyspace:"vttest" shard:"0" event_gtid:"vt-0000000001-bin.000002:108251" type:COMMIT timestamp:1790440425 current_time:1790440425017212290 keyspace:"vttest" shard:"0" event_gtid:"vt-0000000001-bin.000002:108251"]
[2m2026-09-26 16:33:45.017 UTC[0m [92mINF[0m [2mmysqlctl/query.go:107[0m exec alter table stream1 change column val val varbinary(128)
[2m2026-09-26 16:33:45.023 UTC[0m [92mINF[0m [2mschema/engine.go:640[0m schema engine created [], altered [stream1], dropped []
[2m2026-09-26 16:33:45.023 UTC[0m [92mINF[0m [2mvstreamer/main_test.go:332[0m Received events: [type:GTID timestamp:1790440425 gtid:"FilePos/vt-0000000001-bin.000002:108476" current_time:1790440425019419006 keyspace:"vttest" shard:"0" event_gtid:"vt-0000000001-bin.000002:108476" type:DDL timestamp:1790440425 statement:"alter table stream1 change column val val varbinary(128)" current_time:1790440425019419006 keyspace:"vttest" shard:"0" event_gtid:"vt-0000000001-bin.000002:108476"]
[2m2026-09-26 16:33:45.026 UTC[0m [92mINF[0m [2mschema/engine.go:640[0m schema engine created [], altered [stream1], dropped []
[2m2026-09-26 16:33:45.026 UTC[0m [92mINF[0m [2mmysqlctl/query.go:107[0m exec /* prefix */ alter table stream1 change column val val varbinary(256) /* suffix */
[2m2026-09-26 16:33:45.039 UTC[0m [92mINF[0m [2mschema/engine.go:640[0m schema engine created [], altered [stream1], dropped []
[2m2026-09-26 16:33:45.040 UTC[0m [92mINF[0m [2mvstreamer/main_test.go:332[0m Received events: [type:GTID timestamp:1790440425 gtid:"FilePos/vt-0000000001-bin.000002:108729" current_time:1790440425036136305 keyspace:"vttest" shard:"0" event_gtid:"vt-0000000001-bin.000002:108729" type:DDL timestamp:1790440425 statement:"/* prefix */ alter table stream1 change column val val varbinary(256) /* suffix */" current_time:1790440425036136305 keyspace:"vttest" shard:"0" event_gtid:"vt-0000000001-bin.000002:108729"]
[2m2026-09-26 16:33:45.043 UTC[0m [92mINF[0m [2mschema/engine.go:640[0m schema engine created [], altered [stream1], dropped []
[2m2026-09-26 16:33:45.043 UTC[0m [92mINF[0m [2mmysqlctl/query.go:107[0m exec begin
[2m2026-09-26 16:33:45.043 UTC[0m [92mINF[0m [2mmysqlctl/query.go:107[0m exec insert into stream1 values (2, 'bbb')
[2m2026-09-26 16:33:45.043 UTC[0m [92mINF[0m [2mmysqlctl/query.go:107[0m exec insert into stream2 values (1, 'aaa')
[2m2026-09-26 16:33:45.043 UTC[0m [92mINF[0m [2mmysqlctl/query.go:107[0m exec update stream1 set val='ccc'
[2m2026-09-26 16:33:45.044 UTC[0m [92mINF[0m [2mmysqlctl/query.go:107[0m exec delete from stream1
[2m2026-09-26 16:33:45.044 UTC[0m [92mINF[0m [2mmysqlctl/query.go:107[0m exec commit
[2m2026-09-26 16:33:45.047 UTC[0m [92mINF[0m [2mschema/engine.go:640[0m schema engine created [], altered [stream1], dropped []
[2m2026-09-26 16:33:45.053 UTC[0m [92mINF[0m [2mvstreamer/main_test.go:332[0m Received events: [type:BEGIN timestamp:1790440425 current_time:1790440425044450439 keyspace:"vttest" shard:"0" event_gtid:"vt-0000000001-bin.000002:108885" type:FIELD timestamp:1790440425 field_event:{table_name:"stream1" fields:{name:"id" type:INT32 table:"stream1" org_table:"stream1" database:"vttest" org_name:"id" column_length:11 charset:63 flags:53251 column_type:"int"} fields:{name:"val" type:VARBINARY table:"stream1" org_table:"stream1" database:"vttest" org_name:"val" column_length:256 charset:63 flags:128 column_type:"varbinary(256)"} keyspace:"vttest" shard:"0"} current_time:1790440425044456766 keyspace:"vttest" shard:"0" event_gtid:"vt-0000000001-bin.000002:108946" type:ROW timestamp:1790440425 row_event:{table_name:"stream1" row_changes:{after:{lengths:1 lengths:3 values:"2bbb"}} keyspace:"vttest" shard:"0" flags:3} current_time:1790440425050514997 keyspace:"vttest" shard:"0" event_gtid:"vt-0000000001-bin.000002:108991" type:FIELD timestamp:1790440425 field_event:{table_name:"stream2" fields:{name:"id" type:INT32 table:"stream2" org_table:"stream2" database:"vttest" org_name:"id" column_length:11 charset:63 flags:53251 column_type:"int"} fields:{name:"val" type:VARBINARY table:"stream2" org_table:"stream2" database:"vttest" org_name:"val" column_length:128 charset:63 flags:128 column_type:"varbinary(128)"} keyspace:"vttest" shard:"0"} current_time:1790440425050521864 keyspace:"vttest" shard:"0" event_gtid:"vt-0000000001-bin.000002:109052" type:ROW timestamp:1790440425 row_event:{table_name:"stream2" row_changes:{after:{lengths:1 lengths:3 values:"1aaa"}} keyspace:"vttest" shard:"0" flags:3} current_time:1790440425053123682 keyspace:"vttest" shard:"0" event_gtid:"vt-0000000001-bin.000002:109096" type:ROW timestamp:1790440425 row_event:{table_name:"stream1" row_changes:{before:{lengths:1 lengths:3 values:"1bbb"} after:{lengths:1 lengths:3 values:"1ccc"}} row_changes:{before:{lengths:1 lengths:3 values:"2bbb"} after:{lengths:1 lengths:3 values:"2ccc"}} keyspace:"vttest" shard:"0" flags:3} current_time:1790440425053131358 keyspace:"vttest" shard:"0" event_gtid:"vt-0000000001-bin.000002:109233" type:ROW timestamp:1790440425 row_event:{table_name:"stream1" row_changes:{before:{lengths:1 lengths:3 values:"1ccc"}} row_changes:{before:{lengths:1 lengths:3 values:"2ccc"}} keyspace:"vttest" shard:"0" flags:3} current_time:1790440425053137946 keyspace:"vttest" shard:"0" event_gtid:"vt-0000000001-bin.000002:109349" type:GTID timestamp:1790440425 gtid:"FilePos/vt-0000000001-bin.000002:109380" current_time:1790440425053140019 keyspace:"vttest" shard:"0" event_gtid:"vt-0000000001-bin.000002:109380" type:COMMIT timestamp:1790440425 current_time:1790440425053140019 keyspace:"vttest" shard:"0" event_gtid:"vt-0000000001-bin.000002:109380"]
[2m2026-09-26 16:33:45.053 UTC[0m [92mINF[0m [2mmysqlctl/query.go:107[0m exec truncate table stream2
[2m2026-09-26 16:33:45.061 UTC[0m [92mINF[0m [2mschema/engine.go:640[0m schema engine created [], altered [stream1], dropped []
[2m2026-09-26 16:33:45.062 UTC[0m [92mINF[0m [2mvstreamer/main_test.go:332[0m Received events: [type:GTID timestamp:1790440425 gtid:"FilePos/vt-0000000001-bin.000002:109560" current_time:1790440425058049159 keyspace:"vttest" shard:"0" event_gtid:"vt-0000000001-bin.000002:109560" type:DDL timestamp:1790440425 statement:"truncate table stream2" current_time:1790440425058049159 keyspace:"vttest" shard:"0" event_gtid:"vt-0000000001-bin.000002:109560"]
[2m2026-09-26 16:33:45.064 UTC[0m [92mINF[0m [2mschema/engine.go:640[0m schema engine created [], altered [stream1], dropped []
[2m2026-09-26 16:33:45.064 UTC[0m [92mINF[0m [2mmysqlctl/query.go:107[0m exec /* prefix */ alter table stream1 change column val val varbinary(128) /* suffix */
[2m2026-09-26 16:33:45.076 UTC[0m [92mINF[0m [2mschema/engine.go:640[0m schema engine created [], altered [stream1], dropped []
[2m2026-09-26 16:33:45.076 UTC[0m [92mINF[0m [2mvstreamer/main_test.go:332[0m Received events: [type:GTID timestamp:1790440425 gtid:"FilePos/vt-0000000001-bin.000002:109813" current_time:1790440425073387904 keyspace:"vttest" shard:"0" event_gtid:"vt-0000000001-bin.000002:109813" type:DDL timestamp:1790440425 statement:"/* prefix */ alter table stream1 change column val val varbinary(128) /* suffix */" current_time:1790440425073387904 keyspace:"vttest" shard:"0" event_gtid:"vt-0000000001-bin.000002:109813"]
[2m2026-09-26 16:33:45.078 UTC[0m [92mINF[0m [2mschema/engine.go:640[0m schema engine created [], altered [stream1], dropped []
[2m2026-09-26 16:33:45.078 UTC[0m [92mINF[0m [2mvstreamer/vstreamer.go:1777[0m stream (at source tablet) ended @ (including the GTID we failed to process) vt-0000000001-bin.000002:109813
[2m2026-09-26 16:33:45.078 UTC[0m [92mINF[0m [2mbinlog/binlog_connection.go:331[0m closing binlog socket to unblock reads
[2m2026-09-26 16:33:45.079 UTC[0m [92mINF[0m [2mbinlog/binlog_connection.go:206[0m connection closed during binlog stream (possibly intentional): read unix @->/home/vt/v4btest/data/vttest1035440681/vt_0000000001/mysql.sock: use of closed network connection
io.ReadFull(header size) failed (errno 2013) (sqlstate HY000)
[2m2026-09-26 16:33:45.079 UTC[0m [92mINF[0m [2mbinlog/binlog_connection.go:339[0m waiting for binlog dump thread to end
[2m2026-09-26 16:33:45.079 UTC[0m [92mINF[0m [2mbinlog/binlog_connection.go:345[0m closing binlog MySQL client with serverID 1980439035. Will recycle ID.
[2m2026-09-26 16:33:45.079 UTC[0m [92mINF[0m [2mvstreamer/main_test.go:154[0m Last line of runCases
[2m2026-09-26 16:33:45.079 UTC[0m [92mINF[0m [2mvstreamer/engine.go:205[0m VStreamer: closed
[2m2026-09-26 16:33:45.079 UTC[0m [92mINF[0m [2mmysqlctl/query.go:107[0m exec drop table if exists stream1, stream2
--- PASS: TestStatements (0.17s)
=== RUN   TestOther
[2m2026-09-26 16:33:45.083 UTC[0m [92mINF[0m [2mmysqlctl/query.go:107[0m exec create table stream1(id int, val varbinary(128), primary key(id)) ENGINE=InnoDB CHARSET=utf8mb4
[2m2026-09-26 16:33:45.088 UTC[0m [92mINF[0m [2mmysqlctl/query.go:107[0m exec create table stream2(id int, val varbinary(128), primary key(id)) ENGINE=InnoDB CHARSET=utf8mb4
    vstreamer_test.go:1526: Run mode: gtid
[2m2026-09-26 16:33:45.097 UTC[0m [92mINF[0m [2mvstreamer/uvstreamer.go:447[0m Stream() called
[2m2026-09-26 16:33:45.097 UTC[0m [92mINF[0m [2mmysqlctl/query.go:107[0m exec repair table stream2
[2m2026-09-26 16:33:45.097 UTC[0m [92mINF[0m [2mvstreamer/vstreamer.go:258[0m Starting Stream() with startPos MySQL56/f31d99a9-b9c7-11f1-8aa7-02fc00000001:1-348
[2m2026-09-26 16:33:45.098 UTC[0m [92mINF[0m [2mbinlog/binlog_connection.go:118[0m new binlog connection: serverID=1980439035
[2m2026-09-26 16:33:45.098 UTC[0m [92mINF[0m [2mbinlog/binlog_connection.go:169[0m sending binlog dump command: startPos=f31d99a9-b9c7-11f1-8aa7-02fc00000001:1-348, serverID=1980439035
[2m2026-09-26 16:33:45.098 UTC[0m [92mINF[0m [2mvstreamer/main_test.go:332[0m Received events: [type:GTID timestamp:1790440425 gtid:"MySQL56/f31d99a9-b9c7-11f1-8aa7-02fc00000001:1-349" current_time:1790440425098860705 keyspace:"vttest" shard:"0" commit_parent:348 sequence_number:349 event_gtid:"f31d99a9-b9c7-11f1-8aa7-02fc00000001:349" type:OTHER timestamp:1790440425 current_time:1790440425098860705 keyspace:"vttest" shard:"0" commit_parent:348 sequence_number:349 event_gtid:"f31d99a9-b9c7-11f1-8aa7-02fc00000001:349"]
[2m2026-09-26 16:33:45.099 UTC[0m [92mINF[0m [2mmysqlctl/query.go:107[0m exec optimize table stream2
[2m2026-09-26 16:33:45.110 UTC[0m [92mINF[0m [2mvstreamer/main_test.go:332[0m Received events: [type:GTID timestamp:1790440425 gtid:"MySQL56/f31d99a9-b9c7-11f1-8aa7-02fc00000001:1-350" current_time:1790440425110790035 keyspace:"vttest" shard:"0" commit_parent:349 sequence_number:350 event_gtid:"f31d99a9-b9c7-11f1-8aa7-02fc00000001:350" type:OTHER timestamp:1790440425 current_time:1790440425110790035 keyspace:"vttest" shard:"0" commit_parent:349 sequence_number:350 event_gtid:"f31d99a9-b9c7-11f1-8aa7-02fc00000001:350"]
[2m2026-09-26 16:33:45.112 UTC[0m [92mINF[0m [2mmysqlctl/query.go:107[0m exec analyze table stream2
[2m2026-09-26 16:33:45.113 UTC[0m [92mINF[0m [2mvstreamer/main_test.go:332[0m Received events: [type:GTID timestamp:1790440425 gtid:"MySQL56/f31d99a9-b9c7-11f1-8aa7-02fc00000001:1-351" current_time:1790440425113138583 keyspace:"vttest" shard:"0" commit_parent:350 sequence_number:351 event_gtid:"f31d99a9-b9c7-11f1-8aa7-02fc00000001:351" type:OTHER timestamp:1790440425 current_time:1790440425113138583 keyspace:"vttest" shard:"0" commit_parent:350 sequence_number:351 event_gtid:"f31d99a9-b9c7-11f1-8aa7-02fc00000001:351"]
[2m2026-09-26 16:33:45.114 UTC[0m [92mINF[0m [2mmysqlctl/query.go:107[0m exec select * from stream1
    vstreamer_test.go:1541: statement select * from stream1 did not affect binlog
[2m2026-09-26 16:33:45.116 UTC[0m [92mINF[0m [2mmysqlctl/query.go:107[0m exec set @val=1
    vstreamer_test.go:1541: statement set @val=1 did not affect binlog
[2m2026-09-26 16:33:45.118 UTC[0m [92mINF[0m [2mmysqlctl/query.go:107[0m exec show tables
    vstreamer_test.go:1541: statement show tables did not affect binlog
[2m2026-09-26 16:33:45.120 UTC[0m [92mINF[0m [2mmysqlctl/query.go:107[0m exec describe stream1
    vstreamer_test.go:1541: statement describe stream1 did not affect binlog
[2m2026-09-26 16:33:45.122 UTC[0m [92mINF[0m [2mmysqlctl/query.go:107[0m exec grant select on stream1 to current_user()
[2m2026-09-26 16:33:45.123 UTC[0m [92mINF[0m [2mvstreamer/main_test.go:332[0m Received events: [type:GTID timestamp:1790440425 gtid:"MySQL56/f31d99a9-b9c7-11f1-8aa7-02fc00000001:1-352" current_time:1790440425123662413 keyspace:"vttest" shard:"0" commit_parent:351 sequence_number:352 event_gtid:"f31d99a9-b9c7-11f1-8aa7-02fc00000001:352" type:OTHER timestamp:1790440425 current_time:1790440425123662413 keyspace:"vttest" shard:"0" commit_parent:351 sequence_number:352 event_gtid:"f31d99a9-b9c7-11f1-8aa7-02fc00000001:352"]
[2m2026-09-26 16:33:45.126 UTC[0m [92mINF[0m [2mmysqlctl/query.go:107[0m exec revoke select on stream1 from current_user()
[2m2026-09-26 16:33:45.126 UTC[0m [92mINF[0m [2mvstreamer/main_test.go:332[0m Received events: [type:GTID timestamp:1790440425 gtid:"MySQL56/f31d99a9-b9c7-11f1-8aa7-02fc00000001:1-353" current_time:1790440425126557554 keyspace:"vttest" shard:"0" commit_parent:352 sequence_number:353 event_gtid:"f31d99a9-b9c7-11f1-8aa7-02fc00000001:353" type:OTHER timestamp:1790440425 current_time:1790440425126557554 keyspace:"vttest" shard:"0" commit_parent:352 sequence_number:353 event_gtid:"f31d99a9-b9c7-11f1-8aa7-02fc00000001:353"]
[2m2026-09-26 16:33:45.127 UTC[0m [92mINF[0m [2mvstreamer/vstreamer.go:1777[0m stream (at source tablet) ended @ (including the GTID we failed to process) f31d99a9-b9c7-11f1-8aa7-02fc00000001:1-353
[2m2026-09-26 16:33:45.127 UTC[0m [92mINF[0m [2mbinlog/binlog_connection.go:331[0m closing binlog socket to unblock reads
[2m2026-09-26 16:33:45.127 UTC[0m [92mINF[0m [2mbinlog/binlog_connection.go:206[0m connection closed during binlog stream (possibly intentional): read unix @->/home/vt/v4btest/data/vttest1035440681/vt_0000000001/mysql.sock: use of closed network connection
io.ReadFull(header size) failed (errno 2013) (sqlstate HY000)
[2m2026-09-26 16:33:45.127 UTC[0m [92mINF[0m [2mbinlog/binlog_connection.go:339[0m waiting for binlog dump thread to end
[2m2026-09-26 16:33:45.127 UTC[0m [92mINF[0m [2mbinlog/binlog_connection.go:345[0m closing binlog MySQL client with serverID 1980439035. Will recycle ID.
[2m2026-09-26 16:33:45.127 UTC[0m [92mINF[0m [2mvstreamer/engine.go:171[0m VStreamer: opening
    vstreamer_test.go:1526: Run mode: filePos
[2m2026-09-26 16:33:45.128 UTC[0m [92mINF[0m [2mmysqlctl/query.go:107[0m exec repair table stream2
[2m2026-09-26 16:33:45.128 UTC[0m [92mINF[0m [2mvstreamer/uvstreamer.go:447[0m Stream() called
[2m2026-09-26 16:33:45.129 UTC[0m [92mINF[0m [2mvstreamer/vstreamer.go:258[0m Starting Stream() with startPos FilePos/vt-0000000001-bin.000002:111581
[2m2026-09-26 16:33:45.129 UTC[0m [92mINF[0m [2mbinlog/binlog_connection.go:118[0m new binlog connection: serverID=1980439035
[2m2026-09-26 16:33:45.129 UTC[0m [92mINF[0m [2mbinlog/binlog_connection.go:169[0m sending binlog dump command: startPos=vt-0000000001-bin.000002:111581, serverID=1980439035
[2m2026-09-26 16:33:45.129 UTC[0m [92mINF[0m [2mvstreamer/main_test.go:332[0m Received events: [type:GTID timestamp:1790440425 gtid:"FilePos/vt-0000000001-bin.000002:111750" current_time:1790440425129846364 keyspace:"vttest" shard:"0" event_gtid:"vt-0000000001-bin.000002:111750" type:OTHER timestamp:1790440425 current_time:1790440425129846364 keyspace:"vttest" shard:"0" event_gtid:"vt-0000000001-bin.000002:111750"]
[2m2026-09-26 16:33:45.130 UTC[0m [92mINF[0m [2mmysqlctl/query.go:107[0m exec optimize table stream2
[2m2026-09-26 16:33:45.141 UTC[0m [92mINF[0m [2mvstreamer/main_test.go:332[0m Received events: [type:GTID timestamp:1790440425 gtid:"FilePos/vt-0000000001-bin.000002:111930" current_time:1790440425141389112 keyspace:"vttest" shard:"0" event_gtid:"vt-0000000001-bin.000002:111930" type:OTHER timestamp:1790440425 current_time:1790440425141389112 keyspace:"vttest" shard:"0" event_gtid:"vt-0000000001-bin.000002:111930"]
[2m2026-09-26 16:33:45.142 UTC[0m [92mINF[0m [2mmysqlctl/query.go:107[0m exec analyze table stream2
[2m2026-09-26 16:33:45.144 UTC[0m [92mINF[0m [2mvstreamer/main_test.go:332[0m Received events: [type:GTID timestamp:1790440425 gtid:"FilePos/vt-0000000001-bin.000002:112100" current_time:1790440425144159720 keyspace:"vttest" shard:"0" event_gtid:"vt-0000000001-bin.000002:112100" type:OTHER timestamp:1790440425 current_time:1790440425144159720 keyspace:"vttest" shard:"0" event_gtid:"vt-0000000001-bin.000002:112100"]
[2m2026-09-26 16:33:45.145 UTC[0m [92mINF[0m [2mmysqlctl/query.go:107[0m exec select * from stream1
    vstreamer_test.go:1541: statement select * from stream1 did not affect binlog
[2m2026-09-26 16:33:45.147 UTC[0m [92mINF[0m [2mmysqlctl/query.go:107[0m exec set @val=1
    vstreamer_test.go:1541: statement set @val=1 did not affect binlog
[2m2026-09-26 16:33:45.148 UTC[0m [92mINF[0m [2mmysqlctl/query.go:107[0m exec show tables
    vstreamer_test.go:1541: statement show tables did not affect binlog
[2m2026-09-26 16:33:45.150 UTC[0m [92mINF[0m [2mmysqlctl/query.go:107[0m exec describe stream1
    vstreamer_test.go:1541: statement describe stream1 did not affect binlog
[2m2026-09-26 16:33:45.152 UTC[0m [92mINF[0m [2mmysqlctl/query.go:107[0m exec grant select on stream1 to current_user()
[2m2026-09-26 16:33:45.153 UTC[0m [92mINF[0m [2mvstreamer/main_test.go:332[0m Received events: [type:GTID timestamp:1790440425 gtid:"FilePos/vt-0000000001-bin.000002:112349" current_time:1790440425153016940 keyspace:"vttest" shard:"0" event_gtid:"vt-0000000001-bin.000002:112349" type:OTHER timestamp:1790440425 current_time:1790440425153016940 keyspace:"vttest" shard:"0" event_gtid:"vt-0000000001-bin.000002:112349"]
[2m2026-09-26 16:33:45.154 UTC[0m [92mINF[0m [2mmysqlctl/query.go:107[0m exec revoke select on stream1 from current_user()
[2m2026-09-26 16:33:45.154 UTC[0m [92mINF[0m [2mvstreamer/main_test.go:332[0m Received events: [type:GTID timestamp:1790440425 gtid:"FilePos/vt-0000000001-bin.000002:112584" current_time:1790440425154394498 keyspace:"vttest" shard:"0" event_gtid:"vt-0000000001-bin.000002:112584" type:OTHER timestamp:1790440425 current_time:1790440425154394498 keyspace:"vttest" shard:"0" event_gtid:"vt-0000000001-bin.000002:112584"]
[2m2026-09-26 16:33:45.154 UTC[0m [92mINF[0m [2mvstreamer/vstreamer.go:1777[0m stream (at source tablet) ended @ (including the GTID we failed to process) vt-0000000001-bin.000002:112584
[2m2026-09-26 16:33:45.154 UTC[0m [92mINF[0m [2mbinlog/binlog_connection.go:331[0m closing binlog socket to unblock reads
[2m2026-09-26 16:33:45.155 UTC[0m [92mINF[0m [2mbinlog/binlog_connection.go:206[0m connection closed during binlog stream (possibly intentional): read unix @->/home/vt/v4btest/data/vttest1035440681/vt_0000000001/mysql.sock: use of closed network connection
io.ReadFull(header size) failed (errno 2013) (sqlstate HY000)
[2m2026-09-26 16:33:45.155 UTC[0m [92mINF[0m [2mbinlog/binlog_connection.go:339[0m waiting for binlog dump thread to end
[2m2026-09-26 16:33:45.155 UTC[0m [92mINF[0m [2mbinlog/binlog_connection.go:345[0m closing binlog MySQL client with serverID 1980439035. Will recycle ID.
[2m2026-09-26 16:33:45.155 UTC[0m [92mINF[0m [2mvstreamer/engine.go:205[0m VStreamer: closed
[2m2026-09-26 16:33:45.155 UTC[0m [92mINF[0m [2mmysqlctl/query.go:107[0m exec drop table if exists stream1, stream2
--- PASS: TestOther (0.08s)
=== RUN   TestRegexp
[2m2026-09-26 16:33:45.159 UTC[0m [92mINF[0m [2mmysqlctl/query.go:107[0m exec create table yes_stream(id int, val varbinary(128), primary key(id)) ENGINE=InnoDB CHARSET=utf8mb4
[2m2026-09-26 16:33:45.164 UTC[0m [92mINF[0m [2mmysqlctl/query.go:107[0m exec create table no_stream(id int, val varbinary(128), primary key(id)) ENGINE=InnoDB CHARSET=utf8mb4
[2m2026-09-26 16:33:45.169 UTC[0m [92mINF[0m [2mvstreamer/main_test.go:134[0m Starting stream with current position
[2m2026-09-26 16:33:45.170 UTC[0m [92mINF[0m [2mvstreamer/uvstreamer.go:447[0m Stream() called
[2m2026-09-26 16:33:45.171 UTC[0m [92mINF[0m [2mvstreamer/uvstreamer.go:363[0m sendEventsForCurrentPos
[2m2026-09-26 16:33:45.171 UTC[0m [92mINF[0m [2mvstreamer/main_test.go:332[0m Received events: [type:GTID gtid:"MySQL56/f31d99a9-b9c7-11f1-8aa7-02fc00000001:1-361" keyspace:"vttest" shard:"0" type:OTHER keyspace:"vttest" shard:"0"]
[2m2026-09-26 16:33:45.171 UTC[0m [92mINF[0m [2mvstreamer/vstreamer.go:258[0m Starting Stream() with startPos MySQL56/f31d99a9-b9c7-11f1-8aa7-02fc00000001:1-361
[2m2026-09-26 16:33:45.171 UTC[0m [92mINF[0m [2mvstreamer/main_test.go:137[0m Starting to run test cases
[2m2026-09-26 16:33:45.171 UTC[0m [92mINF[0m [2mmysqlctl/query.go:107[0m exec begin
[2m2026-09-26 16:33:45.171 UTC[0m [92mINF[0m [2mmysqlctl/query.go:107[0m exec insert into yes_stream values (1, 'aaa')
[2m2026-09-26 16:33:45.171 UTC[0m [92mINF[0m [2mbinlog/binlog_connection.go:118[0m new binlog connection: serverID=1980439035
[2m2026-09-26 16:33:45.171 UTC[0m [92mINF[0m [2mbinlog/binlog_connection.go:169[0m sending binlog dump command: startPos=f31d99a9-b9c7-11f1-8aa7-02fc00000001:1-361, serverID=1980439035
[2m2026-09-26 16:33:45.172 UTC[0m [92mINF[0m [2mmysqlctl/query.go:107[0m exec insert into no_stream values (2, 'bbb')
[2m2026-09-26 16:33:45.172 UTC[0m [92mINF[0m [2mmysqlctl/query.go:107[0m exec update yes_stream set val='bbb' where id = 1
[2m2026-09-26 16:33:45.173 UTC[0m [92mINF[0m [2mmysqlctl/query.go:107[0m exec update no_stream set val='bbb' where id = 2
[2m2026-09-26 16:33:45.173 UTC[0m [92mINF[0m [2mmysqlctl/query.go:107[0m exec commit
[2m2026-09-26 16:33:45.177 UTC[0m [92mINF[0m [2mschema/engine.go:640[0m schema engine created [no_stream yes_stream], altered [], dropped [stream2 stream1]
[2m2026-09-26 16:33:45.180 UTC[0m [92mINF[0m [2mvstreamer/main_test.go:332[0m Received events: [type:BEGIN timestamp:1790440425 current_time:1790440425173583558 keyspace:"vttest" shard:"0" commit_parent:361 sequence_number:362 event_gtid:"f31d99a9-b9c7-11f1-8aa7-02fc00000001:362" type:FIELD timestamp:1790440425 field_event:{table_name:"yes_stream" fields:{name:"id" type:INT32 table:"yes_stream" org_table:"yes_stream" database:"vttest" org_name:"id" column_length:11 charset:63 flags:53251 column_type:"int"} fields:{name:"val" type:VARBINARY table:"yes_stream" org_table:"yes_stream" database:"vttest" org_name:"val" column_length:128 charset:63 flags:128 column_type:"varbinary(128)"} keyspace:"vttest" shard:"0"} current_time:1790440425173591051 keyspace:"vttest" shard:"0" commit_parent:361 sequence_number:362 event_gtid:"f31d99a9-b9c7-11f1-8aa7-02fc00000001:362" type:ROW timestamp:1790440425 row_event:{table_name:"yes_stream" row_changes:{after:{lengths:1 lengths:3 values:"1aaa"}} keyspace:"vttest" shard:"0" flags:3} current_time:1790440425180640244 keyspace:"vttest" shard:"0" commit_parent:361 sequence_number:362 event_gtid:"f31d99a9-b9c7-11f1-8aa7-02fc00000001:362" type:ROW timestamp:1790440425 row_event:{table_name:"yes_stream" row_changes:{before:{lengths:1 lengths:3 values:"1aaa"} after:{lengths:1 lengths:3 values:"1bbb"}} keyspace:"vttest" shard:"0" flags:3} current_time:1790440425180654440 keyspace:"vttest" shard:"0" commit_parent:361 sequence_number:362 event_gtid:"f31d99a9-b9c7-11f1-8aa7-02fc00000001:362" type:GTID timestamp:1790440425 gtid:"MySQL56/f31d99a9-b9c7-11f1-8aa7-02fc00000001:1-362" current_time:1790440425180656935 keyspace:"vttest" shard:"0" commit_parent:361 sequence_number:362 event_gtid:"f31d99a9-b9c7-11f1-8aa7-02fc00000001:362" type:COMMIT timestamp:1790440425 current_time:1790440425180656935 keyspace:"vttest" shard:"0" commit_parent:361 sequence_number:362 event_gtid:"f31d99a9-b9c7-11f1-8aa7-02fc00000001:362"]
[2m2026-09-26 16:33:45.180 UTC[0m [92mINF[0m [2mvstreamer/vstreamer.go:1777[0m stream (at source tablet) ended @ (including the GTID we failed to process) f31d99a9-b9c7-11f1-8aa7-02fc00000001:1-362
[2m2026-09-26 16:33:45.180 UTC[0m [92mINF[0m [2mbinlog/binlog_connection.go:331[0m closing binlog socket to unblock reads
[2m2026-09-26 16:33:45.181 UTC[0m [92mINF[0m [2mbinlog/binlog_connection.go:206[0m connection closed during binlog stream (possibly intentional): read unix @->/home/vt/v4btest/data/vttest1035440681/vt_0000000001/mysql.sock: use of closed network connection
io.ReadFull(header size) failed (errno 2013) (sqlstate HY000)
[2m2026-09-26 16:33:45.181 UTC[0m [92mINF[0m [2mbinlog/binlog_connection.go:339[0m waiting for binlog dump thread to end
[2m2026-09-26 16:33:45.181 UTC[0m [92mINF[0m [2mbinlog/binlog_connection.go:345[0m closing binlog MySQL client with serverID 1980439035. Will recycle ID.
[2m2026-09-26 16:33:45.181 UTC[0m [92mINF[0m [2mvstreamer/main_test.go:154[0m Last line of runCases
[2m2026-09-26 16:33:45.181 UTC[0m [92mINF[0m [2mmysqlctl/query.go:107[0m exec drop table if exists no_stream, yes_stream
--- PASS: TestRegexp (0.03s)
=== RUN   TestREKeyRange
[2m2026-09-26 16:33:45.190 UTC[0m [92mINF[0m [2mmysqlctl/query.go:107[0m exec create table t1(id1 int, id2 int, val varbinary(128), primary key(id1)) ENGINE=InnoDB CHARSET=utf8mb4
[2m2026-09-26 16:33:45.195 UTC[0m [92mINF[0m [2mtopo/vschema.go:73[0m successfully updated vschema for keyspace vttest: sharded:true vindexes:{key:"hash" value:{type:"hash"}} tables:{key:"t1" value:{column_vindexes:{column:"id1" name:"hash"}}}
[2m2026-09-26 16:33:45.200 UTC[0m [92mINF[0m [2mschema/engine.go:640[0m schema engine created [t1], altered [], dropped [no_stream yes_stream]
[2m2026-09-26 16:33:45.211 UTC[0m [92mINF[0m [2mvstreamer/main_test.go:134[0m Starting stream with current position
[2m2026-09-26 16:33:45.211 UTC[0m [92mINF[0m [2mvstreamer/uvstreamer.go:447[0m Stream() called
[2m2026-09-26 16:33:45.212 UTC[0m [92mINF[0m [2mvstreamer/uvstreamer.go:363[0m sendEventsForCurrentPos
[2m2026-09-26 16:33:45.212 UTC[0m [92mINF[0m [2mvstreamer/main_test.go:332[0m Received events: [type:GTID gtid:"MySQL56/f31d99a9-b9c7-11f1-8aa7-02fc00000001:1-364" keyspace:"vttest" shard:"0" type:OTHER keyspace:"vttest" shard:"0"]
[2m2026-09-26 16:33:45.212 UTC[0m [92mINF[0m [2mvstreamer/vstreamer.go:258[0m Starting Stream() with startPos MySQL56/f31d99a9-b9c7-11f1-8aa7-02fc00000001:1-364
[2m2026-09-26 16:33:45.213 UTC[0m [92mINF[0m [2mvstreamer/main_test.go:137[0m Starting to run test cases
[2m2026-09-26 16:33:45.213 UTC[0m [92mINF[0m [2mmysqlctl/query.go:107[0m exec begin
[2m2026-09-26 16:33:45.213 UTC[0m [92mINF[0m [2mmysqlctl/query.go:107[0m exec insert into t1 values (1, 1, 'aaa')
[2m2026-09-26 16:33:45.213 UTC[0m [92mINF[0m [2mbinlog/binlog_connection.go:118[0m new binlog connection: serverID=1980439035
[2m2026-09-26 16:33:45.213 UTC[0m [92mINF[0m [2mbinlog/binlog_connection.go:169[0m sending binlog dump command: startPos=f31d99a9-b9c7-11f1-8aa7-02fc00000001:1-364, serverID=1980439035
[2m2026-09-26 16:33:45.213 UTC[0m [92mINF[0m [2mmysqlctl/query.go:107[0m exec insert into t1 values (4, 1, 'bbb')
[2m2026-09-26 16:33:45.214 UTC[0m [92mINF[0m [2mmysqlctl/query.go:107[0m exec update t1 set id1 = 2 where id1 = 1
[2m2026-09-26 16:33:45.214 UTC[0m [92mINF[0m [2mmysqlctl/query.go:107[0m exec update t1 set id1 = 6 where id1 = 2
[2m2026-09-26 16:33:45.214 UTC[0m [92mINF[0m [2mmysqlctl/query.go:107[0m exec update t1 set id1 = 3 where id1 = 4
[2m2026-09-26 16:33:45.214 UTC[0m [92mINF[0m [2mmysqlctl/query.go:107[0m exec commit
[2m2026-09-26 16:33:45.218 UTC[0m [92mINF[0m [2mschema/engine.go:640[0m schema engine created [], altered [t1], dropped []
[2m2026-09-26 16:33:45.222 UTC[0m [92mINF[0m [2mvstreamer/main_test.go:332[0m Received events: [type:BEGIN timestamp:1790440425 current_time:1790440425215144288 keyspace:"vttest" shard:"0" commit_parent:364 sequence_number:365 event_gtid:"f31d99a9-b9c7-11f1-8aa7-02fc00000001:365" type:FIELD timestamp:1790440425 field_event:{table_name:"t1" fields:{name:"id1" type:INT32 table:"t1" org_table:"t1" database:"vttest" org_name:"id1" column_length:11 charset:63 flags:53251 column_type:"int"} fields:{name:"id2" type:INT32 table:"t1" org_table:"t1" database:"vttest" org_name:"id2" column_length:11 charset:63 flags:32768 column_type:"int"} fields:{name:"val" type:VARBINARY table:"t1" org_table:"t1" database:"vttest" org_name:"val" column_length:128 charset:63 flags:128 column_type:"varbinary(128)"} keyspace:"vttest" shard:"0"} current_time:1790440425215155180 keyspace:"vttest" shard:"0" commit_parent:364 sequence_number:365 event_gtid:"f31d99a9-b9c7-11f1-8aa7-02fc00000001:365" type:ROW timestamp:1790440425 row_event:{table_name:"t1" row_changes:{after:{lengths:1 lengths:1 lengths:3 values:"11aaa"}} keyspace:"vttest" shard:"0" flags:3} current_time:1790440425222273285 keyspace:"vttest" shard:"0" commit_parent:364 sequence_number:365 event_gtid:"f31d99a9-b9c7-11f1-8aa7-02fc00000001:365" type:ROW timestamp:1790440425 row_event:{table_name:"t1" row_changes:{before:{lengths:1 lengths:1 lengths:3 values:"11aaa"} after:{lengths:1 lengths:1 lengths:3 values:"21aaa"}} keyspace:"vttest" shard:"0" flags:3} current_time:1790440425222292382 keyspace:"vttest" shard:"0" commit_parent:364 sequence_number:365 event_gtid:"f31d99a9-b9c7-11f1-8aa7-02fc00000001:365" type:ROW timestamp:1790440425 row_event:{table_name:"t1" row_changes:{before:{lengths:1 lengths:1 lengths:3 values:"21aaa"}} keyspace:"vttest" shard:"0" flags:3} current_time:1790440425222296591 keyspace:"vttest" shard:"0" commit_parent:364 sequence_number:365 event_gtid:"f31d99a9-b9c7-11f1-8aa7-02fc00000001:365" type:ROW timestamp:1790440425 row_event:{table_name:"t1" row_changes:{after:{lengths:1 lengths:1 lengths:3 values:"31bbb"}} keyspace:"vttest" shard:"0" flags:3} current_time:1790440425222300589 keyspace:"vttest" shard:"0" commit_parent:364 sequence_number:365 event_gtid:"f31d99a9-b9c7-11f1-8aa7-02fc00000001:365" type:GTID timestamp:1790440425 gtid:"MySQL56/f31d99a9-b9c7-11f1-8aa7-02fc00000001:1-365" current_time:1790440425222303415 keyspace:"vttest" shard:"0" commit_parent:364 sequence_number:365 event_gtid:"f31d99a9-b9c7-11f1-8aa7-02fc00000001:365" type:COMMIT timestamp:1790440425 current_time:1790440425222303415 keyspace:"vttest" shard:"0" commit_parent:364 sequence_number:365 event_gtid:"f31d99a9-b9c7-11f1-8aa7-02fc00000001:365"]
[2m2026-09-26 16:33:45.222 UTC[0m [92mINF[0m [2mvstreamer/vstreamer.go:1777[0m stream (at source tablet) ended @ (including the GTID we failed to process) f31d99a9-b9c7-11f1-8aa7-02fc00000001:1-365
[2m2026-09-26 16:33:45.222 UTC[0m [92mINF[0m [2mbinlog/binlog_connection.go:331[0m closing binlog socket to unblock reads
[2m2026-09-26 16:33:45.222 UTC[0m [92mINF[0m [2mbinlog/binlog_connection.go:206[0m connection closed during binlog stream (possibly intentional): read unix @->/home/vt/v4btest/data/vttest1035440681/vt_0000000001/mysql.sock: use of closed network connection
io.ReadFull(header size) failed (errno 2013) (sqlstate HY000)
[2m2026-09-26 16:33:45.222 UTC[0m [92mINF[0m [2mbinlog/binlog_connection.go:339[0m waiting for binlog dump thread to end
[2m2026-09-26 16:33:45.222 UTC[0m [92mINF[0m [2mbinlog/binlog_connection.go:345[0m closing binlog MySQL client with serverID 1980439035. Will recycle ID.
[2m2026-09-26 16:33:45.222 UTC[0m [92mINF[0m [2mvstreamer/main_test.go:154[0m Last line of runCases
[2m2026-09-26 16:33:45.222 UTC[0m [92mINF[0m [2mtopo/vschema.go:73[0m successfully updated vschema for keyspace vttest: sharded:true vindexes:{key:"hash" value:{type:"hash"}} tables:{key:"t1" value:{column_vindexes:{column:"id2" name:"hash"}}}
[2m2026-09-26 16:33:45.226 UTC[0m [92mINF[0m [2mschema/engine.go:640[0m schema engine created [], altered [t1], dropped []
[2m2026-09-26 16:33:45.236 UTC[0m [92mINF[0m [2mvstreamer/main_test.go:134[0m Starting stream with current position
[2m2026-09-26 16:33:45.237 UTC[0m [92mINF[0m [2mvstreamer/uvstreamer.go:447[0m Stream() called
[2m2026-09-26 16:33:45.238 UTC[0m [92mINF[0m [2mvstreamer/uvstreamer.go:363[0m sendEventsForCurrentPos
[2m2026-09-26 16:33:45.238 UTC[0m [92mINF[0m [2mvstreamer/main_test.go:332[0m Received events: [type:GTID gtid:"MySQL56/f31d99a9-b9c7-11f1-8aa7-02fc00000001:1-365" keyspace:"vttest" shard:"0" type:OTHER keyspace:"vttest" shard:"0"]
[2m2026-09-26 16:33:45.238 UTC[0m [92mINF[0m [2mvstreamer/vstreamer.go:258[0m Starting Stream() with startPos MySQL56/f31d99a9-b9c7-11f1-8aa7-02fc00000001:1-365
[2m2026-09-26 16:33:45.238 UTC[0m [92mINF[0m [2mvstreamer/main_test.go:137[0m Starting to run test cases
[2m2026-09-26 16:33:45.238 UTC[0m [92mINF[0m [2mmysqlctl/query.go:107[0m exec begin
[2m2026-09-26 16:33:45.238 UTC[0m [92mINF[0m [2mmysqlctl/query.go:107[0m exec insert into t1 values (4, 1, 'aaa')
[2m2026-09-26 16:33:45.238 UTC[0m [92mINF[0m [2mmysqlctl/query.go:107[0m exec insert into t1 values (1, 4, 'aaa')
[2m2026-09-26 16:33:45.239 UTC[0m [92mINF[0m [2mmysqlctl/query.go:107[0m exec commit
[2m2026-09-26 16:33:45.239 UTC[0m [92mINF[0m [2mbinlog/binlog_connection.go:118[0m new binlog connection: serverID=1980439035
[2m2026-09-26 16:33:45.239 UTC[0m [92mINF[0m [2mbinlog/binlog_connection.go:169[0m sending binlog dump command: startPos=f31d99a9-b9c7-11f1-8aa7-02fc00000001:1-365, serverID=1980439035
[2m2026-09-26 16:33:45.243 UTC[0m [92mINF[0m [2mschema/engine.go:640[0m schema engine created [], altered [t1], dropped []
[2m2026-09-26 16:33:45.246 UTC[0m [92mINF[0m [2mvstreamer/main_test.go:332[0m Received events: [type:BEGIN timestamp:1790440425 current_time:1790440425239712076 keyspace:"vttest" shard:"0" commit_parent:365 sequence_number:366 event_gtid:"f31d99a9-b9c7-11f1-8aa7-02fc00000001:366" type:FIELD timestamp:1790440425 field_event:{table_name:"t1" fields:{name:"id1" type:INT32 table:"t1" org_table:"t1" database:"vttest" org_name:"id1" column_length:11 charset:63 flags:53251 column_type:"int"} fields:{name:"id2" type:INT32 table:"t1" org_table:"t1" database:"vttest" org_name:"id2" column_length:11 charset:63 flags:32768 column_type:"int"} fields:{name:"val" type:VARBINARY table:"t1" org_table:"t1" database:"vttest" org_name:"val" column_length:128 charset:63 flags:128 column_type:"varbinary(128)"} keyspace:"vttest" shard:"0"} current_time:1790440425239723108 keyspace:"vttest" shard:"0" commit_parent:365 sequence_number:366 event_gtid:"f31d99a9-b9c7-11f1-8aa7-02fc00000001:366" type:ROW timestamp:1790440425 row_event:{table_name:"t1" row_changes:{after:{lengths:1 lengths:1 lengths:3 values:"41aaa"}} keyspace:"vttest" shard:"0" flags:3} current_time:1790440425246380033 keyspace:"vttest" shard:"0" commit_parent:365 sequence_number:366 event_gtid:"f31d99a9-b9c7-11f1-8aa7-02fc00000001:366" type:GTID timestamp:1790440425 gtid:"MySQL56/f31d99a9-b9c7-11f1-8aa7-02fc00000001:1-366" current_time:1790440425246399057 keyspace:"vttest" shard:"0" commit_parent:365 sequence_number:366 event_gtid:"f31d99a9-b9c7-11f1-8aa7-02fc00000001:366" type:COMMIT timestamp:1790440425 current_time:1790440425246399057 keyspace:"vttest" shard:"0" commit_parent:365 sequence_number:366 event_gtid:"f31d99a9-b9c7-11f1-8aa7-02fc00000001:366"]
[2m2026-09-26 16:33:45.246 UTC[0m [92mINF[0m [2mvstreamer/vstreamer.go:1777[0m stream (at source tablet) ended @ (including the GTID we failed to process) f31d99a9-b9c7-11f1-8aa7-02fc00000001:1-366
[2m2026-09-26 16:33:45.246 UTC[0m [92mINF[0m [2mbinlog/binlog_connection.go:331[0m closing binlog socket to unblock reads
[2m2026-09-26 16:33:45.246 UTC[0m [92mINF[0m [2mbinlog/binlog_connection.go:206[0m connection closed during binlog stream (possibly intentional): read unix @->/home/vt/v4btest/data/vttest1035440681/vt_0000000001/mysql.sock: use of closed network connection
io.ReadFull(header size) failed (errno 2013) (sqlstate HY000)
[2m2026-09-26 16:33:45.246 UTC[0m [92mINF[0m [2mbinlog/binlog_connection.go:339[0m waiting for binlog dump thread to end
[2m2026-09-26 16:33:45.246 UTC[0m [92mINF[0m [2mbinlog/binlog_connection.go:345[0m closing binlog MySQL client with serverID 1980439035. Will recycle ID.
[2m2026-09-26 16:33:45.246 UTC[0m [92mINF[0m [2mvstreamer/main_test.go:154[0m Last line of runCases
[2m2026-09-26 16:33:45.246 UTC[0m [92mINF[0m [2mtopo/vschema.go:73[0m successfully updated vschema for keyspace vttest: 
[2m2026-09-26 16:33:45.250 UTC[0m [92mINF[0m [2mschema/engine.go:640[0m schema engine created [], altered [t1], dropped []
[2m2026-09-26 16:33:45.250 UTC[0m [92mINF[0m [2mmysqlctl/query.go:107[0m exec drop table if exists t1
--- PASS: TestREKeyRange (0.06s)
=== RUN   TestInKeyRangeMultiColumn
[2m2026-09-26 16:33:45.254 UTC[0m [92mINF[0m [2mmysqlctl/query.go:107[0m exec create table t1(region int, id int, val varbinary(128), primary key(id)) ENGINE=InnoDB CHARSET=utf8mb4
[2m2026-09-26 16:33:45.260 UTC[0m [92mINF[0m [2mtopo/vschema.go:73[0m successfully updated vschema for keyspace vttest: sharded:true vindexes:{key:"region_vdx" value:{type:"region_experimental" params:{key:"region_bytes" value:"1"}}} tables:{key:"t1" value:{column_vindexes:{name:"region_vdx" columns:"region" columns:"id"}}}
[2m2026-09-26 16:33:45.265 UTC[0m [92mINF[0m [2mschema/engine.go:640[0m schema engine created [], altered [t1], dropped []
[2m2026-09-26 16:33:45.275 UTC[0m [92mINF[0m [2mvstreamer/main_test.go:134[0m Starting stream with current position
[2m2026-09-26 16:33:45.276 UTC[0m [92mINF[0m [2mvstreamer/uvstreamer.go:447[0m Stream() called
[2m2026-09-26 16:33:45.277 UTC[0m [92mINF[0m [2mvstreamer/uvstreamer.go:363[0m sendEventsForCurrentPos
[2m2026-09-26 16:33:45.277 UTC[0m [92mINF[0m [2mvstreamer/main_test.go:332[0m Received events: [type:GTID gtid:"MySQL56/f31d99a9-b9c7-11f1-8aa7-02fc00000001:1-368" keyspace:"vttest" shard:"0" type:OTHER keyspace:"vttest" shard:"0"]
[2m2026-09-26 16:33:45.277 UTC[0m [92mINF[0m [2mvstreamer/vstreamer.go:258[0m Starting Stream() with startPos MySQL56/f31d99a9-b9c7-11f1-8aa7-02fc00000001:1-368
[2m2026-09-26 16:33:45.277 UTC[0m [92mINF[0m [2mvstreamer/main_test.go:137[0m Starting to run test cases
[2m2026-09-26 16:33:45.278 UTC[0m [92mINF[0m [2mmysqlctl/query.go:107[0m exec begin
[2m2026-09-26 16:33:45.278 UTC[0m [92mINF[0m [2mmysqlctl/query.go:107[0m exec insert into t1 values (1, 1, 'aaa')
[2m2026-09-26 16:33:45.278 UTC[0m [92mINF[0m [2mbinlog/binlog_connection.go:118[0m new binlog connection: serverID=1980439035
[2m2026-09-26 16:33:45.278 UTC[0m [92mINF[0m [2mbinlog/binlog_connection.go:169[0m sending binlog dump command: startPos=f31d99a9-b9c7-11f1-8aa7-02fc00000001:1-368, serverID=1980439035
[2m2026-09-26 16:33:45.278 UTC[0m [92mINF[0m [2mmysqlctl/query.go:107[0m exec insert into t1 values (128, 2, 'bbb')
[2m2026-09-26 16:33:45.278 UTC[0m [92mINF[0m [2mmysqlctl/query.go:107[0m exec update t1 set region = 2 where id = 1
[2m2026-09-26 16:33:45.279 UTC[0m [92mINF[0m [2mmysqlctl/query.go:107[0m exec update t1 set region = 128 where id = 1
[2m2026-09-26 16:33:45.279 UTC[0m [92mINF[0m [2mmysqlctl/query.go:107[0m exec update t1 set region = 1 where id = 2
[2m2026-09-26 16:33:45.279 UTC[0m [92mINF[0m [2mmysqlctl/query.go:107[0m exec commit
[2m2026-09-26 16:33:45.284 UTC[0m [92mINF[0m [2mschema/engine.go:640[0m schema engine created [], altered [t1], dropped []
[2m2026-09-26 16:33:45.288 UTC[0m [92mINF[0m [2mvstreamer/main_test.go:332[0m Received events: [type:BEGIN timestamp:1790440425 current_time:1790440425280238966 keyspace:"vttest" shard:"0" commit_parent:368 sequence_number:369 event_gtid:"f31d99a9-b9c7-11f1-8aa7-02fc00000001:369" type:FIELD timestamp:1790440425 field_event:{table_name:"t1" fields:{name:"id" type:INT32 table:"t1" org_table:"t1" database:"vttest" org_name:"id" column_length:11 charset:63 flags:53251 column_type:"int"} fields:{name:"region" type:INT32 table:"t1" org_table:"t1" database:"vttest" org_name:"region" column_length:11 charset:63 flags:32768 column_type:"int"} fields:{name:"val" type:VARBINARY table:"t1" org_table:"t1" database:"vttest" org_name:"val" column_length:128 charset:63 flags:128 column_type:"varbinary(128)"} fields:{name:"keyspace_id" type:VARBINARY charset:63 flags:128} keyspace:"vttest" shard:"0"} current_time:1790440425280249817 keyspace:"vttest" shard:"0" commit_parent:368 sequence_number:369 event_gtid:"f31d99a9-b9c7-11f1-8aa7-02fc00000001:369" type:ROW timestamp:1790440425 row_event:{table_name:"t1" row_changes:{after:{lengths:1 lengths:1 lengths:3 lengths:9 values:"11aaa\x01\x16k@\xb4J\xbaK\xd6"}} keyspace:"vttest" shard:"0" flags:3} current_time:1790440425287943168 keyspace:"vttest" shard:"0" commit_parent:368 sequence_number:369 event_gtid:"f31d99a9-b9c7-11f1-8aa7-02fc00000001:369" type:ROW timestamp:1790440425 row_event:{table_name:"t1" row_changes:{before:{lengths:1 lengths:1 lengths:3 lengths:9 values:"11aaa\x01\x16k@\xb4J\xbaK\xd6"} after:{lengths:1 lengths:1 lengths:3 lengths:9 values:"12aaa\x02\x16k@\xb4J\xbaK\xd6"}} keyspace:"vttest" shard:"0" flags:3} current_time:1790440425287963389 keyspace:"vttest" shard:"0" commit_parent:368 sequence_number:369 event_gtid:"f31d99a9-b9c7-11f1-8aa7-02fc00000001:369" type:ROW timestamp:1790440425 row_event:{table_name:"t1" row_changes:{before:{lengths:1 lengths:1 lengths:3 lengths:9 values:"12aaa\x02\x16k@\xb4J\xbaK\xd6"}} keyspace:"vttest" shard:"0" flags:3} current_time:1790440425287970142 keyspace:"vttest" shard:"0" commit_parent:368 sequence_number:369 event_gtid:"f31d99a9-b9c7-11f1-8aa7-02fc00000001:369" type:ROW timestamp:1790440425 row_event:{table_name:"t1" row_changes:{after:{lengths:1 lengths:1 lengths:3 lengths:9 values:"21bbb\x01\x06\xe7\xea\"Î’p\x8f"}} keyspace:"vttest" shard:"0" flags:3} current_time:1790440425287975524 keyspace:"vttest" shard:"0" commit_parent:368 sequence_number:369 event_gtid:"f31d99a9-b9c7-11f1-8aa7-02fc00000001:369" type:GTID timestamp:1790440425 gtid:"MySQL56/f31d99a9-b9c7-11f1-8aa7-02fc00000001:1-369" current_time:1790440425287979514 keyspace:"vttest" shard:"0" commit_parent:368 sequence_number:369 event_gtid:"f31d99a9-b9c7-11f1-8aa7-02fc00000001:369" type:COMMIT timestamp:1790440425 current_time:1790440425287979514 keyspace:"vttest" shard:"0" commit_parent:368 sequence_number:369 event_gtid:"f31d99a9-b9c7-11f1-8aa7-02fc00000001:369"]
[2m2026-09-26 16:33:45.288 UTC[0m [92mINF[0m [2mvstreamer/vstreamer.go:1777[0m stream (at source tablet) ended @ (including the GTID we failed to process) f31d99a9-b9c7-11f1-8aa7-02fc00000001:1-369
[2m2026-09-26 16:33:45.288 UTC[0m [92mINF[0m [2mbinlog/binlog_connection.go:331[0m closing binlog socket to unblock reads
[2m2026-09-26 16:33:45.288 UTC[0m [92mINF[0m [2mbinlog/binlog_connection.go:206[0m connection closed during binlog stream (possibly intentional): read unix @->/home/vt/v4btest/data/vttest1035440681/vt_0000000001/mysql.sock: use of closed network connection
io.ReadFull(header size) failed (errno 2013) (sqlstate HY000)
[2m2026-09-26 16:33:45.288 UTC[0m [92mINF[0m [2mbinlog/binlog_connection.go:339[0m waiting for binlog dump thread to end
[2m2026-09-26 16:33:45.288 UTC[0m [92mINF[0m [2mbinlog/binlog_connection.go:345[0m closing binlog MySQL client with serverID 1980439035. Will recycle ID.
[2m2026-09-26 16:33:45.288 UTC[0m [92mINF[0m [2mvstreamer/main_test.go:154[0m Last line of runCases
[2m2026-09-26 16:33:45.288 UTC[0m [92mINF[0m [2mtopo/vschema.go:73[0m successfully updated vschema for keyspace vttest: 
[2m2026-09-26 16:33:45.292 UTC[0m [92mINF[0m [2mschema/engine.go:640[0m schema engine created [], altered [t1], dropped []
[2m2026-09-26 16:33:45.292 UTC[0m [92mINF[0m [2mmysqlctl/query.go:107[0m exec drop table if exists t1
--- PASS: TestInKeyRangeMultiColumn (0.04s)
=== RUN   TestREMultiColumnVindex
[2m2026-09-26 16:33:45.295 UTC[0m [92mINF[0m [2mmysqlctl/query.go:107[0m exec create table t1(region int, id int, val varbinary(128), primary key(id)) ENGINE=InnoDB CHARSET=utf8mb4
[2m2026-09-26 16:33:45.302 UTC[0m [92mINF[0m [2mtopo/vschema.go:73[0m successfully updated vschema for keyspace vttest: sharded:true vindexes:{key:"region_vdx" value:{type:"region_experimental" params:{key:"region_bytes" value:"1"}}} tables:{key:"t1" value:{column_vindexes:{name:"region_vdx" columns:"region" columns:"id"}}}
[2m2026-09-26 16:33:45.307 UTC[0m [92mINF[0m [2mschema/engine.go:640[0m schema engine created [], altered [t1], dropped []
[2m2026-09-26 16:33:45.317 UTC[0m [92mINF[0m [2mvstreamer/main_test.go:134[0m Starting stream with current position
[2m2026-09-26 16:33:45.318 UTC[0m [92mINF[0m [2mvstreamer/uvstreamer.go:447[0m Stream() called
[2m2026-09-26 16:33:45.319 UTC[0m [92mINF[0m [2mvstreamer/uvstreamer.go:363[0m sendEventsForCurrentPos
[2m2026-09-26 16:33:45.319 UTC[0m [92mINF[0m [2mvstreamer/main_test.go:332[0m Received events: [type:GTID gtid:"MySQL56/f31d99a9-b9c7-11f1-8aa7-02fc00000001:1-371" keyspace:"vttest" shard:"0" type:OTHER keyspace:"vttest" shard:"0"]
[2m2026-09-26 16:33:45.319 UTC[0m [92mINF[0m [2mvstreamer/vstreamer.go:258[0m Starting Stream() with startPos MySQL56/f31d99a9-b9c7-11f1-8aa7-02fc00000001:1-371
[2m2026-09-26 16:33:45.319 UTC[0m [92mINF[0m [2mvstreamer/main_test.go:137[0m Starting to run test cases
[2m2026-09-26 16:33:45.319 UTC[0m [92mINF[0m [2mmysqlctl/query.go:107[0m exec begin
[2m2026-09-26 16:33:45.319 UTC[0m [92mINF[0m [2mmysqlctl/query.go:107[0m exec insert into t1 values (1, 1, 'aaa')
[2m2026-09-26 16:33:45.320 UTC[0m [92mINF[0m [2mbinlog/binlog_connection.go:118[0m new binlog connection: serverID=1980439035
[2m2026-09-26 16:33:45.320 UTC[0m [92mINF[0m [2mbinlog/binlog_connection.go:169[0m sending binlog dump command: startPos=f31d99a9-b9c7-11f1-8aa7-02fc00000001:1-371, serverID=1980439035
[2m2026-09-26 16:33:45.320 UTC[0m [92mINF[0m [2mmysqlctl/query.go:107[0m exec insert into t1 values (128, 2, 'bbb')
[2m2026-09-26 16:33:45.320 UTC[0m [92mINF[0m [2mmysqlctl/query.go:107[0m exec update t1 set region = 2 where id = 1
[2m2026-09-26 16:33:45.321 UTC[0m [92mINF[0m [2mmysqlctl/query.go:107[0m exec update t1 set region = 128 where id = 1
[2m2026-09-26 16:33:45.321 UTC[0m [92mINF[0m [2mmysqlctl/query.go:107[0m exec update t1 set region = 1 where id = 2
[2m2026-09-26 16:33:45.321 UTC[0m [92mINF[0m [2mmysqlctl/query.go:107[0m exec commit
[2m2026-09-26 16:33:45.325 UTC[0m [92mINF[0m [2mschema/engine.go:640[0m schema engine created [], altered [t1], dropped []
[2m2026-09-26 16:33:45.328 UTC[0m [92mINF[0m [2mvstreamer/main_test.go:332[0m Received events: [type:BEGIN timestamp:1790440425 current_time:1790440425321895269 keyspace:"vttest" shard:"0" commit_parent:371 sequence_number:372 event_gtid:"f31d99a9-b9c7-11f1-8aa7-02fc00000001:372" type:FIELD timestamp:1790440425 field_event:{table_name:"t1" fields:{name:"region" type:INT32 table:"t1" org_table:"t1" database:"vttest" org_name:"region" column_length:11 charset:63 flags:32768 column_type:"int"} fields:{name:"id" type:INT32 table:"t1" org_table:"t1" database:"vttest" org_name:"id" column_length:11 charset:63 flags:53251 column_type:"int"} fields:{name:"val" type:VARBINARY table:"t1" org_table:"t1" database:"vttest" org_name:"val" column_length:128 charset:63 flags:128 column_type:"varbinary(128)"} keyspace:"vttest" shard:"0"} current_time:1790440425321930043 keyspace:"vttest" shard:"0" commit_parent:371 sequence_number:372 event_gtid:"f31d99a9-b9c7-11f1-8aa7-02fc00000001:372" type:ROW timestamp:1790440425 row_event:{table_name:"t1" row_changes:{after:{lengths:1 lengths:1 lengths:3 values:"11aaa"}} keyspace:"vttest" shard:"0" flags:3} current_time:1790440425328812829 keyspace:"vttest" shard:"0" commit_parent:371 sequence_number:372 event_gtid:"f31d99a9-b9c7-11f1-8aa7-02fc00000001:372" type:ROW timestamp:1790440425 row_event:{table_name:"t1" row_changes:{before:{lengths:1 lengths:1 lengths:3 values:"11aaa"} after:{lengths:1 lengths:1 lengths:3 values:"21aaa"}} keyspace:"vttest" shard:"0" flags:3} current_time:1790440425328828176 keyspace:"vttest" shard:"0" commit_parent:371 sequence_number:372 event_gtid:"f31d99a9-b9c7-11f1-8aa7-02fc00000001:372" type:ROW timestamp:1790440425 row_event:{table_name:"t1" row_changes:{before:{lengths:1 lengths:1 lengths:3 values:"21aaa"}} keyspace:"vttest" shard:"0" flags:3} current_time:1790440425328832077 keyspace:"vttest" shard:"0" commit_parent:371 sequence_number:372 event_gtid:"f31d99a9-b9c7-11f1-8aa7-02fc00000001:372" type:ROW timestamp:1790440425 row_event:{table_name:"t1" row_changes:{after:{lengths:1 lengths:1 lengths:3 values:"12bbb"}} keyspace:"vttest" shard:"0" flags:3} current_time:1790440425328835516 keyspace:"vttest" shard:"0" commit_parent:371 sequence_number:372 event_gtid:"f31d99a9-b9c7-11f1-8aa7-02fc00000001:372" type:GTID timestamp:1790440425 gtid:"MySQL56/f31d99a9-b9c7-11f1-8aa7-02fc00000001:1-372" current_time:1790440425328837756 keyspace:"vttest" shard:"0" commit_parent:371 sequence_number:372 event_gtid:"f31d99a9-b9c7-11f1-8aa7-02fc00000001:372" type:COMMIT timestamp:1790440425 current_time:1790440425328837756 keyspace:"vttest" shard:"0" commit_parent:371 sequence_number:372 event_gtid:"f31d99a9-b9c7-11f1-8aa7-02fc00000001:372"]
[2m2026-09-26 16:33:45.329 UTC[0m [92mINF[0m [2mvstreamer/vstreamer.go:1777[0m stream (at source tablet) ended @ (including the GTID we failed to process) f31d99a9-b9c7-11f1-8aa7-02fc00000001:1-372
[2m2026-09-26 16:33:45.329 UTC[0m [92mINF[0m [2mbinlog/binlog_connection.go:331[0m closing binlog socket to unblock reads
[2m2026-09-26 16:33:45.329 UTC[0m [92mINF[0m [2mbinlog/binlog_connection.go:206[0m connection closed during binlog stream (possibly intentional): read unix @->/home/vt/v4btest/data/vttest1035440681/vt_0000000001/mysql.sock: use of closed network connection
io.ReadFull(header size) failed (errno 2013) (sqlstate HY000)
[2m2026-09-26 16:33:45.329 UTC[0m [92mINF[0m [2mbinlog/binlog_connection.go:339[0m waiting for binlog dump thread to end
[2m2026-09-26 16:33:45.329 UTC[0m [92mINF[0m [2mbinlog/binlog_connection.go:345[0m closing binlog MySQL client with serverID 1980439035. Will recycle ID.
[2m2026-09-26 16:33:45.329 UTC[0m [92mINF[0m [2mvstreamer/main_test.go:154[0m Last line of runCases
[2m2026-09-26 16:33:45.329 UTC[0m [92mINF[0m [2mtopo/vschema.go:73[0m successfully updated vschema for keyspace vttest: 
[2m2026-09-26 16:33:45.332 UTC[0m [92mINF[0m [2mschema/engine.go:640[0m schema engine created [], altered [t1], dropped []
[2m2026-09-26 16:33:45.333 UTC[0m [92mINF[0m [2mmysqlctl/query.go:107[0m exec drop table if exists t1
--- PASS: TestREMultiColumnVindex (0.04s)
=== RUN   TestSelectFilter
[2m2026-09-26 16:33:45.336 UTC[0m [92mINF[0m [2mmysqlctl/query.go:107[0m exec create table t1(id1 int, id2 int, val varbinary(128), primary key(id1)) ENGINE=InnoDB CHARSET=utf8mb4
[2m2026-09-26 16:33:45.341 UTC[0m [92mINF[0m [2mvstreamer/main_test.go:134[0m Starting stream with current position
[2m2026-09-26 16:33:45.341 UTC[0m [92mINF[0m [2mvstreamer/uvstreamer.go:447[0m Stream() called
[2m2026-09-26 16:33:45.342 UTC[0m [92mINF[0m [2mvstreamer/uvstreamer.go:363[0m sendEventsForCurrentPos
[2m2026-09-26 16:33:45.342 UTC[0m [92mINF[0m [2mvstreamer/main_test.go:332[0m Received events: [type:GTID gtid:"MySQL56/f31d99a9-b9c7-11f1-8aa7-02fc00000001:1-374" keyspace:"vttest" shard:"0" type:OTHER keyspace:"vttest" shard:"0"]
[2m2026-09-26 16:33:45.342 UTC[0m [92mINF[0m [2mvstreamer/vstreamer.go:258[0m Starting Stream() with startPos MySQL56/f31d99a9-b9c7-11f1-8aa7-02fc00000001:1-374
[2m2026-09-26 16:33:45.342 UTC[0m [92mINF[0m [2mvstreamer/main_test.go:137[0m Starting to run test cases
[2m2026-09-26 16:33:45.343 UTC[0m [92mINF[0m [2mmysqlctl/query.go:107[0m exec begin
[2m2026-09-26 16:33:45.343 UTC[0m [92mINF[0m [2mmysqlctl/query.go:107[0m exec insert into t1 values (4, 1, 'aaa')
[2m2026-09-26 16:33:45.343 UTC[0m [92mINF[0m [2mbinlog/binlog_connection.go:118[0m new binlog connection: serverID=1980439035
[2m2026-09-26 16:33:45.343 UTC[0m [92mINF[0m [2mbinlog/binlog_connection.go:169[0m sending binlog dump command: startPos=f31d99a9-b9c7-11f1-8aa7-02fc00000001:1-374, serverID=1980439035
[2m2026-09-26 16:33:45.343 UTC[0m [92mINF[0m [2mmysqlctl/query.go:107[0m exec insert into t1 values (2, 4, 'aaa')
[2m2026-09-26 16:33:45.344 UTC[0m [92mINF[0m [2mmysqlctl/query.go:107[0m exec commit
[2m2026-09-26 16:33:45.347 UTC[0m [92mINF[0m [2mschema/engine.go:640[0m schema engine created [], altered [t1], dropped []
[2m2026-09-26 16:33:45.350 UTC[0m [92mINF[0m [2mvstreamer/main_test.go:332[0m Received events: [type:BEGIN timestamp:1790440425 current_time:1790440425344510450 keyspace:"vttest" shard:"0" commit_parent:374 sequence_number:375 event_gtid:"f31d99a9-b9c7-11f1-8aa7-02fc00000001:375" type:FIELD timestamp:1790440425 field_event:{table_name:"t1" fields:{name:"id2" type:INT32 table:"t1" org_table:"t1" database:"vttest" org_name:"id2" column_length:11 charset:63 flags:32768 column_type:"int"} fields:{name:"val" type:VARBINARY table:"t1" org_table:"t1" database:"vttest" org_name:"val" column_length:128 charset:63 flags:128 column_type:"varbinary(128)"} keyspace:"vttest" shard:"0"} current_time:1790440425344520758 keyspace:"vttest" shard:"0" commit_parent:374 sequence_number:375 event_gtid:"f31d99a9-b9c7-11f1-8aa7-02fc00000001:375" type:ROW timestamp:1790440425 row_event:{table_name:"t1" row_changes:{after:{lengths:1 lengths:3 values:"1aaa"}} keyspace:"vttest" shard:"0" flags:3} current_time:1790440425350584660 keyspace:"vttest" shard:"0" commit_parent:374 sequence_number:375 event_gtid:"f31d99a9-b9c7-11f1-8aa7-02fc00000001:375" type:GTID timestamp:1790440425 gtid:"MySQL56/f31d99a9-b9c7-11f1-8aa7-02fc00000001:1-375" current_time:1790440425350599652 keyspace:"vttest" shard:"0" commit_parent:374 sequence_number:375 event_gtid:"f31d99a9-b9c7-11f1-8aa7-02fc00000001:375" type:COMMIT timestamp:1790440425 current_time:1790440425350599652 keyspace:"vttest" shard:"0" commit_parent:374 sequence_number:375 event_gtid:"f31d99a9-b9c7-11f1-8aa7-02fc00000001:375"]
[2m2026-09-26 16:33:45.350 UTC[0m [92mINF[0m [2mvstreamer/vstreamer.go:1777[0m stream (at source tablet) ended @ (including the GTID we failed to process) f31d99a9-b9c7-11f1-8aa7-02fc00000001:1-375
[2m2026-09-26 16:33:45.350 UTC[0m [92mINF[0m [2mbinlog/binlog_connection.go:331[0m closing binlog socket to unblock reads
[2m2026-09-26 16:33:45.350 UTC[0m [92mINF[0m [2mbinlog/binlog_connection.go:206[0m connection closed during binlog stream (possibly intentional): read unix @->/home/vt/v4btest/data/vttest1035440681/vt_0000000001/mysql.sock: use of closed network connection
io.ReadFull(header size) failed (errno 2013) (sqlstate HY000)
[2m2026-09-26 16:33:45.350 UTC[0m [92mINF[0m [2mbinlog/binlog_connection.go:339[0m waiting for binlog dump thread to end
[2m2026-09-26 16:33:45.350 UTC[0m [92mINF[0m [2mbinlog/binlog_connection.go:345[0m closing binlog MySQL client with serverID 1980439035. Will recycle ID.
[2m2026-09-26 16:33:45.350 UTC[0m [92mINF[0m [2mvstreamer/main_test.go:154[0m Last line of runCases
[2m2026-09-26 16:33:45.351 UTC[0m [92mINF[0m [2mmysqlctl/query.go:107[0m exec drop table if exists t1
--- PASS: TestSelectFilter (0.02s)
=== RUN   TestDDLAddColumn
[2m2026-09-26 16:33:45.353 UTC[0m [92mINF[0m [2mmysqlctl/query.go:107[0m exec create table ddl_test1(id int, val1 varbinary(128), primary key(id)) ENGINE=InnoDB CHARSET=utf8mb4
[2m2026-09-26 16:33:45.359 UTC[0m [92mINF[0m [2mmysqlctl/query.go:107[0m exec create table ddl_test2(id int, val1 varbinary(128), primary key(id)) ENGINE=InnoDB CHARSET=utf8mb4
[2m2026-09-26 16:33:45.366 UTC[0m [92mINF[0m [2mvstreamer/main_test.go:137[0m Starting to run test cases
[2m2026-09-26 16:33:45.366 UTC[0m [92mINF[0m [2mmysqlctl/query.go:107[0m exec begin
[2m2026-09-26 16:33:45.366 UTC[0m [92mINF[0m [2mmysqlctl/query.go:107[0m exec insert into ddl_test1 values(1, 'aaa')
[2m2026-09-26 16:33:45.366 UTC[0m [92mINF[0m [2mvstreamer/uvstreamer.go:447[0m Stream() called
[2m2026-09-26 16:33:45.367 UTC[0m [92mINF[0m [2mmysqlctl/query.go:107[0m exec insert into ddl_test2 values(1, 'aaa')
[2m2026-09-26 16:33:45.367 UTC[0m [92mINF[0m [2mvstreamer/vstreamer.go:258[0m Starting Stream() with startPos MySQL56/f31d99a9-b9c7-11f1-8aa7-02fc00000001:1-378
[2m2026-09-26 16:33:45.368 UTC[0m [92mINF[0m [2mmysqlctl/query.go:107[0m exec commit
[2m2026-09-26 16:33:45.368 UTC[0m [92mINF[0m [2mbinlog/binlog_connection.go:118[0m new binlog connection: serverID=1980439035
[2m2026-09-26 16:33:45.368 UTC[0m [92mINF[0m [2mbinlog/binlog_connection.go:169[0m sending binlog dump command: startPos=f31d99a9-b9c7-11f1-8aa7-02fc00000001:1-378, serverID=1980439035
[2m2026-09-26 16:33:45.373 UTC[0m [92mINF[0m [2mschema/engine.go:640[0m schema engine created [ddl_test1 ddl_test2], altered [], dropped [t1]
[2m2026-09-26 16:33:45.379 UTC[0m [92mINF[0m [2mvstreamer/main_test.go:332[0m Received events: [type:BEGIN timestamp:1790440425 current_time:1790440425368845067 keyspace:"vttest" shard:"0" commit_parent:378 sequence_number:379 event_gtid:"f31d99a9-b9c7-11f1-8aa7-02fc00000001:379" type:FIELD timestamp:1790440425 field_event:{table_name:"ddl_test1" fields:{name:"id" type:INT32 table:"ddl_test1" org_table:"ddl_test1" database:"vttest" org_name:"id" column_length:11 charset:63 flags:53251 column_type:"int"} fields:{name:"val1" type:VARBINARY table:"ddl_test1" org_table:"ddl_test1" database:"vttest" org_name:"val1" column_length:128 charset:63 flags:128 column_type:"varbinary(128)"} keyspace:"vttest" shard:"0"} current_time:1790440425368850025 keyspace:"vttest" shard:"0" commit_parent:378 sequence_number:379 event_gtid:"f31d99a9-b9c7-11f1-8aa7-02fc00000001:379" type:ROW timestamp:1790440425 row_event:{table_name:"ddl_test1" row_changes:{after:{lengths:1 lengths:3 values:"1aaa"}} keyspace:"vttest" shard:"0" flags:3} current_time:1790440425376213276 keyspace:"vttest" shard:"0" commit_parent:378 sequence_number:379 event_gtid:"f31d99a9-b9c7-11f1-8aa7-02fc00000001:379" type:FIELD timestamp:1790440425 field_event:{table_name:"ddl_test2" fields:{name:"id" type:INT32 table:"ddl_test2" org_table:"ddl_test2" database:"vttest" org_name:"id" column_length:11 charset:63 flags:53251 column_type:"int"} fields:{name:"val1" type:VARBINARY table:"ddl_test2" org_table:"ddl_test2" database:"vttest" org_name:"val1" column_length:128 charset:63 flags:128 column_type:"varbinary(128)"} keyspace:"vttest" shard:"0"} current_time:1790440425376224465 keyspace:"vttest" shard:"0" commit_parent:378 sequence_number:379 event_gtid:"f31d99a9-b9c7-11f1-8aa7-02fc00000001:379" type:ROW timestamp:1790440425 row_event:{table_name:"ddl_test2" row_changes:{after:{lengths:1 lengths:3 values:"1aaa"}} keyspace:"vttest" shard:"0" flags:3} current_time:1790440425379721992 keyspace:"vttest" shard:"0" commit_parent:378 sequence_number:379 event_gtid:"f31d99a9-b9c7-11f1-8aa7-02fc00000001:379" type:GTID timestamp:1790440425 gtid:"MySQL56/f31d99a9-b9c7-11f1-8aa7-02fc00000001:1-379" current_time:1790440425379728352 keyspace:"vttest" shard:"0" commit_parent:378 sequence_number:379 event_gtid:"f31d99a9-b9c7-11f1-8aa7-02fc00000001:379" type:COMMIT timestamp:1790440425 current_time:1790440425379728352 keyspace:"vttest" shard:"0" commit_parent:378 sequence_number:379 event_gtid:"f31d99a9-b9c7-11f1-8aa7-02fc00000001:379"]
[2m2026-09-26 16:33:45.380 UTC[0m [92mINF[0m [2mmysqlctl/query.go:107[0m exec alter table ddl_test1 add column val2 varbinary(128)
[2m2026-09-26 16:33:45.387 UTC[0m [92mINF[0m [2mschema/engine.go:640[0m schema engine created [], altered [ddl_test1 ddl_test2], dropped []
[2m2026-09-26 16:33:45.387 UTC[0m [92mINF[0m [2mvstreamer/main_test.go:332[0m Received events: [type:GTID timestamp:1790440425 gtid:"MySQL56/f31d99a9-b9c7-11f1-8aa7-02fc00000001:1-380" current_time:1790440425382488549 keyspace:"vttest" shard:"0" commit_parent:379 sequence_number:380 event_gtid:"f31d99a9-b9c7-11f1-8aa7-02fc00000001:380" type:DDL timestamp:1790440425 statement:"alter table ddl_test1 add column val2 varbinary(128)" current_time:1790440425382488549 keyspace:"vttest" shard:"0" commit_parent:379 sequence_number:380 event_gtid:"f31d99a9-b9c7-11f1-8aa7-02fc00000001:380"]
[2m2026-09-26 16:33:45.392 UTC[0m [92mINF[0m [2mschema/engine.go:640[0m schema engine created [], altered [ddl_test1 ddl_test2], dropped []
[2m2026-09-26 16:33:45.392 UTC[0m [92mINF[0m [2mmysqlctl/query.go:107[0m exec alter table ddl_test2 add column val2 varbinary(128)
[2m2026-09-26 16:33:45.398 UTC[0m [92mINF[0m [2mschema/engine.go:640[0m schema engine created [], altered [ddl_test1 ddl_test2], dropped []
[2m2026-09-26 16:33:45.398 UTC[0m [92mINF[0m [2mvstreamer/main_test.go:332[0m Received events: [type:GTID timestamp:1790440425 gtid:"MySQL56/f31d99a9-b9c7-11f1-8aa7-02fc00000001:1-381" current_time:1790440425393716060 keyspace:"vttest" shard:"0" commit_parent:380 sequence_number:381 event_gtid:"f31d99a9-b9c7-11f1-8aa7-02fc00000001:381" type:DDL timestamp:1790440425 statement:"alter table ddl_test2 add column val2 varbinary(128)" current_time:1790440425393716060 keyspace:"vttest" shard:"0" commit_parent:380 sequence_number:381 event_gtid:"f31d99a9-b9c7-11f1-8aa7-02fc00000001:381"]
[2m2026-09-26 16:33:45.402 UTC[0m [92mINF[0m [2mschema/engine.go:640[0m schema engine created [], altered [ddl_test1 ddl_test2], dropped []
[2m2026-09-26 16:33:45.402 UTC[0m [92mINF[0m [2mmysqlctl/query.go:107[0m exec begin
[2m2026-09-26 16:33:45.402 UTC[0m [92mINF[0m [2mmysqlctl/query.go:107[0m exec insert into ddl_test1 values(2, 'bbb', 'ccc')
[2m2026-09-26 16:33:45.402 UTC[0m [92mINF[0m [2mmysqlctl/query.go:107[0m exec insert into ddl_test2 values(2, 'bbb', 'ccc')
[2m2026-09-26 16:33:45.402 UTC[0m [92mINF[0m [2mmysqlctl/query.go:107[0m exec commit
[2m2026-09-26 16:33:45.408 UTC[0m [92mINF[0m [2mschema/engine.go:640[0m schema engine created [], altered [ddl_test1 ddl_test2], dropped []
[2m2026-09-26 16:33:45.414 UTC[0m [92mINF[0m [2mvstreamer/main_test.go:332[0m Received events: [type:BEGIN timestamp:1790440425 current_time:1790440425403137296 keyspace:"vttest" shard:"0" commit_parent:381 sequence_number:382 event_gtid:"f31d99a9-b9c7-11f1-8aa7-02fc00000001:382" type:FIELD timestamp:1790440425 field_event:{table_name:"ddl_test1" fields:{name:"id" type:INT32 table:"ddl_test1" org_table:"ddl_test1" database:"vttest" org_name:"id" column_length:11 charset:63 flags:53251 column_type:"int"} fields:{name:"val1" type:VARBINARY table:"ddl_test1" org_table:"ddl_test1" database:"vttest" org_name:"val1" column_length:128 charset:63 flags:128 column_type:"varbinary(128)"} fields:{name:"val2" type:VARBINARY table:"ddl_test1" org_table:"ddl_test1" database:"vttest" org_name:"val2" column_length:128 charset:63 flags:128 column_type:"varbinary(128)"} keyspace:"vttest" shard:"0"} current_time:1790440425403148496 keyspace:"vttest" shard:"0" commit_parent:381 sequence_number:382 event_gtid:"f31d99a9-b9c7-11f1-8aa7-02fc00000001:382" type:ROW timestamp:1790440425 row_event:{table_name:"ddl_test1" row_changes:{after:{lengths:1 lengths:3 lengths:3 values:"2bbbccc"}} keyspace:"vttest" shard:"0" flags:3} current_time:1790440425411542775 keyspace:"vttest" shard:"0" commit_parent:381 sequence_number:382 event_gtid:"f31d99a9-b9c7-11f1-8aa7-02fc00000001:382" type:FIELD timestamp:1790440425 field_event:{table_name:"ddl_test2" fields:{name:"id" type:INT32 table:"ddl_test2" org_table:"ddl_test2" database:"vttest" org_name:"id" column_length:11 charset:63 flags:53251 column_type:"int"} fields:{name:"val1" type:VARBINARY table:"ddl_test2" org_table:"ddl_test2" database:"vttest" org_name:"val1" column_length:128 charset:63 flags:128 column_type:"varbinary(128)"} fields:{name:"val2" type:VARBINARY table:"ddl_test2" org_table:"ddl_test2" database:"vttest" org_name:"val2" column_length:128 charset:63 flags:128 column_type:"varbinary(128)"} keyspace:"vttest" shard:"0"} current_time:1790440425411548873 keyspace:"vttest" shard:"0" commit_parent:381 sequence_number:382 event_gtid:"f31d99a9-b9c7-11f1-8aa7-02fc00000001:382" type:ROW timestamp:1790440425 row_event:{table_name:"ddl_test2" row_changes:{after:{lengths:1 lengths:3 lengths:3 values:"2bbbccc"}} keyspace:"vttest" shard:"0" flags:3} current_time:1790440425414551119 keyspace:"vttest" shard:"0" commit_parent:381 sequence_number:382 event_gtid:"f31d99a9-b9c7-11f1-8aa7-02fc00000001:382" type:GTID timestamp:1790440425 gtid:"MySQL56/f31d99a9-b9c7-11f1-8aa7-02fc00000001:1-382" current_time:1790440425414557635 keyspace:"vttest" shard:"0" commit_parent:381 sequence_number:382 event_gtid:"f31d99a9-b9c7-11f1-8aa7-02fc00000001:382" type:COMMIT timestamp:1790440425 current_time:1790440425414557635 keyspace:"vttest" shard:"0" commit_parent:381 sequence_number:382 event_gtid:"f31d99a9-b9c7-11f1-8aa7-02fc00000001:382"]
[2m2026-09-26 16:33:45.415 UTC[0m [92mINF[0m [2mvstreamer/vstreamer.go:1777[0m stream (at source tablet) ended @ (including the GTID we failed to process) f31d99a9-b9c7-11f1-8aa7-02fc00000001:1-382
[2m2026-09-26 16:33:45.415 UTC[0m [92mINF[0m [2mbinlog/binlog_connection.go:331[0m closing binlog socket to unblock reads
[2m2026-09-26 16:33:45.415 UTC[0m [92mINF[0m [2mbinlog/binlog_connection.go:206[0m connection closed during binlog stream (possibly intentional): read unix @->/home/vt/v4btest/data/vttest1035440681/vt_0000000001/mysql.sock: use of closed network connection
io.ReadFull(header size) failed (errno 2013) (sqlstate HY000)
[2m2026-09-26 16:33:45.415 UTC[0m [92mINF[0m [2mbinlog/binlog_connection.go:339[0m waiting for binlog dump thread to end
[2m2026-09-26 16:33:45.415 UTC[0m [92mINF[0m [2mbinlog/binlog_connection.go:345[0m closing binlog MySQL client with serverID 1980439035. Will recycle ID.
[2m2026-09-26 16:33:45.415 UTC[0m [92mINF[0m [2mvstreamer/main_test.go:154[0m Last line of runCases
[2m2026-09-26 16:33:45.415 UTC[0m [92mINF[0m [2mmysqlctl/query.go:107[0m exec drop table if exists ddl_test1, ddl_test2
--- PASS: TestDDLAddColumn (0.07s)
=== RUN   TestDDLDropColumn
[2m2026-09-26 16:33:45.422 UTC[0m [92mINF[0m [2mmysqlctl/query.go:107[0m exec create table ddl_test2(id int, val1 varbinary(128), val2 varbinary(128), primary key(id))
[2m2026-09-26 16:33:45.429 UTC[0m [92mINF[0m [2mmysqlctl/query.go:107[0m exec insert into ddl_test2 values(1, 'aaa', 'ccc')
[2m2026-09-26 16:33:45.430 UTC[0m [92mINF[0m [2mmysqlctl/query.go:107[0m exec alter table ddl_test2 drop column val2
[2m2026-09-26 16:33:45.432 UTC[0m [92mINF[0m [2mmysqlctl/query.go:107[0m exec insert into ddl_test2 values(2, 'bbb')
[2m2026-09-26 16:33:45.433 UTC[0m [92mINF[0m [2mvstreamer/uvstreamer.go:447[0m Stream() called
[2m2026-09-26 16:33:45.434 UTC[0m [92mINF[0m [2mvstreamer/vstreamer.go:258[0m Starting Stream() with startPos MySQL56/f31d99a9-b9c7-11f1-8aa7-02fc00000001:1-384
[2m2026-09-26 16:33:45.435 UTC[0m [92mINF[0m [2mbinlog/binlog_connection.go:118[0m new binlog connection: serverID=1980439035
[2m2026-09-26 16:33:45.435 UTC[0m [92mINF[0m [2mbinlog/binlog_connection.go:169[0m sending binlog dump command: startPos=f31d99a9-b9c7-11f1-8aa7-02fc00000001:1-384, serverID=1980439035
[2m2026-09-26 16:33:45.437 UTC[0m [92mINF[0m [2mvstreamer/vstreamer.go:1221[0m Cannot determine columns for table ddl_test2
[2m2026-09-26 16:33:45.437 UTC[0m [91mERR[0m [2mvstreamer/vstreamer.go:1774[0m stream (at source tablet) error @ (including the GTID we failed to process) f31d99a9-b9c7-11f1-8aa7-02fc00000001:1-385: cannot determine table columns for ddl_test2: event has [3 15 15], schema has [name:"id" type:INT32 table:"ddl_test2" org_table:"ddl_test2" database:"vttest" org_name:"id" column_length:11 charset:63 flags:53251 name:"val1" type:VARBINARY table:"ddl_test2" org_table:"ddl_test2" database:"vttest" org_name:"val1" column_length:128 charset:63 flags:128]
failed to build table replication plan for table ddl_test2
[2m2026-09-26 16:33:45.437 UTC[0m [92mINF[0m [2mbinlog/binlog_connection.go:331[0m closing binlog socket to unblock reads
[2m2026-09-26 16:33:45.437 UTC[0m [92mINF[0m [2mbinlog/binlog_connection.go:339[0m waiting for binlog dump thread to end
[2m2026-09-26 16:33:45.437 UTC[0m [92mINF[0m [2mbinlog/binlog_connection.go:206[0m connection closed during binlog stream (possibly intentional): read unix @->/home/vt/v4btest/data/vttest1035440681/vt_0000000001/mysql.sock: use of closed network connection
io.ReadFull(header size) failed (errno 2013) (sqlstate HY000)
[2m2026-09-26 16:33:45.437 UTC[0m [92mINF[0m [2mbinlog/binlog_connection.go:345[0m closing binlog MySQL client with serverID 1980439035. Will recycle ID.
[2m2026-09-26 16:33:45.437 UTC[0m [92mINF[0m [2mmysqlctl/query.go:107[0m exec drop table ddl_test2
--- PASS: TestDDLDropColumn (0.02s)
=== RUN   TestUnsentDDL
[2m2026-09-26 16:33:45.440 UTC[0m [92mINF[0m [2mmysqlctl/query.go:107[0m exec create table unsent(id int, val varbinary(128), primary key(id))
[2m2026-09-26 16:33:45.445 UTC[0m [92mINF[0m [2mvstreamer/main_test.go:137[0m Starting to run test cases
[2m2026-09-26 16:33:45.445 UTC[0m [92mINF[0m [2mmysqlctl/query.go:107[0m exec drop table unsent
[2m2026-09-26 16:33:45.445 UTC[0m [92mINF[0m [2mvstreamer/uvstreamer.go:447[0m Stream() called
[2m2026-09-26 16:33:45.446 UTC[0m [92mINF[0m [2mvstreamer/vstreamer.go:258[0m Starting Stream() with startPos MySQL56/f31d99a9-b9c7-11f1-8aa7-02fc00000001:1-389
[2m2026-09-26 16:33:45.447 UTC[0m [92mINF[0m [2mbinlog/binlog_connection.go:118[0m new binlog connection: serverID=1980439035
[2m2026-09-26 16:33:45.447 UTC[0m [92mINF[0m [2mbinlog/binlog_connection.go:169[0m sending binlog dump command: startPos=f31d99a9-b9c7-11f1-8aa7-02fc00000001:1-389, serverID=1980439035
[2m2026-09-26 16:33:45.450 UTC[0m [92mINF[0m [2mschema/engine.go:640[0m schema engine created [], altered [], dropped [ddl_test1 ddl_test2]
[2m2026-09-26 16:33:45.452 UTC[0m [92mINF[0m [2mvstreamer/main_test.go:332[0m Received events: [type:GTID timestamp:1790440425 gtid:"MySQL56/f31d99a9-b9c7-11f1-8aa7-02fc00000001:1-390" current_time:1790440425447941722 keyspace:"vttest" shard:"0" commit_parent:389 sequence_number:390 event_gtid:"f31d99a9-b9c7-11f1-8aa7-02fc00000001:390" type:OTHER timestamp:1790440425 current_time:1790440425447941722 keyspace:"vttest" shard:"0" commit_parent:389 sequence_number:390 event_gtid:"f31d99a9-b9c7-11f1-8aa7-02fc00000001:390"]
[2m2026-09-26 16:33:45.452 UTC[0m [92mINF[0m [2mvstreamer/vstreamer.go:1777[0m stream (at source tablet) ended @ (including the GTID we failed to process) f31d99a9-b9c7-11f1-8aa7-02fc00000001:1-390
[2m2026-09-26 16:33:45.452 UTC[0m [92mINF[0m [2mbinlog/binlog_connection.go:331[0m closing binlog socket to unblock reads
[2m2026-09-26 16:33:45.452 UTC[0m [92mINF[0m [2mbinlog/binlog_connection.go:206[0m connection closed during binlog stream (possibly intentional): read unix @->/home/vt/v4btest/data/vttest1035440681/vt_0000000001/mysql.sock: use of closed network connection
io.ReadFull(header size) failed (errno 2013) (sqlstate HY000)
[2m2026-09-26 16:33:45.452 UTC[0m [92mINF[0m [2mbinlog/binlog_connection.go:339[0m waiting for binlog dump thread to end
[2m2026-09-26 16:33:45.452 UTC[0m [92mINF[0m [2mbinlog/binlog_connection.go:345[0m closing binlog MySQL client with serverID 1980439035. Will recycle ID.
[2m2026-09-26 16:33:45.452 UTC[0m [92mINF[0m [2mvstreamer/main_test.go:154[0m Last line of runCases
--- PASS: TestUnsentDDL (0.01s)
=== RUN   TestVStreamFilteredTerminalEventsFlushBufferedState
[2m2026-09-26 16:33:45.453 UTC[0m [92mINF[0m [2mmysqlctl/query.go:107[0m exec create table filtered_terminal_flush(id int, val varbinary(128), primary key(id))
[2m2026-09-26 16:33:45.458 UTC[0m [92mINF[0m [2mmysqlctl/query.go:107[0m exec insert into filtered_terminal_flush values (1, 'aaa')
[2m2026-09-26 16:33:45.458 UTC[0m [92mINF[0m [2mvstreamer/uvstreamer.go:447[0m Stream() called
[2m2026-09-26 16:33:45.459 UTC[0m [92mINF[0m [2mmysqlctl/query.go:107[0m exec insert into filtered_terminal_flush values (2, 'bbb')
[2m2026-09-26 16:33:45.459 UTC[0m [92mINF[0m [2mvstreamer/vstreamer.go:258[0m Starting Stream() with startPos MySQL56/f31d99a9-b9c7-11f1-8aa7-02fc00000001:1-391
[2m2026-09-26 16:33:45.460 UTC[0m [92mINF[0m [2mbinlog/binlog_connection.go:118[0m new binlog connection: serverID=1980439035
[2m2026-09-26 16:33:45.460 UTC[0m [92mINF[0m [2mbinlog/binlog_connection.go:169[0m sending binlog dump command: startPos=f31d99a9-b9c7-11f1-8aa7-02fc00000001:1-391, serverID=1980439035
[2m2026-09-26 16:33:45.460 UTC[0m [92mINF[0m [2mvstreamer/uvstreamer.go:120[0m uvstreamer replicate send() returned with err EOF
[2m2026-09-26 16:33:45.460 UTC[0m [92mINF[0m [2mvstreamer/vstreamer.go:1777[0m stream (at source tablet) ended @ (including the GTID we failed to process) f31d99a9-b9c7-11f1-8aa7-02fc00000001:1-393
[2m2026-09-26 16:33:45.460 UTC[0m [92mINF[0m [2mbinlog/binlog_connection.go:331[0m closing binlog socket to unblock reads
[2m2026-09-26 16:33:45.460 UTC[0m [92mINF[0m [2mbinlog/binlog_connection.go:339[0m waiting for binlog dump thread to end
[2m2026-09-26 16:33:45.460 UTC[0m [92mINF[0m [2mbinlog/binlog_connection.go:206[0m connection closed during binlog stream (possibly intentional): read unix @->/home/vt/v4btest/data/vttest1035440681/vt_0000000001/mysql.sock: use of closed network connection
io.ReadFull(header size) failed (errno 2013) (sqlstate HY000)
[2m2026-09-26 16:33:45.460 UTC[0m [92mINF[0m [2mbinlog/binlog_connection.go:345[0m closing binlog MySQL client with serverID 1980439035. Will recycle ID.
[2m2026-09-26 16:33:45.510 UTC[0m [92mINF[0m [2mmysqlctl/query.go:107[0m exec drop table filtered_terminal_flush
--- PASS: TestVStreamFilteredTerminalEventsFlushBufferedState (0.06s)
=== RUN   TestBuffering
[2m2026-09-26 16:33:45.514 UTC[0m [92mINF[0m [2mmysqlctl/query.go:107[0m exec create table packet_test(id int, val varbinary(128), primary key(id)) ENGINE=InnoDB CHARSET=utf8mb4
[2m2026-09-26 16:33:45.518 UTC[0m [92mINF[0m [2mvstreamer/main_test.go:134[0m Starting stream with current position
[2m2026-09-26 16:33:45.519 UTC[0m [92mINF[0m [2mvstreamer/uvstreamer.go:447[0m Stream() called
[2m2026-09-26 16:33:45.520 UTC[0m [92mINF[0m [2mvstreamer/uvstreamer.go:363[0m sendEventsForCurrentPos
[2m2026-09-26 16:33:45.520 UTC[0m [92mINF[0m [2mvstreamer/main_test.go:332[0m Received events: [type:GTID gtid:"MySQL56/f31d99a9-b9c7-11f1-8aa7-02fc00000001:1-395" keyspace:"vttest" shard:"0" type:OTHER keyspace:"vttest" shard:"0"]
[2m2026-09-26 16:33:45.520 UTC[0m [92mINF[0m [2mvstreamer/vstreamer.go:258[0m Starting Stream() with startPos MySQL56/f31d99a9-b9c7-11f1-8aa7-02fc00000001:1-395
[2m2026-09-26 16:33:45.520 UTC[0m [92mINF[0m [2mvstreamer/main_test.go:137[0m Starting to run test cases
[2m2026-09-26 16:33:45.520 UTC[0m [92mINF[0m [2mmysqlctl/query.go:107[0m exec begin
[2m2026-09-26 16:33:45.520 UTC[0m [92mINF[0m [2mmysqlctl/query.go:107[0m exec insert into packet_test values (1, '123')
[2m2026-09-26 16:33:45.520 UTC[0m [92mINF[0m [2mbinlog/binlog_connection.go:118[0m new binlog connection: serverID=1980439035
[2m2026-09-26 16:33:45.520 UTC[0m [92mINF[0m [2mbinlog/binlog_connection.go:169[0m sending binlog dump command: startPos=f31d99a9-b9c7-11f1-8aa7-02fc00000001:1-395, serverID=1980439035
[2m2026-09-26 16:33:45.521 UTC[0m [92mINF[0m [2mmysqlctl/query.go:107[0m exec insert into packet_test values (2, '456')
[2m2026-09-26 16:33:45.521 UTC[0m [92mINF[0m [2mmysqlctl/query.go:107[0m exec commit
[2m2026-09-26 16:33:45.525 UTC[0m [92mINF[0m [2mschema/engine.go:640[0m schema engine created [packet_test], altered [], dropped []
[2m2026-09-26 16:33:45.526 UTC[0m [92mINF[0m [2mvstreamer/main_test.go:332[0m Received events: [type:BEGIN timestamp:1790440425 current_time:1790440425521570933 keyspace:"vttest" shard:"0" commit_parent:395 sequence_number:396 event_gtid:"f31d99a9-b9c7-11f1-8aa7-02fc00000001:396" type:FIELD timestamp:1790440425 field_event:{table_name:"packet_test" fields:{name:"id" type:INT32 table:"packet_test" org_table:"packet_test" database:"vttest" org_name:"id" column_length:11 charset:63 flags:53251 column_type:"int"} fields:{name:"val" type:VARBINARY table:"packet_test" org_table:"packet_test" database:"vttest" org_name:"val" column_length:128 charset:63 flags:128 column_type:"varbinary(128)"} keyspace:"vttest" shard:"0"} current_time:1790440425521580775 keyspace:"vttest" shard:"0" commit_parent:395 sequence_number:396 event_gtid:"f31d99a9-b9c7-11f1-8aa7-02fc00000001:396" type:ROW timestamp:1790440425 row_event:{table_name:"packet_test" row_changes:{after:{lengths:1 lengths:3 values:"1123"}} keyspace:"vttest" shard:"0" flags:3} current_time:1790440425526403391 keyspace:"vttest" shard:"0" commit_parent:395 sequence_number:396 event_gtid:"f31d99a9-b9c7-11f1-8aa7-02fc00000001:396" type:ROW timestamp:1790440425 row_event:{table_name:"packet_test" row_changes:{after:{lengths:1 lengths:3 values:"2456"}} keyspace:"vttest" shard:"0" flags:3} current_time:1790440425526410323 keyspace:"vttest" shard:"0" commit_parent:395 sequence_number:396 event_gtid:"f31d99a9-b9c7-11f1-8aa7-02fc00000001:396" type:GTID timestamp:1790440425 gtid:"MySQL56/f31d99a9-b9c7-11f1-8aa7-02fc00000001:1-396" current_time:1790440425526412027 keyspace:"vttest" shard:"0" commit_parent:395 sequence_number:396 event_gtid:"f31d99a9-b9c7-11f1-8aa7-02fc00000001:396" type:COMMIT timestamp:1790440425 current_time:1790440425526412027 keyspace:"vttest" shard:"0" commit_parent:395 sequence_number:396 event_gtid:"f31d99a9-b9c7-11f1-8aa7-02fc00000001:396"]
[2m2026-09-26 16:33:45.529 UTC[0m [92mINF[0m [2mschema/engine.go:640[0m schema engine created [], altered [packet_test], dropped []
[2m2026-09-26 16:33:45.529 UTC[0m [92mINF[0m [2mmysqlctl/query.go:107[0m exec begin
[2m2026-09-26 16:33:45.530 UTC[0m [92mINF[0m [2mmysqlctl/query.go:107[0m exec insert into packet_test values (3, '123456')
[2m2026-09-26 16:33:45.530 UTC[0m [92mINF[0m [2mmysqlctl/query.go:107[0m exec insert into packet_test values (4, '789012')
[2m2026-09-26 16:33:45.530 UTC[0m [92mINF[0m [2mmysqlctl/query.go:107[0m exec delete from packet_test where id=3
[2m2026-09-26 16:33:45.530 UTC[0m [92mINF[0m [2mmysqlctl/query.go:107[0m exec delete from packet_test where id=4
[2m2026-09-26 16:33:45.531 UTC[0m [92mINF[0m [2mmysqlctl/query.go:107[0m exec commit
[2m2026-09-26 16:33:45.531 UTC[0m [92mINF[0m [2mvstreamer/main_test.go:332[0m Received events: [type:BEGIN timestamp:1790440425 current_time:1790440425531406968 keyspace:"vttest" shard:"0" commit_parent:396 sequence_number:397 event_gtid:"f31d99a9-b9c7-11f1-8aa7-02fc00000001:397" type:ROW timestamp:1790440425 row_event:{table_name:"packet_test" row_changes:{after:{lengths:1 lengths:6 values:"3123456"}} keyspace:"vttest" shard:"0" flags:3} current_time:1790440425531421982 keyspace:"vttest" shard:"0" commit_parent:396 sequence_number:397 event_gtid:"f31d99a9-b9c7-11f1-8aa7-02fc00000001:397"]
[2m2026-09-26 16:33:45.535 UTC[0m [92mINF[0m [2mschema/engine.go:640[0m schema engine created [], altered [packet_test], dropped []
[2m2026-09-26 16:33:45.535 UTC[0m [92mINF[0m [2mvstreamer/main_test.go:332[0m Received events: [type:ROW timestamp:1790440425 row_event:{table_name:"packet_test" row_changes:{after:{lengths:1 lengths:6 values:"4789012"}} keyspace:"vttest" shard:"0" flags:3} current_time:1790440425531428943 keyspace:"vttest" shard:"0" commit_parent:396 sequence_number:397 event_gtid:"f31d99a9-b9c7-11f1-8aa7-02fc00000001:397"]
[2m2026-09-26 16:33:45.535 UTC[0m [92mINF[0m [2mvstreamer/main_test.go:332[0m Received events: [type:ROW timestamp:1790440425 row_event:{table_name:"packet_test" row_changes:{before:{lengths:1 lengths:6 values:"3123456"}} keyspace:"vttest" shard:"0" flags:3} current_time:1790440425535556253 keyspace:"vttest" shard:"0" commit_parent:396 sequence_number:397 event_gtid:"f31d99a9-b9c7-11f1-8aa7-02fc00000001:397"]
[2m2026-09-26 16:33:45.535 UTC[0m [92mINF[0m [2mvstreamer/main_test.go:332[0m Received events: [type:ROW timestamp:1790440425 row_event:{table_name:"packet_test" row_changes:{before:{lengths:1 lengths:6 values:"4789012"}} keyspace:"vttest" shard:"0" flags:3} current_time:1790440425535592848 keyspace:"vttest" shard:"0" commit_parent:396 sequence_number:397 event_gtid:"f31d99a9-b9c7-11f1-8aa7-02fc00000001:397" type:GTID timestamp:1790440425 gtid:"MySQL56/f31d99a9-b9c7-11f1-8aa7-02fc00000001:1-397" current_time:1790440425535653375 keyspace:"vttest" shard:"0" commit_parent:396 sequence_number:397 event_gtid:"f31d99a9-b9c7-11f1-8aa7-02fc00000001:397" type:COMMIT timestamp:1790440425 current_time:1790440425535653375 keyspace:"vttest" shard:"0" commit_parent:396 sequence_number:397 event_gtid:"f31d99a9-b9c7-11f1-8aa7-02fc00000001:397"]
[2m2026-09-26 16:33:45.535 UTC[0m [92mINF[0m [2mmysqlctl/query.go:107[0m exec begin
[2m2026-09-26 16:33:45.536 UTC[0m [92mINF[0m [2mmysqlctl/query.go:107[0m exec insert into packet_test values (5, '123456')
[2m2026-09-26 16:33:45.536 UTC[0m [92mINF[0m [2mmysqlctl/query.go:107[0m exec insert into packet_test values (6, '12345678901')
[2m2026-09-26 16:33:45.536 UTC[0m [92mINF[0m [2mmysqlctl/query.go:107[0m exec insert into packet_test values (7, '23456')
[2m2026-09-26 16:33:45.536 UTC[0m [92mINF[0m [2mmysqlctl/query.go:107[0m exec commit
[2m2026-09-26 16:33:45.537 UTC[0m [92mINF[0m [2mvstreamer/main_test.go:332[0m Received events: [type:BEGIN timestamp:1790440425 current_time:1790440425537066655 keyspace:"vttest" shard:"0" commit_parent:397 sequence_number:398 event_gtid:"f31d99a9-b9c7-11f1-8aa7-02fc00000001:398" type:ROW timestamp:1790440425 row_event:{table_name:"packet_test" row_changes:{after:{lengths:1 lengths:6 values:"5123456"}} keyspace:"vttest" shard:"0" flags:3} current_time:1790440425537079741 keyspace:"vttest" shard:"0" commit_parent:397 sequence_number:398 event_gtid:"f31d99a9-b9c7-11f1-8aa7-02fc00000001:398"]
[2m2026-09-26 16:33:45.540 UTC[0m [92mINF[0m [2mschema/engine.go:640[0m schema engine created [], altered [packet_test], dropped []
[2m2026-09-26 16:33:45.540 UTC[0m [92mINF[0m [2mvstreamer/main_test.go:332[0m Received events: [type:ROW timestamp:1790440425 row_event:{table_name:"packet_test" row_changes:{after:{lengths:1 lengths:11 values:"612345678901"}} keyspace:"vttest" shard:"0" flags:3} current_time:1790440425537085820 keyspace:"vttest" shard:"0" commit_parent:397 sequence_number:398 event_gtid:"f31d99a9-b9c7-11f1-8aa7-02fc00000001:398"]
[2m2026-09-26 16:33:45.540 UTC[0m [92mINF[0m [2mvstreamer/main_test.go:332[0m Received events: [type:ROW timestamp:1790440425 row_event:{table_name:"packet_test" row_changes:{after:{lengths:1 lengths:5 values:"723456"}} keyspace:"vttest" shard:"0" flags:3} current_time:1790440425540432304 keyspace:"vttest" shard:"0" commit_parent:397 sequence_number:398 event_gtid:"f31d99a9-b9c7-11f1-8aa7-02fc00000001:398" type:GTID timestamp:1790440425 gtid:"MySQL56/f31d99a9-b9c7-11f1-8aa7-02fc00000001:1-398" current_time:1790440425540467430 keyspace:"vttest" shard:"0" commit_parent:397 sequence_number:398 event_gtid:"f31d99a9-b9c7-11f1-8aa7-02fc00000001:398" type:COMMIT timestamp:1790440425 current_time:1790440425540467430 keyspace:"vttest" shard:"0" commit_parent:397 sequence_number:398 event_gtid:"f31d99a9-b9c7-11f1-8aa7-02fc00000001:398"]
[2m2026-09-26 16:33:45.540 UTC[0m [92mINF[0m [2mmysqlctl/query.go:107[0m exec begin
[2m2026-09-26 16:33:45.540 UTC[0m [92mINF[0m [2mmysqlctl/query.go:107[0m exec insert into packet_test values (8, '123')
[2m2026-09-26 16:33:45.541 UTC[0m [92mINF[0m [2mmysqlctl/query.go:107[0m exec update packet_test set val='456' where id=8
[2m2026-09-26 16:33:45.541 UTC[0m [92mINF[0m [2mmysqlctl/query.go:107[0m exec commit
[2m2026-09-26 16:33:45.541 UTC[0m [92mINF[0m [2mvstreamer/main_test.go:332[0m Received events: [type:BEGIN timestamp:1790440425 current_time:1790440425541573772 keyspace:"vttest" shard:"0" commit_parent:398 sequence_number:399 event_gtid:"f31d99a9-b9c7-11f1-8aa7-02fc00000001:399" type:ROW timestamp:1790440425 row_event:{table_name:"packet_test" row_changes:{after:{lengths:1 lengths:3 values:"8123"}} keyspace:"vttest" shard:"0" flags:3} current_time:1790440425541586138 keyspace:"vttest" shard:"0" commit_parent:398 sequence_number:399 event_gtid:"f31d99a9-b9c7-11f1-8aa7-02fc00000001:399"]
[2m2026-09-26 16:33:45.544 UTC[0m [92mINF[0m [2mschema/engine.go:640[0m schema engine created [], altered [packet_test], dropped []
[2m2026-09-26 16:33:45.544 UTC[0m [92mINF[0m [2mvstreamer/main_test.go:332[0m Received events: [type:ROW timestamp:1790440425 row_event:{table_name:"packet_test" row_changes:{before:{lengths:1 lengths:3 values:"8123"} after:{lengths:1 lengths:3 values:"8456"}} keyspace:"vttest" shard:"0" flags:3} current_time:1790440425541592240 keyspace:"vttest" shard:"0" commit_parent:398 sequence_number:399 event_gtid:"f31d99a9-b9c7-11f1-8aa7-02fc00000001:399" type:GTID timestamp:1790440425 gtid:"MySQL56/f31d99a9-b9c7-11f1-8aa7-02fc00000001:1-399" current_time:1790440425544792540 keyspace:"vttest" shard:"0" commit_parent:398 sequence_number:399 event_gtid:"f31d99a9-b9c7-11f1-8aa7-02fc00000001:399" type:COMMIT timestamp:1790440425 current_time:1790440425544792540 keyspace:"vttest" shard:"0" commit_parent:398 sequence_number:399 event_gtid:"f31d99a9-b9c7-11f1-8aa7-02fc00000001:399"]
[2m2026-09-26 16:33:45.545 UTC[0m [92mINF[0m [2mmysqlctl/query.go:107[0m exec alter table packet_test change val val varchar(128)
[2m2026-09-26 16:33:45.560 UTC[0m [92mINF[0m [2mschema/engine.go:640[0m schema engine created [], altered [packet_test], dropped []
[2m2026-09-26 16:33:45.560 UTC[0m [92mINF[0m [2mvstreamer/main_test.go:332[0m Received events: [type:GTID timestamp:1790440425 gtid:"MySQL56/f31d99a9-b9c7-11f1-8aa7-02fc00000001:1-400" current_time:1790440425556169196 keyspace:"vttest" shard:"0" commit_parent:399 sequence_number:400 event_gtid:"f31d99a9-b9c7-11f1-8aa7-02fc00000001:400" type:DDL timestamp:1790440425 statement:"alter table packet_test change val val varchar(128)" current_time:1790440425556169196 keyspace:"vttest" shard:"0" commit_parent:399 sequence_number:400 event_gtid:"f31d99a9-b9c7-11f1-8aa7-02fc00000001:400"]
[2m2026-09-26 16:33:45.563 UTC[0m [92mINF[0m [2mschema/engine.go:640[0m schema engine created [], altered [packet_test], dropped []
[2m2026-09-26 16:33:45.564 UTC[0m [92mINF[0m [2mvstreamer/vstreamer.go:1777[0m stream (at source tablet) ended @ (including the GTID we failed to process) f31d99a9-b9c7-11f1-8aa7-02fc00000001:1-400
[2m2026-09-26 16:33:45.564 UTC[0m [92mINF[0m [2mbinlog/binlog_connection.go:331[0m closing binlog socket to unblock reads
[2m2026-09-26 16:33:45.564 UTC[0m [92mINF[0m [2mbinlog/binlog_connection.go:206[0m connection closed during binlog stream (possibly intentional): read unix @->/home/vt/v4btest/data/vttest1035440681/vt_0000000001/mysql.sock: use of closed network connection
io.ReadFull(header size) failed (errno 2013) (sqlstate HY000)
[2m2026-09-26 16:33:45.564 UTC[0m [92mINF[0m [2mbinlog/binlog_connection.go:339[0m waiting for binlog dump thread to end
[2m2026-09-26 16:33:45.564 UTC[0m [92mINF[0m [2mbinlog/binlog_connection.go:345[0m closing binlog MySQL client with serverID 1980439035. Will recycle ID.
[2m2026-09-26 16:33:45.564 UTC[0m [92mINF[0m [2mvstreamer/main_test.go:154[0m Last line of runCases
[2m2026-09-26 16:33:45.564 UTC[0m [92mINF[0m [2mmysqlctl/query.go:107[0m exec drop table if exists packet_test
--- PASS: TestBuffering (0.05s)
=== RUN   TestBestEffortNameInFieldEvent
[2m2026-09-26 16:33:45.567 UTC[0m [92mINF[0m [2mmysqlctl/query.go:107[0m exec create table vitess_test(id int, val varbinary(128), primary key(id)) ENGINE=InnoDB CHARSET=utf8mb4
[2m2026-09-26 16:33:45.573 UTC[0m [92mINF[0m [2mmysqlctl/query.go:107[0m exec insert into vitess_test values(1, 'abc')
[2m2026-09-26 16:33:45.574 UTC[0m [92mINF[0m [2mmysqlctl/query.go:107[0m exec rename table vitess_test to vitess_test_new
[2m2026-09-26 16:33:45.577 UTC[0m [92mINF[0m [2mvstreamer/main_test.go:137[0m Starting to run test cases
[2m2026-09-26 16:33:45.577 UTC[0m [92mINF[0m [2mmysqlctl/query.go:107[0m exec insert into vitess_test_new values(2, 'abc')
[2m2026-09-26 16:33:45.578 UTC[0m [92mINF[0m [2mvstreamer/uvstreamer.go:447[0m Stream() called
[2m2026-09-26 16:33:45.578 UTC[0m [92mINF[0m [2mvstreamer/vstreamer.go:258[0m Starting Stream() with startPos MySQL56/f31d99a9-b9c7-11f1-8aa7-02fc00000001:1-402
[2m2026-09-26 16:33:45.582 UTC[0m [92mINF[0m [2mschema/engine.go:640[0m schema engine created [vitess_test_new], altered [], dropped [packet_test]
[2m2026-09-26 16:33:45.582 UTC[0m [92mINF[0m [2mbinlog/binlog_connection.go:118[0m new binlog connection: serverID=1980439035
[2m2026-09-26 16:33:45.582 UTC[0m [92mINF[0m [2mbinlog/binlog_connection.go:169[0m sending binlog dump command: startPos=f31d99a9-b9c7-11f1-8aa7-02fc00000001:1-402, serverID=1980439035
[2m2026-09-26 16:33:45.586 UTC[0m [92mINF[0m [2mschema/engine.go:640[0m schema engine created [], altered [vitess_test_new], dropped []
[2m2026-09-26 16:33:45.586 UTC[0m [92mINF[0m [2mschema/engine.go:980[0m table vitess_test not found in vttablet schema, current tables: map[vitess_test_new:0x49668189d00]
[2m2026-09-26 16:33:45.586 UTC[0m [92mINF[0m [2mvstreamer/main_test.go:332[0m Received events: [type:BEGIN timestamp:1790440425 current_time:1790440425583324057 keyspace:"vttest" shard:"0" commit_parent:402 sequence_number:403 event_gtid:"f31d99a9-b9c7-11f1-8aa7-02fc00000001:403" type:FIELD timestamp:1790440425 field_event:{table_name:"vitess_test" fields:{name:"@1" type:INT32 charset:63 flags:32768} fields:{name:"@2" type:VARCHAR charset:63 flags:128} keyspace:"vttest" shard:"0"} current_time:1790440425583330965 keyspace:"vttest" shard:"0" commit_parent:402 sequence_number:403 event_gtid:"f31d99a9-b9c7-11f1-8aa7-02fc00000001:403" type:ROW timestamp:1790440425 row_event:{table_name:"vitess_test" row_changes:{after:{lengths:1 lengths:3 values:"1abc"}} keyspace:"vttest" shard:"0" flags:3} current_time:1790440425586735942 keyspace:"vttest" shard:"0" commit_parent:402 sequence_number:403 event_gtid:"f31d99a9-b9c7-11f1-8aa7-02fc00000001:403" type:GTID timestamp:1790440425 gtid:"MySQL56/f31d99a9-b9c7-11f1-8aa7-02fc00000001:1-403" current_time:1790440425586743883 keyspace:"vttest" shard:"0" commit_parent:402 sequence_number:403 event_gtid:"f31d99a9-b9c7-11f1-8aa7-02fc00000001:403" type:COMMIT timestamp:1790440425 current_time:1790440425586743883 keyspace:"vttest" shard:"0" commit_parent:402 sequence_number:403 event_gtid:"f31d99a9-b9c7-11f1-8aa7-02fc00000001:403"]
[2m2026-09-26 16:33:45.590 UTC[0m [92mINF[0m [2mschema/engine.go:640[0m schema engine created [], altered [vitess_test_new], dropped []
[2m2026-09-26 16:33:45.590 UTC[0m [92mINF[0m [2mvstreamer/main_test.go:332[0m Received events: [type:GTID timestamp:1790440425 gtid:"MySQL56/f31d99a9-b9c7-11f1-8aa7-02fc00000001:1-404" current_time:1790440425586856037 keyspace:"vttest" shard:"0" commit_parent:403 sequence_number:404 event_gtid:"f31d99a9-b9c7-11f1-8aa7-02fc00000001:404" type:DDL timestamp:1790440425 statement:"rename table vitess_test to vitess_test_new" current_time:1790440425586856037 keyspace:"vttest" shard:"0" commit_parent:403 sequence_number:404 event_gtid:"f31d99a9-b9c7-11f1-8aa7-02fc00000001:404"]
[2m2026-09-26 16:33:45.593 UTC[0m [92mINF[0m [2mvstreamer/main_test.go:332[0m Received events: [type:BEGIN timestamp:1790440425 current_time:1790440425590515749 keyspace:"vttest" shard:"0" commit_parent:404 sequence_number:405 event_gtid:"f31d99a9-b9c7-11f1-8aa7-02fc00000001:405" type:FIELD timestamp:1790440425 field_event:{table_name:"vitess_test_new" fields:{name:"id" type:INT32 table:"vitess_test_new" org_table:"vitess_test_new" database:"vttest" org_name:"id" column_length:11 charset:63 flags:53251 column_type:"int"} fields:{name:"val" type:VARBINARY table:"vitess_test_new" org_table:"vitess_test_new" database:"vttest" org_name:"val" column_length:128 charset:63 flags:128 column_type:"varbinary(128)"} keyspace:"vttest" shard:"0"} current_time:1790440425590521185 keyspace:"vttest" shard:"0" commit_parent:404 sequence_number:405 event_gtid:"f31d99a9-b9c7-11f1-8aa7-02fc00000001:405" type:ROW timestamp:1790440425 row_event:{table_name:"vitess_test_new" row_changes:{after:{lengths:1 lengths:3 values:"2abc"}} keyspace:"vttest" shard:"0" flags:3} current_time:1790440425593579927 keyspace:"vttest" shard:"0" commit_parent:404 sequence_number:405 event_gtid:"f31d99a9-b9c7-11f1-8aa7-02fc00000001:405" type:GTID timestamp:1790440425 gtid:"MySQL56/f31d99a9-b9c7-11f1-8aa7-02fc00000001:1-405" current_time:1790440425593585453 keyspace:"vttest" shard:"0" commit_parent:404 sequence_number:405 event_gtid:"f31d99a9-b9c7-11f1-8aa7-02fc00000001:405" type:COMMIT timestamp:1790440425 current_time:1790440425593585453 keyspace:"vttest" shard:"0" commit_parent:404 sequence_number:405 event_gtid:"f31d99a9-b9c7-11f1-8aa7-02fc00000001:405"]
[2m2026-09-26 16:33:45.593 UTC[0m [92mINF[0m [2mvstreamer/vstreamer.go:1777[0m stream (at source tablet) ended @ (including the GTID we failed to process) f31d99a9-b9c7-11f1-8aa7-02fc00000001:1-405
[2m2026-09-26 16:33:45.593 UTC[0m [92mINF[0m [2mbinlog/binlog_connection.go:331[0m closing binlog socket to unblock reads
[2m2026-09-26 16:33:45.593 UTC[0m [92mINF[0m [2mbinlog/binlog_connection.go:206[0m connection closed during binlog stream (possibly intentional): read unix @->/home/vt/v4btest/data/vttest1035440681/vt_0000000001/mysql.sock: use of closed network connection
io.ReadFull(header size) failed (errno 2013) (sqlstate HY000)
[2m2026-09-26 16:33:45.593 UTC[0m [92mINF[0m [2mbinlog/binlog_connection.go:339[0m waiting for binlog dump thread to end
[2m2026-09-26 16:33:45.593 UTC[0m [92mINF[0m [2mbinlog/binlog_connection.go:345[0m closing binlog MySQL client with serverID 1980439035. Will recycle ID.
[2m2026-09-26 16:33:45.593 UTC[0m [92mINF[0m [2mvstreamer/main_test.go:154[0m Last line of runCases
[2m2026-09-26 16:33:45.594 UTC[0m [92mINF[0m [2mmysqlctl/query.go:107[0m exec drop table vitess_test_new
--- PASS: TestBestEffortNameInFieldEvent (0.03s)
=== RUN   TestOnlineDDLTables
[2m2026-09-26 16:33:45.596 UTC[0m [92mINF[0m [2mmysqlctl/query.go:107[0m exec create table vitess_test(id int, val varbinary(128), primary key(id))
[2m2026-09-26 16:33:45.602 UTC[0m [92mINF[0m [2mmysqlctl/query.go:107[0m exec create table _1e275eef_3b20_11eb_a38f_04ed332e05c2_20201210204529_gho(id int, val varbinary(128), primary key(id))
[2m2026-09-26 16:33:45.607 UTC[0m [92mINF[0m [2mmysqlctl/query.go:107[0m exec create table _vt_prg_1f9194b43b2011eb8a0104ed332e05c2_20201210194431_(id int, val varbinary(128), primary key(id))
[2m2026-09-26 16:33:45.612 UTC[0m [92mINF[0m [2mmysqlctl/query.go:107[0m exec create table _product_old(id int, val varbinary(128), primary key(id))
[2m2026-09-26 16:33:45.618 UTC[0m [92mINF[0m [2mmysqlctl/query.go:107[0m exec insert into vitess_test values(1, 'abc')
[2m2026-09-26 16:33:45.619 UTC[0m [92mINF[0m [2mmysqlctl/query.go:107[0m exec insert into _1e275eef_3b20_11eb_a38f_04ed332e05c2_20201210204529_gho values(1, 'abc')
[2m2026-09-26 16:33:45.619 UTC[0m [92mINF[0m [2mmysqlctl/query.go:107[0m exec insert into _vt_prg_1f9194b43b2011eb8a0104ed332e05c2_20201210194431_ values(1, 'abc')
[2m2026-09-26 16:33:45.620 UTC[0m [92mINF[0m [2mmysqlctl/query.go:107[0m exec insert into _product_old values(1, 'abc')
[2m2026-09-26 16:33:45.621 UTC[0m [92mINF[0m [2mvstreamer/main_test.go:137[0m Starting to run test cases
[2m2026-09-26 16:33:45.621 UTC[0m [92mINF[0m [2mmysqlctl/query.go:107[0m exec insert into vitess_test values(2, 'abc')
[2m2026-09-26 16:33:45.622 UTC[0m [92mINF[0m [2mvstreamer/uvstreamer.go:447[0m Stream() called
[2m2026-09-26 16:33:45.623 UTC[0m [92mINF[0m [2mvstreamer/vstreamer.go:258[0m Starting Stream() with startPos MySQL56/f31d99a9-b9c7-11f1-8aa7-02fc00000001:1-410
[2m2026-09-26 16:33:45.629 UTC[0m [92mINF[0m [2mschema/engine.go:640[0m schema engine created [_1e275eef_3b20_11eb_a38f_04ed332e05c2_20201210204529_gho _product_old _vt_prg_1f9194b43b2011eb8a0104ed332e05c2_20201210194431_ vitess_test], altered [], dropped [vitess_test_new]
[2m2026-09-26 16:33:45.630 UTC[0m [92mINF[0m [2mbinlog/binlog_connection.go:118[0m new binlog connection: serverID=1980439035
[2m2026-09-26 16:33:45.630 UTC[0m [92mINF[0m [2mbinlog/binlog_connection.go:169[0m sending binlog dump command: startPos=f31d99a9-b9c7-11f1-8aa7-02fc00000001:1-410, serverID=1980439035
[2m2026-09-26 16:33:45.634 UTC[0m [92mINF[0m [2mvstreamer/main_test.go:332[0m Received events: [type:BEGIN timestamp:1790440425 current_time:1790440425631048157 keyspace:"vttest" shard:"0" commit_parent:410 sequence_number:411 event_gtid:"f31d99a9-b9c7-11f1-8aa7-02fc00000001:411" type:FIELD timestamp:1790440425 field_event:{table_name:"vitess_test" fields:{name:"id" type:INT32 table:"vitess_test" org_table:"vitess_test" database:"vttest" org_name:"id" column_length:11 charset:63 flags:53251 column_type:"int"} fields:{name:"val" type:VARBINARY table:"vitess_test" org_table:"vitess_test" database:"vttest" org_name:"val" column_length:128 charset:63 flags:128 column_type:"varbinary(128)"} keyspace:"vttest" shard:"0"} current_time:1790440425631056389 keyspace:"vttest" shard:"0" commit_parent:410 sequence_number:411 event_gtid:"f31d99a9-b9c7-11f1-8aa7-02fc00000001:411" type:ROW timestamp:1790440425 row_event:{table_name:"vitess_test" row_changes:{after:{lengths:1 lengths:3 values:"1abc"}} keyspace:"vttest" shard:"0" flags:3} current_time:1790440425634196032 keyspace:"vttest" shard:"0" commit_parent:410 sequence_number:411 event_gtid:"f31d99a9-b9c7-11f1-8aa7-02fc00000001:411" type:GTID timestamp:1790440425 gtid:"MySQL56/f31d99a9-b9c7-11f1-8aa7-02fc00000001:1-411" current_time:1790440425634203268 keyspace:"vttest" shard:"0" commit_parent:410 sequence_number:411 event_gtid:"f31d99a9-b9c7-11f1-8aa7-02fc00000001:411" type:COMMIT timestamp:1790440425 current_time:1790440425634203268 keyspace:"vttest" shard:"0" commit_parent:410 sequence_number:411 event_gtid:"f31d99a9-b9c7-11f1-8aa7-02fc00000001:411"]
[2m2026-09-26 16:33:45.634 UTC[0m [92mINF[0m [2mvstreamer/main_test.go:332[0m Received events: [type:BEGIN timestamp:1790440425 current_time:1790440425634325838 keyspace:"vttest" shard:"0" commit_parent:411 sequence_number:412 event_gtid:"f31d99a9-b9c7-11f1-8aa7-02fc00000001:412" type:GTID timestamp:1790440425 gtid:"MySQL56/f31d99a9-b9c7-11f1-8aa7-02fc00000001:1-412" current_time:1790440425634344759 keyspace:"vttest" shard:"0" commit_parent:411 sequence_number:412 event_gtid:"f31d99a9-b9c7-11f1-8aa7-02fc00000001:412" type:COMMIT timestamp:1790440425 current_time:1790440425634344759 keyspace:"vttest" shard:"0" commit_parent:411 sequence_number:412 event_gtid:"f31d99a9-b9c7-11f1-8aa7-02fc00000001:412"]
[2m2026-09-26 16:33:45.634 UTC[0m [92mINF[0m [2mvstreamer/main_test.go:332[0m Received events: [type:BEGIN timestamp:1790440425 current_time:1790440425634516335 keyspace:"vttest" shard:"0" commit_parent:412 sequence_number:413 event_gtid:"f31d99a9-b9c7-11f1-8aa7-02fc00000001:413" type:GTID timestamp:1790440425 gtid:"MySQL56/f31d99a9-b9c7-11f1-8aa7-02fc00000001:1-413" current_time:1790440425634531473 keyspace:"vttest" shard:"0" commit_parent:412 sequence_number:413 event_gtid:"f31d99a9-b9c7-11f1-8aa7-02fc00000001:413" type:COMMIT timestamp:1790440425 current_time:1790440425634531473 keyspace:"vttest" shard:"0" commit_parent:412 sequence_number:413 event_gtid:"f31d99a9-b9c7-11f1-8aa7-02fc00000001:413"]
[2m2026-09-26 16:33:45.634 UTC[0m [92mINF[0m [2mvstreamer/main_test.go:332[0m Received events: [type:BEGIN timestamp:1790440425 current_time:1790440425634568449 keyspace:"vttest" shard:"0" commit_parent:413 sequence_number:414 event_gtid:"f31d99a9-b9c7-11f1-8aa7-02fc00000001:414" type:GTID timestamp:1790440425 gtid:"MySQL56/f31d99a9-b9c7-11f1-8aa7-02fc00000001:1-414" current_time:1790440425634574013 keyspace:"vttest" shard:"0" commit_parent:413 sequence_number:414 event_gtid:"f31d99a9-b9c7-11f1-8aa7-02fc00000001:414" type:COMMIT timestamp:1790440425 current_time:1790440425634574013 keyspace:"vttest" shard:"0" commit_parent:413 sequence_number:414 event_gtid:"f31d99a9-b9c7-11f1-8aa7-02fc00000001:414"]
[2m2026-09-26 16:33:45.634 UTC[0m [92mINF[0m [2mvstreamer/main_test.go:332[0m Received events: [type:BEGIN timestamp:1790440425 current_time:1790440425634619781 keyspace:"vttest" shard:"0" commit_parent:414 sequence_number:415 event_gtid:"f31d99a9-b9c7-11f1-8aa7-02fc00000001:415" type:ROW timestamp:1790440425 row_event:{table_name:"vitess_test" row_changes:{after:{lengths:1 lengths:3 values:"2abc"}} keyspace:"vttest" shard:"0" flags:3} current_time:1790440425634623705 keyspace:"vttest" shard:"0" commit_parent:414 sequence_number:415 event_gtid:"f31d99a9-b9c7-11f1-8aa7-02fc00000001:415" type:GTID timestamp:1790440425 gtid:"MySQL56/f31d99a9-b9c7-11f1-8aa7-02fc00000001:1-415" current_time:1790440425634628246 keyspace:"vttest" shard:"0" commit_parent:414 sequence_number:415 event_gtid:"f31d99a9-b9c7-11f1-8aa7-02fc00000001:415" type:COMMIT timestamp:1790440425 current_time:1790440425634628246 keyspace:"vttest" shard:"0" commit_parent:414 sequence_number:415 event_gtid:"f31d99a9-b9c7-11f1-8aa7-02fc00000001:415"]
[2m2026-09-26 16:33:45.634 UTC[0m [92mINF[0m [2mvstreamer/vstreamer.go:1777[0m stream (at source tablet) ended @ (including the GTID we failed to process) f31d99a9-b9c7-11f1-8aa7-02fc00000001:1-415
[2m2026-09-26 16:33:45.634 UTC[0m [92mINF[0m [2mbinlog/binlog_connection.go:331[0m closing binlog socket to unblock reads
[2m2026-09-26 16:33:45.634 UTC[0m [92mINF[0m [2mbinlog/binlog_connection.go:206[0m connection closed during binlog stream (possibly intentional): read unix @->/home/vt/v4btest/data/vttest1035440681/vt_0000000001/mysql.sock: use of closed network connection
io.ReadFull(header size) failed (errno 2013) (sqlstate HY000)
[2m2026-09-26 16:33:45.634 UTC[0m [92mINF[0m [2mbinlog/binlog_connection.go:339[0m waiting for binlog dump thread to end
[2m2026-09-26 16:33:45.634 UTC[0m [92mINF[0m [2mbinlog/binlog_connection.go:345[0m closing binlog MySQL client with serverID 1980439035. Will recycle ID.
[2m2026-09-26 16:33:45.634 UTC[0m [92mINF[0m [2mvstreamer/main_test.go:154[0m Last line of runCases
[2m2026-09-26 16:33:45.635 UTC[0m [92mINF[0m [2mmysqlctl/query.go:107[0m exec drop table vitess_test
[2m2026-09-26 16:33:45.638 UTC[0m [92mINF[0m [2mmysqlctl/query.go:107[0m exec drop table _1e275eef_3b20_11eb_a38f_04ed332e05c2_20201210204529_gho
[2m2026-09-26 16:33:45.641 UTC[0m [92mINF[0m [2mmysqlctl/query.go:107[0m exec drop table _vt_prg_1f9194b43b2011eb8a0104ed332e05c2_20201210194431_
[2m2026-09-26 16:33:45.644 UTC[0m [92mINF[0m [2mmysqlctl/query.go:107[0m exec drop table _product_old
--- PASS: TestOnlineDDLTables (0.05s)
=== RUN   TestTypes
[2m2026-09-26 16:33:45.646 UTC[0m [92mINF[0m [2mmysqlctl/query.go:107[0m exec create table vitess_ints(tiny tinyint, tinyu tinyint unsigned, small smallint, smallu smallint unsigned, medium mediumint, mediumu mediumint unsigned, normal int, normalu int unsigned, big bigint, big
[2m2026-09-26 16:33:45.652 UTC[0m [92mINF[0m [2mmysqlctl/query.go:107[0m exec create table vitess_fracts(id int, deci decimal(5,2), num numeric(5,2), f float, d double, primary key(id)) ENGINE=InnoDB CHARSET=utf8mb4
[2m2026-09-26 16:33:45.657 UTC[0m [92mINF[0m [2mmysqlctl/query.go:107[0m exec create table vitess_strings(vb varbinary(16), c char(16), vc varchar(16), b binary(4), tb tinyblob, bl blob, ttx tinytext, tx text, en enum('a','b'), s set('a','b'), primary key(vb)) ENGINE=InnoDB CHA
[2m2026-09-26 16:33:45.662 UTC[0m [92mINF[0m [2mmysqlctl/query.go:107[0m exec create table vitess_misc(id int, b bit(8), d date, dt datetime, t time, g geometry, primary key(id)) ENGINE=InnoDB CHARSET=utf8mb4
[2m2026-09-26 16:33:45.668 UTC[0m [92mINF[0m [2mmysqlctl/query.go:107[0m exec create table vitess_null(id int, val varbinary(128), primary key(id)) ENGINE=InnoDB CHARSET=utf8mb4
[2m2026-09-26 16:33:45.672 UTC[0m [92mINF[0m [2mmysqlctl/query.go:107[0m exec create table vitess_decimal(id int, dec1 decimal(12,4), dec2 decimal(13,4), primary key(id)) ENGINE=InnoDB CHARSET=utf8mb4
[2m2026-09-26 16:33:45.678 UTC[0m [92mINF[0m [2mvstreamer/main_test.go:137[0m Starting to run test cases
[2m2026-09-26 16:33:45.678 UTC[0m [92mINF[0m [2mmysqlctl/query.go:107[0m exec insert into vitess_ints values(-128, 255, -32768, 65535, -8388608, 16777215, -2147483648, 4294967295, -9223372036854775808, 18446744073709551615, 2012)
[2m2026-09-26 16:33:45.678 UTC[0m [92mINF[0m [2mvstreamer/uvstreamer.go:447[0m Stream() called
[2m2026-09-26 16:33:45.679 UTC[0m [92mINF[0m [2mvstreamer/vstreamer.go:258[0m Starting Stream() with startPos MySQL56/f31d99a9-b9c7-11f1-8aa7-02fc00000001:1-425
[2m2026-09-26 16:33:45.689 UTC[0m [92mINF[0m [2mschema/engine.go:640[0m schema engine created [vitess_decimal vitess_fracts vitess_ints vitess_misc vitess_null vitess_strings], altered [], dropped [_1e275eef_3b20_11eb_a38f_04ed332e05c2_20201210204529_gho _product_old _vt_prg_1f9194b43b2011eb8a0104ed332e05c2_20201210194431_ vitess_test]
[2m2026-09-26 16:33:45.689 UTC[0m [92mINF[0m [2mbinlog/binlog_connection.go:118[0m new binlog connection: serverID=1980439035
[2m2026-09-26 16:33:45.690 UTC[0m [92mINF[0m [2mbinlog/binlog_connection.go:169[0m sending binlog dump command: startPos=f31d99a9-b9c7-11f1-8aa7-02fc00000001:1-425, serverID=1980439035
[2m2026-09-26 16:33:45.693 UTC[0m [92mINF[0m [2mvstreamer/main_test.go:332[0m Received events: [type:BEGIN timestamp:1790440425 current_time:1790440425690385198 keyspace:"vttest" shard:"0" commit_parent:425 sequence_number:426 event_gtid:"f31d99a9-b9c7-11f1-8aa7-02fc00000001:426" type:FIELD timestamp:1790440425 field_event:{table_name:"vitess_ints" fields:{name:"tiny" type:INT8 table:"vitess_ints" org_table:"vitess_ints" database:"vttest" org_name:"tiny" column_length:4 charset:63 flags:53251 column_type:"tinyint"} fields:{name:"tinyu" type:UINT8 table:"vitess_ints" org_table:"vitess_ints" database:"vttest" org_name:"tinyu" column_length:3 charset:63 flags:32800 column_type:"tinyint unsigned"} fields:{name:"small" type:INT16 table:"vitess_ints" org_table:"vitess_ints" database:"vttest" org_name:"small" column_length:6 charset:63 flags:32768 column_type:"smallint"} fields:{name:"smallu" type:UINT16 table:"vitess_ints" org_table:"vitess_ints" database:"vttest" org_name:"smallu" column_length:5 charset:63 flags:32800 column_type:"smallint unsigned"} fields:{name:"medium" type:INT24 table:"vitess_ints" org_table:"vitess_ints" database:"vttest" org_name:"medium" column_length:9 charset:63 flags:32768 column_type:"mediumint"} fields:{name:"mediumu" type:UINT24 table:"vitess_ints" org_table:"vitess_ints" database:"vttest" org_name:"mediumu" column_length:8 charset:63 flags:32800 column_type:"mediumint unsigned"} fields:{name:"normal" type:INT32 table:"vitess_ints" org_table:"vitess_ints" database:"vttest" org_name:"normal" column_length:11 charset:63 flags:32768 column_type:"int"} fields:{name:"normalu" type:UINT32 table:"vitess_ints" org_table:"vitess_ints" database:"vttest" org_name:"normalu" column_length:10 charset:63 flags:32800 column_type:"int unsigned"} fields:{name:"big" type:INT64 table:"vitess_ints" org_table:"vitess_ints" database:"vttest" org_name:"big" column_length:20 charset:63 flags:32768 column_type:"bigint"} fields:{name:"bigu" type:UINT64 table:"vitess_ints" org_table:"vitess_ints" database:"vttest" org_name:"bigu" column_length:20 charset:63 flags:32800 column_type:"bigint unsigned"} fields:{name:"y" type:YEAR table:"vitess_ints" org_table:"vitess_ints" database:"vttest" org_name:"y" column_length:4 charset:63 flags:32864 column_type:"year"} keyspace:"vttest" shard:"0"} current_time:1790440425690391608 keyspace:"vttest" shard:"0" commit_parent:425 sequence_number:426 event_gtid:"f31d99a9-b9c7-11f1-8aa7-02fc00000001:426" type:ROW timestamp:1790440425 row_event:{table_name:"vitess_ints" row_changes:{after:{lengths:4 lengths:3 lengths:6 lengths:5 lengths:8 lengths:8 lengths:11 lengths:10 lengths:20 lengths:20 lengths:4 values:"-128255-3276865535-838860816777215-21474836484294967295-9223372036854775808184467440737095516152012"}} keyspace:"vttest" shard:"0" flags:3} current_time:1790440425693599204 keyspace:"vttest" shard:"0" commit_parent:425 sequence_number:426 event_gtid:"f31d99a9-b9c7-11f1-8aa7-02fc00000001:426" type:GTID timestamp:1790440425 gtid:"MySQL56/f31d99a9-b9c7-11f1-8aa7-02fc00000001:1-426" current_time:1790440425693607541 keyspace:"vttest" shard:"0" commit_parent:425 sequence_number:426 event_gtid:"f31d99a9-b9c7-11f1-8aa7-02fc00000001:426" type:COMMIT timestamp:1790440425 current_time:1790440425693607541 keyspace:"vttest" shard:"0" commit_parent:425 sequence_number:426 event_gtid:"f31d99a9-b9c7-11f1-8aa7-02fc00000001:426"]
[2m2026-09-26 16:33:45.694 UTC[0m [92mINF[0m [2mmysqlctl/query.go:107[0m exec insert into vitess_fracts values(1, 1.99, 2.99, 3.99, 4.99)
[2m2026-09-26 16:33:45.700 UTC[0m [92mINF[0m [2mschema/engine.go:640[0m schema engine created [], altered [vitess_decimal vitess_fracts vitess_ints vitess_misc vitess_null vitess_strings], dropped []
[2m2026-09-26 16:33:45.703 UTC[0m [92mINF[0m [2mvstreamer/main_test.go:332[0m Received events: [type:BEGIN timestamp:1790440425 current_time:1790440425694535534 keyspace:"vttest" shard:"0" commit_parent:426 sequence_number:427 event_gtid:"f31d99a9-b9c7-11f1-8aa7-02fc00000001:427" type:FIELD timestamp:1790440425 field_event:{table_name:"vitess_fracts" fields:{name:"id" type:INT32 table:"vitess_fracts" org_table:"vitess_fracts" database:"vttest" org_name:"id" column_length:11 charset:63 flags:53251 column_type:"int"} fields:{name:"deci" type:DECIMAL table:"vitess_fracts" org_table:"vitess_fracts" database:"vttest" org_name:"deci" column_length:7 charset:63 decimals:2 flags:32768 column_type:"decimal(5,2)"} fields:{name:"num" type:DECIMAL table:"vitess_fracts" org_table:"vitess_fracts" database:"vttest" org_name:"num" column_length:7 charset:63 decimals:2 flags:32768 column_type:"decimal(5,2)"} fields:{name:"f" type:FLOAT32 table:"vitess_fracts" org_table:"vitess_fracts" database:"vttest" org_name:"f" column_length:12 charset:63 decimals:31 flags:32768 column_type:"float"} fields:{name:"d" type:FLOAT64 table:"vitess_fracts" org_table:"vitess_fracts" database:"vttest" org_name:"d" column_length:22 charset:63 decimals:31 flags:32768 column_type:"double"} keyspace:"vttest" shard:"0"} current_time:1790440425694552689 keyspace:"vttest" shard:"0" commit_parent:426 sequence_number:427 event_gtid:"f31d99a9-b9c7-11f1-8aa7-02fc00000001:427" type:ROW timestamp:1790440425 row_event:{table_name:"vitess_fracts" row_changes:{after:{lengths:1 lengths:4 lengths:4 lengths:8 lengths:8 values:"11.992.993.99E+004.99E+00"}} keyspace:"vttest" shard:"0" flags:3} current_time:1790440425703205647 keyspace:"vttest" shard:"0" commit_parent:426 sequence_number:427 event_gtid:"f31d99a9-b9c7-11f1-8aa7-02fc00000001:427" type:GTID timestamp:1790440425 gtid:"MySQL56/f31d99a9-b9c7-11f1-8aa7-02fc00000001:1-427" current_time:1790440425703219280 keyspace:"vttest" shard:"0" commit_parent:426 sequence_number:427 event_gtid:"f31d99a9-b9c7-11f1-8aa7-02fc00000001:427" type:COMMIT timestamp:1790440425 current_time:1790440425703219280 keyspace:"vttest" shard:"0" commit_parent:426 sequence_number:427 event_gtid:"f31d99a9-b9c7-11f1-8aa7-02fc00000001:427"]
[2m2026-09-26 16:33:45.703 UTC[0m [92mINF[0m [2mmysqlctl/query.go:107[0m exec insert into vitess_strings values('a', 'b', 'c', 'd   ', 'e', 'f', 'g', 'h', 'a', 'a,b')
[2m2026-09-26 16:33:45.706 UTC[0m [92mINF[0m [2mvstreamer/main_test.go:332[0m Received events: [type:BEGIN timestamp:1790440425 current_time:1790440425703982689 keyspace:"vttest" shard:"0" commit_parent:427 sequence_number:428 event_gtid:"f31d99a9-b9c7-11f1-8aa7-02fc00000001:428" type:FIELD timestamp:1790440425 field_event:{table_name:"vitess_strings" fields:{name:"vb" type:VARBINARY table:"vitess_strings" org_table:"vitess_strings" database:"vttest" org_name:"vb" column_length:16 charset:63 flags:20611 column_type:"varbinary(16)"} fields:{name:"c" type:CHAR table:"vitess_strings" org_table:"vitess_strings" database:"vttest" org_name:"c" column_length:64 charset:255 column_type:"char(16)"} fields:{name:"vc" type:VARCHAR table:"vitess_strings" org_table:"vitess_strings" database:"vttest" org_name:"vc" column_length:64 charset:255 column_type:"varchar(16)"} fields:{name:"b" type:BINARY table:"vitess_strings" org_table:"vitess_strings" database:"vttest" org_name:"b" column_length:4 charset:63 flags:128 column_type:"binary(4)"} fields:{name:"tb" type:BLOB table:"vitess_strings" org_table:"vitess_strings" database:"vttest" org_name:"tb" column_length:255 charset:63 flags:144 column_type:"tinyblob"} fields:{name:"bl" type:BLOB table:"vitess_strings" org_table:"vitess_strings" database:"vttest" org_name:"bl" column_length:65535 charset:63 flags:144 column_type:"blob"} fields:{name:"ttx" type:TEXT table:"vitess_strings" org_table:"vitess_strings" database:"vttest" org_name:"ttx" column_length:1020 charset:255 flags:16 column_type:"tinytext"} fields:{name:"tx" type:TEXT table:"vitess_strings" org_table:"vitess_strings" database:"vttest" org_name:"tx" column_length:262140 charset:255 flags:16 column_type:"text"} fields:{name:"en" type:ENUM table:"vitess_strings" org_table:"vitess_strings" database:"vttest" org_name:"en" column_length:4 charset:255 flags:256 column_type:"enum('a','b')"} fields:{name:"s" type:SET table:"vitess_strings" org_table:"vitess_strings" database:"vttest" org_name:"s" column_length:12 charset:255 flags:2048 column_type:"set('a','b')"} keyspace:"vttest" shard:"0" enum_set_string_values:true} current_time:1790440425703990542 keyspace:"vttest" shard:"0" commit_parent:427 sequence_number:428 event_gtid:"f31d99a9-b9c7-11f1-8aa7-02fc00000001:428" type:ROW timestamp:1790440425 row_event:{table_name:"vitess_strings" row_changes:{after:{lengths:1 lengths:1 lengths:1 lengths:4 lengths:1 lengths:1 lengths:1 lengths:1 lengths:1 lengths:3 values:"abcd\x00\x00\x00efghaa,b"}} keyspace:"vttest" shard:"0" flags:3} current_time:1790440425706873359 keyspace:"vttest" shard:"0" commit_parent:427 sequence_number:428 event_gtid:"f31d99a9-b9c7-11f1-8aa7-02fc00000001:428" type:GTID timestamp:1790440425 gtid:"MySQL56/f31d99a9-b9c7-11f1-8aa7-02fc00000001:1-428" current_time:1790440425706883751 keyspace:"vttest" shard:"0" commit_parent:427 sequence_number:428 event_gtid:"f31d99a9-b9c7-11f1-8aa7-02fc00000001:428" type:COMMIT timestamp:1790440425 current_time:1790440425706883751 keyspace:"vttest" shard:"0" commit_parent:427 sequence_number:428 event_gtid:"f31d99a9-b9c7-11f1-8aa7-02fc00000001:428"]
[2m2026-09-26 16:33:45.711 UTC[0m [92mINF[0m [2mschema/engine.go:640[0m schema engine created [], altered [vitess_decimal vitess_fracts vitess_ints vitess_misc vitess_null vitess_strings], dropped []
[2m2026-09-26 16:33:45.712 UTC[0m [92mINF[0m [2mmysqlctl/query.go:107[0m exec insert into vitess_misc values(1, '', '2012-01-01', '2012-01-01 15:45:45', '15:45:45', point(1, 2))
[2m2026-09-26 16:33:45.720 UTC[0m [92mINF[0m [2mschema/engine.go:640[0m schema engine created [], altered [vitess_decimal vitess_fracts vitess_ints vitess_misc vitess_null vitess_strings], dropped []
[2m2026-09-26 16:33:45.723 UTC[0m [92mINF[0m [2mvstreamer/main_test.go:332[0m Received events: [type:BEGIN timestamp:1790440425 current_time:1790440425714479497 keyspace:"vttest" shard:"0" commit_parent:428 sequence_number:429 event_gtid:"f31d99a9-b9c7-11f1-8aa7-02fc00000001:429" type:FIELD timestamp:1790440425 field_event:{table_name:"vitess_misc" fields:{name:"id" type:INT32 table:"vitess_misc" org_table:"vitess_misc" database:"vttest" org_name:"id" column_length:11 charset:63 flags:53251 column_type:"int"} fields:{name:"b" type:BIT table:"vitess_misc" org_table:"vitess_misc" database:"vttest" org_name:"b" column_length:8 charset:63 flags:32 column_type:"bit(8)"} fields:{name:"d" type:DATE table:"vitess_misc" org_table:"vitess_misc" database:"vttest" org_name:"d" column_length:10 charset:63 flags:128 column_type:"date"} fields:{name:"dt" type:DATETIME table:"vitess_misc" org_table:"vitess_misc" database:"vttest" org_name:"dt" column_length:19 charset:63 flags:128 column_type:"datetime"} fields:{name:"t" type:TIME table:"vitess_misc" org_table:"vitess_misc" database:"vttest" org_name:"t" column_length:10 charset:63 flags:128 column_type:"time"} fields:{name:"g" type:GEOMETRY table:"vitess_misc" org_table:"vitess_misc" database:"vttest" org_name:"g" column_length:4294967295 charset:63 flags:144 column_type:"geometry"} keyspace:"vttest" shard:"0"} current_time:1790440425714494060 keyspace:"vttest" shard:"0" commit_parent:428 sequence_number:429 event_gtid:"f31d99a9-b9c7-11f1-8aa7-02fc00000001:429" type:ROW timestamp:1790440425 row_event:{table_name:"vitess_misc" row_changes:{after:{lengths:1 lengths:1 lengths:10 lengths:19 lengths:8 lengths:25 values:"1\x012012-01-012012-01-01 15:45:4515:45:45\x00\x00\x00\x00\x01\x01\x00\x00\x00\x00\x00\x00\x00\x00\x00\xf0?\x00\x00\x00\x00\x00\x00\x00@"}} keyspace:"vttest" shard:"0" flags:3} current_time:1790440425723767109 keyspace:"vttest" shard:"0" commit_parent:428 sequence_number:429 event_gtid:"f31d99a9-b9c7-11f1-8aa7-02fc00000001:429" type:GTID timestamp:1790440425 gtid:"MySQL56/f31d99a9-b9c7-11f1-8aa7-02fc00000001:1-429" current_time:1790440425723806039 keyspace:"vttest" shard:"0" commit_parent:428 sequence_number:429 event_gtid:"f31d99a9-b9c7-11f1-8aa7-02fc00000001:429" type:COMMIT timestamp:1790440425 current_time:1790440425723806039 keyspace:"vttest" shard:"0" commit_parent:428 sequence_number:429 event_gtid:"f31d99a9-b9c7-11f1-8aa7-02fc00000001:429"]
[2m2026-09-26 16:33:45.724 UTC[0m [92mINF[0m [2mmysqlctl/query.go:107[0m exec insert into vitess_null values(1, null)
[2m2026-09-26 16:33:45.731 UTC[0m [92mINF[0m [2mschema/engine.go:640[0m schema engine created [], altered [vitess_decimal vitess_fracts vitess_ints vitess_misc vitess_null vitess_strings], dropped []
[2m2026-09-26 16:33:45.734 UTC[0m [92mINF[0m [2mvstreamer/main_test.go:332[0m Received events: [type:BEGIN timestamp:1790440425 current_time:1790440425724681238 keyspace:"vttest" shard:"0" commit_parent:429 sequence_number:430 event_gtid:"f31d99a9-b9c7-11f1-8aa7-02fc00000001:430" type:FIELD timestamp:1790440425 field_event:{table_name:"vitess_null" fields:{name:"id" type:INT32 table:"vitess_null" org_table:"vitess_null" database:"vttest" org_name:"id" column_length:11 charset:63 flags:53251 column_type:"int"} fields:{name:"val" type:VARBINARY table:"vitess_null" org_table:"vitess_null" database:"vttest" org_name:"val" column_length:128 charset:63 flags:128 column_type:"varbinary(128)"} keyspace:"vttest" shard:"0"} current_time:1790440425724723757 keyspace:"vttest" shard:"0" commit_parent:429 sequence_number:430 event_gtid:"f31d99a9-b9c7-11f1-8aa7-02fc00000001:430" type:ROW timestamp:1790440425 row_event:{table_name:"vitess_null" row_changes:{after:{lengths:1 lengths:-1 values:"1"}} keyspace:"vttest" shard:"0" flags:3} current_time:1790440425733938889 keyspace:"vttest" shard:"0" commit_parent:429 sequence_number:430 event_gtid:"f31d99a9-b9c7-11f1-8aa7-02fc00000001:430" type:GTID timestamp:1790440425 gtid:"MySQL56/f31d99a9-b9c7-11f1-8aa7-02fc00000001:1-430" current_time:1790440425733944588 keyspace:"vttest" shard:"0" commit_parent:429 sequence_number:430 event_gtid:"f31d99a9-b9c7-11f1-8aa7-02fc00000001:430" type:COMMIT timestamp:1790440425 current_time:1790440425733944588 keyspace:"vttest" shard:"0" commit_parent:429 sequence_number:430 event_gtid:"f31d99a9-b9c7-11f1-8aa7-02fc00000001:430"]
[2m2026-09-26 16:33:45.734 UTC[0m [92mINF[0m [2mmysqlctl/query.go:107[0m exec insert into vitess_decimal values(1, 1.23, 1.23)
[2m2026-09-26 16:33:45.734 UTC[0m [92mINF[0m [2mmysqlctl/query.go:107[0m exec insert into vitess_decimal values(2, -1.23, -1.23)
[2m2026-09-26 16:33:45.735 UTC[0m [92mINF[0m [2mmysqlctl/query.go:107[0m exec insert into vitess_decimal values(3, 0000000001.23, 0000000001.23)
[2m2026-09-26 16:33:45.736 UTC[0m [92mINF[0m [2mmysqlctl/query.go:107[0m exec insert into vitess_decimal values(4, -0000000001.23, -0000000001.23)
[2m2026-09-26 16:33:45.738 UTC[0m [92mINF[0m [2mvstreamer/main_test.go:332[0m Received events: [type:BEGIN timestamp:1790440425 current_time:1790440425734804323 keyspace:"vttest" shard:"0" commit_parent:430 sequence_number:431 event_gtid:"f31d99a9-b9c7-11f1-8aa7-02fc00000001:431" type:FIELD timestamp:1790440425 field_event:{table_name:"vitess_decimal" fields:{name:"id" type:INT32 table:"vitess_decimal" org_table:"vitess_decimal" database:"vttest" org_name:"id" column_length:11 charset:63 flags:53251 column_type:"int"} fields:{name:"dec1" type:DECIMAL table:"vitess_decimal" org_table:"vitess_decimal" database:"vttest" org_name:"dec1" column_length:14 charset:63 decimals:4 flags:32768 column_type:"decimal(12,4)"} fields:{name:"dec2" type:DECIMAL table:"vitess_decimal" org_table:"vitess_decimal" database:"vttest" org_name:"dec2" column_length:15 charset:63 decimals:4 flags:32768 column_type:"decimal(13,4)"} keyspace:"vttest" shard:"0"} current_time:1790440425734815328 keyspace:"vttest" shard:"0" commit_parent:430 sequence_number:431 event_gtid:"f31d99a9-b9c7-11f1-8aa7-02fc00000001:431" type:ROW timestamp:1790440425 row_event:{table_name:"vitess_decimal" row_changes:{after:{lengths:1 lengths:6 lengths:6 values:"11.23001.2300"}} keyspace:"vttest" shard:"0" flags:3} current_time:1790440425738145434 keyspace:"vttest" shard:"0" commit_parent:430 sequence_number:431 event_gtid:"f31d99a9-b9c7-11f1-8aa7-02fc00000001:431" type:GTID timestamp:1790440425 gtid:"MySQL56/f31d99a9-b9c7-11f1-8aa7-02fc00000001:1-431" current_time:1790440425738153681 keyspace:"vttest" shard:"0" commit_parent:430 sequence_number:431 event_gtid:"f31d99a9-b9c7-11f1-8aa7-02fc00000001:431" type:COMMIT timestamp:1790440425 current_time:1790440425738153681 keyspace:"vttest" shard:"0" commit_parent:430 sequence_number:431 event_gtid:"f31d99a9-b9c7-11f1-8aa7-02fc00000001:431"]
[2m2026-09-26 16:33:45.744 UTC[0m [92mINF[0m [2mschema/engine.go:640[0m schema engine created [], altered [vitess_decimal vitess_fracts vitess_ints vitess_misc vitess_null vitess_strings], dropped []
[2m2026-09-26 16:33:45.744 UTC[0m [92mINF[0m [2mvstreamer/main_test.go:332[0m Received events: [type:BEGIN timestamp:1790440425 current_time:1790440425744223498 keyspace:"vttest" shard:"0" commit_parent:431 sequence_number:432 event_gtid:"f31d99a9-b9c7-11f1-8aa7-02fc00000001:432" type:ROW timestamp:1790440425 row_event:{table_name:"vitess_decimal" row_changes:{after:{lengths:1 lengths:7 lengths:7 values:"2-1.2300-1.2300"}} keyspace:"vttest" shard:"0" flags:3} current_time:1790440425744235605 keyspace:"vttest" shard:"0" commit_parent:431 sequence_number:432 event_gtid:"f31d99a9-b9c7-11f1-8aa7-02fc00000001:432" type:GTID timestamp:1790440425 gtid:"MySQL56/f31d99a9-b9c7-11f1-8aa7-02fc00000001:1-432" current_time:1790440425744244131 keyspace:"vttest" shard:"0" commit_parent:431 sequence_number:432 event_gtid:"f31d99a9-b9c7-11f1-8aa7-02fc00000001:432" type:COMMIT timestamp:1790440425 current_time:1790440425744244131 keyspace:"vttest" shard:"0" commit_parent:431 sequence_number:432 event_gtid:"f31d99a9-b9c7-11f1-8aa7-02fc00000001:432"]
[2m2026-09-26 16:33:45.744 UTC[0m [92mINF[0m [2mvstreamer/main_test.go:332[0m Received events: [type:BEGIN timestamp:1790440425 current_time:1790440425744325465 keyspace:"vttest" shard:"0" commit_parent:432 sequence_number:433 event_gtid:"f31d99a9-b9c7-11f1-8aa7-02fc00000001:433" type:ROW timestamp:1790440425 row_event:{table_name:"vitess_decimal" row_changes:{after:{lengths:1 lengths:6 lengths:6 values:"31.23001.2300"}} keyspace:"vttest" shard:"0" flags:3} current_time:1790440425744331356 keyspace:"vttest" shard:"0" commit_parent:432 sequence_number:433 event_gtid:"f31d99a9-b9c7-11f1-8aa7-02fc00000001:433" type:GTID timestamp:1790440425 gtid:"MySQL56/f31d99a9-b9c7-11f1-8aa7-02fc00000001:1-433" current_time:1790440425744336102 keyspace:"vttest" shard:"0" commit_parent:432 sequence_number:433 event_gtid:"f31d99a9-b9c7-11f1-8aa7-02fc00000001:433" type:COMMIT timestamp:1790440425 current_time:1790440425744336102 keyspace:"vttest" shard:"0" commit_parent:432 sequence_number:433 event_gtid:"f31d99a9-b9c7-11f1-8aa7-02fc00000001:433"]
[2m2026-09-26 16:33:45.744 UTC[0m [92mINF[0m [2mvstreamer/main_test.go:332[0m Received events: [type:BEGIN timestamp:1790440425 current_time:1790440425744438960 keyspace:"vttest" shard:"0" commit_parent:433 sequence_number:434 event_gtid:"f31d99a9-b9c7-11f1-8aa7-02fc00000001:434" type:ROW timestamp:1790440425 row_event:{table_name:"vitess_decimal" row_changes:{after:{lengths:1 lengths:7 lengths:7 values:"4-1.2300-1.2300"}} keyspace:"vttest" shard:"0" flags:3} current_time:1790440425744443780 keyspace:"vttest" shard:"0" commit_parent:433 sequence_number:434 event_gtid:"f31d99a9-b9c7-11f1-8aa7-02fc00000001:434" type:GTID timestamp:1790440425 gtid:"MySQL56/f31d99a9-b9c7-11f1-8aa7-02fc00000001:1-434" current_time:1790440425744446657 keyspace:"vttest" shard:"0" commit_parent:433 sequence_number:434 event_gtid:"f31d99a9-b9c7-11f1-8aa7-02fc00000001:434" type:COMMIT timestamp:1790440425 current_time:1790440425744446657 keyspace:"vttest" shard:"0" commit_parent:433 sequence_number:434 event_gtid:"f31d99a9-b9c7-11f1-8aa7-02fc00000001:434"]
[2m2026-09-26 16:33:45.744 UTC[0m [92mINF[0m [2mvstreamer/vstreamer.go:1777[0m stream (at source tablet) ended @ (including the GTID we failed to process) f31d99a9-b9c7-11f1-8aa7-02fc00000001:1-434
[2m2026-09-26 16:33:45.744 UTC[0m [92mINF[0m [2mbinlog/binlog_connection.go:331[0m closing binlog socket to unblock reads
[2m2026-09-26 16:33:45.744 UTC[0m [92mINF[0m [2mbinlog/binlog_connection.go:206[0m connection closed during binlog stream (possibly intentional): read unix @->/home/vt/v4btest/data/vttest1035440681/vt_0000000001/mysql.sock: use of closed network connection
io.ReadFull(header size) failed (errno 2013) (sqlstate HY000)
[2m2026-09-26 16:33:45.744 UTC[0m [92mINF[0m [2mbinlog/binlog_connection.go:339[0m waiting for binlog dump thread to end
[2m2026-09-26 16:33:45.744 UTC[0m [92mINF[0m [2mbinlog/binlog_connection.go:345[0m closing binlog MySQL client with serverID 1980439035. Will recycle ID.
[2m2026-09-26 16:33:45.744 UTC[0m [92mINF[0m [2mvstreamer/main_test.go:154[0m Last line of runCases
[2m2026-09-26 16:33:45.744 UTC[0m [92mINF[0m [2mmysqlctl/query.go:107[0m exec drop table vitess_ints
[2m2026-09-26 16:33:45.747 UTC[0m [92mINF[0m [2mmysqlctl/query.go:107[0m exec drop table vitess_fracts
[2m2026-09-26 16:33:45.749 UTC[0m [92mINF[0m [2mmysqlctl/query.go:107[0m exec drop table vitess_strings
[2m2026-09-26 16:33:45.753 UTC[0m [92mINF[0m [2mmysqlctl/query.go:107[0m exec drop table vitess_misc
[2m2026-09-26 16:33:45.755 UTC[0m [92mINF[0m [2mmysqlctl/query.go:107[0m exec drop table vitess_null
[2m2026-09-26 16:33:45.757 UTC[0m [92mINF[0m [2mmysqlctl/query.go:107[0m exec drop table vitess_decimal
--- PASS: TestTypes (0.11s)
=== RUN   TestJSON
[2m2026-09-26 16:33:45.760 UTC[0m [92mINF[0m [2mmysqlctl/query.go:107[0m exec create table vitess_json(id int default 1, val json, primary key(id)) ENGINE=InnoDB CHARSET=utf8mb4
[2m2026-09-26 16:33:45.765 UTC[0m [92mINF[0m [2mvstreamer/main_test.go:134[0m Starting stream with current position
[2m2026-09-26 16:33:45.766 UTC[0m [92mINF[0m [2mvstreamer/uvstreamer.go:447[0m Stream() called
[2m2026-09-26 16:33:45.766 UTC[0m [92mINF[0m [2mvstreamer/uvstreamer.go:363[0m sendEventsForCurrentPos
[2m2026-09-26 16:33:45.766 UTC[0m [92mINF[0m [2mvstreamer/main_test.go:332[0m Received events: [type:GTID gtid:"MySQL56/f31d99a9-b9c7-11f1-8aa7-02fc00000001:1-441" keyspace:"vttest" shard:"0" type:OTHER keyspace:"vttest" shard:"0"]
[2m2026-09-26 16:33:45.766 UTC[0m [92mINF[0m [2mvstreamer/vstreamer.go:258[0m Starting Stream() with startPos MySQL56/f31d99a9-b9c7-11f1-8aa7-02fc00000001:1-441
[2m2026-09-26 16:33:45.766 UTC[0m [92mINF[0m [2mvstreamer/main_test.go:137[0m Starting to run test cases
[2m2026-09-26 16:33:45.767 UTC[0m [92mINF[0m [2mmysqlctl/query.go:107[0m exec begin
[2m2026-09-26 16:33:45.767 UTC[0m [92mINF[0m [2mmysqlctl/query.go:107[0m exec insert into vitess_json values(1, '{}')
[2m2026-09-26 16:33:45.767 UTC[0m [92mINF[0m [2mbinlog/binlog_connection.go:118[0m new binlog connection: serverID=1980439035
[2m2026-09-26 16:33:45.767 UTC[0m [92mINF[0m [2mbinlog/binlog_connection.go:169[0m sending binlog dump command: startPos=f31d99a9-b9c7-11f1-8aa7-02fc00000001:1-441, serverID=1980439035
[2m2026-09-26 16:33:45.767 UTC[0m [92mINF[0m [2mmysqlctl/query.go:107[0m exec insert into vitess_json values(2, '123456')
[2m2026-09-26 16:33:45.768 UTC[0m [92mINF[0m [2mmysqlctl/query.go:107[0m exec insert into vitess_json values(3, '"vtTablet"')
[2m2026-09-26 16:33:45.768 UTC[0m [92mINF[0m [2mmysqlctl/query.go:107[0m exec insert into vitess_json values(4, '{"foo": "bar"}')
[2m2026-09-26 16:33:45.768 UTC[0m [92mINF[0m [2mmysqlctl/query.go:107[0m exec insert into vitess_json values(5, '["abc", 3.14, true]')
[2m2026-09-26 16:33:45.768 UTC[0m [92mINF[0m [2mmysqlctl/query.go:107[0m exec commit
[2m2026-09-26 16:33:45.773 UTC[0m [92mINF[0m [2mschema/engine.go:640[0m schema engine created [vitess_json], altered [], dropped [vitess_strings vitess_decimal vitess_fracts vitess_ints vitess_misc vitess_null]
[2m2026-09-26 16:33:45.776 UTC[0m [92mINF[0m [2mvstreamer/main_test.go:332[0m Received events: [type:BEGIN timestamp:1790440425 current_time:1790440425769080472 keyspace:"vttest" shard:"0" commit_parent:441 sequence_number:442 event_gtid:"f31d99a9-b9c7-11f1-8aa7-02fc00000001:442" type:FIELD timestamp:1790440425 field_event:{table_name:"vitess_json" fields:{name:"id" type:INT32 table:"vitess_json" org_table:"vitess_json" database:"vttest" org_name:"id" column_length:11 charset:63 flags:49155 column_type:"int"} fields:{name:"val" type:JSON table:"vitess_json" org_table:"vitess_json" database:"vttest" org_name:"val" column_length:4294967295 charset:63 flags:144 column_type:"json"} keyspace:"vttest" shard:"0"} current_time:1790440425769091270 keyspace:"vttest" shard:"0" commit_parent:441 sequence_number:442 event_gtid:"f31d99a9-b9c7-11f1-8aa7-02fc00000001:442" type:ROW timestamp:1790440425 row_event:{table_name:"vitess_json" row_changes:{after:{lengths:1 lengths:2 values:"1{}"}} keyspace:"vttest" shard:"0" flags:3} current_time:1790440425776511680 keyspace:"vttest" shard:"0" commit_parent:441 sequence_number:442 event_gtid:"f31d99a9-b9c7-11f1-8aa7-02fc00000001:442" type:ROW timestamp:1790440425 row_event:{table_name:"vitess_json" row_changes:{after:{lengths:1 lengths:6 values:"2123456"}} keyspace:"vttest" shard:"0" flags:3} current_time:1790440425776522396 keyspace:"vttest" shard:"0" commit_parent:441 sequence_number:442 event_gtid:"f31d99a9-b9c7-11f1-8aa7-02fc00000001:442" type:ROW timestamp:1790440425 row_event:{table_name:"vitess_json" row_changes:{after:{lengths:1 lengths:10 values:"3\"vtTablet\""}} keyspace:"vttest" shard:"0" flags:3} current_time:1790440425776526769 keyspace:"vttest" shard:"0" commit_parent:441 sequence_number:442 event_gtid:"f31d99a9-b9c7-11f1-8aa7-02fc00000001:442" type:ROW timestamp:1790440425 row_event:{table_name:"vitess_json" row_changes:{after:{lengths:1 lengths:14 values:"4{\"foo\": \"bar\"}"}} keyspace:"vttest" shard:"0" flags:3} current_time:1790440425776529990 keyspace:"vttest" shard:"0" commit_parent:441 sequence_number:442 event_gtid:"f31d99a9-b9c7-11f1-8aa7-02fc00000001:442" type:ROW timestamp:1790440425 row_event:{table_name:"vitess_json" row_changes:{after:{lengths:1 lengths:19 values:"5[\"abc\", 3.14, true]"}} keyspace:"vttest" shard:"0" flags:3} current_time:1790440425776532900 keyspace:"vttest" shard:"0" commit_parent:441 sequence_number:442 event_gtid:"f31d99a9-b9c7-11f1-8aa7-02fc00000001:442" type:GTID timestamp:1790440425 gtid:"MySQL56/f31d99a9-b9c7-11f1-8aa7-02fc00000001:1-442" current_time:1790440425776539657 keyspace:"vttest" shard:"0" commit_parent:441 sequence_number:442 event_gtid:"f31d99a9-b9c7-11f1-8aa7-02fc00000001:442" type:COMMIT timestamp:1790440425 current_time:1790440425776539657 keyspace:"vttest" shard:"0" commit_parent:441 sequence_number:442 event_gtid:"f31d99a9-b9c7-11f1-8aa7-02fc00000001:442"]
[2m2026-09-26 16:33:45.776 UTC[0m [92mINF[0m [2mvstreamer/vstreamer.go:1777[0m stream (at source tablet) ended @ (including the GTID we failed to process) f31d99a9-b9c7-11f1-8aa7-02fc00000001:1-442
[2m2026-09-26 16:33:45.776 UTC[0m [92mINF[0m [2mbinlog/binlog_connection.go:331[0m closing binlog socket to unblock reads
[2m2026-09-26 16:33:45.776 UTC[0m [92mINF[0m [2mbinlog/binlog_connection.go:206[0m connection closed during binlog stream (possibly intentional): read unix @->/home/vt/v4btest/data/vttest1035440681/vt_0000000001/mysql.sock: use of closed network connection
io.ReadFull(header size) failed (errno 2013) (sqlstate HY000)
[2m2026-09-26 16:33:45.776 UTC[0m [92mINF[0m [2mbinlog/binlog_connection.go:339[0m waiting for binlog dump thread to end
[2m2026-09-26 16:33:45.776 UTC[0m [92mINF[0m [2mbinlog/binlog_connection.go:345[0m closing binlog MySQL client with serverID 1980439035. Will recycle ID.
[2m2026-09-26 16:33:45.776 UTC[0m [92mINF[0m [2mvstreamer/main_test.go:154[0m Last line of runCases
[2m2026-09-26 16:33:45.777 UTC[0m [92mINF[0m [2mmysqlctl/query.go:107[0m exec drop table if exists vitess_json
--- PASS: TestJSON (0.02s)
=== RUN   TestJSONNestedOpaque
[2m2026-09-26 16:33:45.780 UTC[0m [92mINF[0m [2mmysqlctl/query.go:107[0m exec create table vitess_json_opaque(id int, val json, primary key(id))
[2m2026-09-26 16:33:45.785 UTC[0m [92mINF[0m [2mvstreamer/main_test.go:137[0m Starting to run test cases
[2m2026-09-26 16:33:45.786 UTC[0m [92mINF[0m [2mmysqlctl/query.go:107[0m exec begin
[2m2026-09-26 16:33:45.786 UTC[0m [92mINF[0m [2mmysqlctl/query.go:107[0m exec insert into vitess_json_opaque values(1, JSON_OBJECT('k', CAST('foo' AS BINARY)))
[2m2026-09-26 16:33:45.786 UTC[0m [92mINF[0m [2mvstreamer/uvstreamer.go:447[0m Stream() called
[2m2026-09-26 16:33:45.786 UTC[0m [92mINF[0m [2mmysqlctl/query.go:107[0m exec insert into vitess_json_opaque values(2, JSON_ARRAY('a', b'1010'))
[2m2026-09-26 16:33:45.787 UTC[0m [92mINF[0m [2mmysqlctl/query.go:107[0m exec commit
[2m2026-09-26 16:33:45.787 UTC[0m [92mINF[0m [2mvstreamer/vstreamer.go:258[0m Starting Stream() with startPos MySQL56/f31d99a9-b9c7-11f1-8aa7-02fc00000001:1-444
[2m2026-09-26 16:33:45.790 UTC[0m [92mINF[0m [2mschema/engine.go:640[0m schema engine created [vitess_json_opaque], altered [], dropped [vitess_json]
[2m2026-09-26 16:33:45.791 UTC[0m [92mINF[0m [2mbinlog/binlog_connection.go:118[0m new binlog connection: serverID=1980439035
[2m2026-09-26 16:33:45.791 UTC[0m [92mINF[0m [2mbinlog/binlog_connection.go:169[0m sending binlog dump command: startPos=f31d99a9-b9c7-11f1-8aa7-02fc00000001:1-444, serverID=1980439035
[2m2026-09-26 16:33:45.795 UTC[0m [92mINF[0m [2mvstreamer/main_test.go:332[0m Received events: [type:BEGIN timestamp:1790440425 current_time:1790440425792362824 keyspace:"vttest" shard:"0" commit_parent:444 sequence_number:445 event_gtid:"f31d99a9-b9c7-11f1-8aa7-02fc00000001:445" type:FIELD timestamp:1790440425 field_event:{table_name:"vitess_json_opaque" fields:{name:"id" type:INT32 table:"vitess_json_opaque" org_table:"vitess_json_opaque" database:"vttest" org_name:"id" column_length:11 charset:63 flags:53251 column_type:"int"} fields:{name:"val" type:JSON table:"vitess_json_opaque" org_table:"vitess_json_opaque" database:"vttest" org_name:"val" column_length:4294967295 charset:63 flags:144 column_type:"json"} keyspace:"vttest" shard:"0"} current_time:1790440425792369490 keyspace:"vttest" shard:"0" commit_parent:444 sequence_number:445 event_gtid:"f31d99a9-b9c7-11f1-8aa7-02fc00000001:445" type:ROW timestamp:1790440425 row_event:{table_name:"vitess_json_opaque" row_changes:{after:{lengths:1 lengths:27 values:"1{\"k\": \"base64:type15:Zm9v\"}"}} keyspace:"vttest" shard:"0" flags:3} current_time:1790440425795299492 keyspace:"vttest" shard:"0" commit_parent:444 sequence_number:445 event_gtid:"f31d99a9-b9c7-11f1-8aa7-02fc00000001:445" type:ROW timestamp:1790440425 row_event:{table_name:"vitess_json_opaque" row_changes:{after:{lengths:1 lengths:27 values:"2[\"a\", \"base64:type15:Cg==\"]"}} keyspace:"vttest" shard:"0" flags:3} current_time:1790440425795312321 keyspace:"vttest" shard:"0" commit_parent:444 sequence_number:445 event_gtid:"f31d99a9-b9c7-11f1-8aa7-02fc00000001:445" type:GTID timestamp:1790440425 gtid:"MySQL56/f31d99a9-b9c7-11f1-8aa7-02fc00000001:1-445" current_time:1790440425795316890 keyspace:"vttest" shard:"0" commit_parent:444 sequence_number:445 event_gtid:"f31d99a9-b9c7-11f1-8aa7-02fc00000001:445" type:COMMIT timestamp:1790440425 current_time:1790440425795316890 keyspace:"vttest" shard:"0" commit_parent:444 sequence_number:445 event_gtid:"f31d99a9-b9c7-11f1-8aa7-02fc00000001:445"]
[2m2026-09-26 16:33:45.795 UTC[0m [92mINF[0m [2mvstreamer/vstreamer.go:1777[0m stream (at source tablet) ended @ (including the GTID we failed to process) f31d99a9-b9c7-11f1-8aa7-02fc00000001:1-445
[2m2026-09-26 16:33:45.795 UTC[0m [92mINF[0m [2mbinlog/binlog_connection.go:331[0m closing binlog socket to unblock reads
[2m2026-09-26 16:33:45.795 UTC[0m [92mINF[0m [2mbinlog/binlog_connection.go:206[0m connection closed during binlog stream (possibly intentional): read unix @->/home/vt/v4btest/data/vttest1035440681/vt_0000000001/mysql.sock: use of closed network connection
io.ReadFull(header size) failed (errno 2013) (sqlstate HY000)
[2m2026-09-26 16:33:45.795 UTC[0m [92mINF[0m [2mbinlog/binlog_connection.go:339[0m waiting for binlog dump thread to end
[2m2026-09-26 16:33:45.795 UTC[0m [92mINF[0m [2mbinlog/binlog_connection.go:345[0m closing binlog MySQL client with serverID 1980439035. Will recycle ID.
[2m2026-09-26 16:33:45.795 UTC[0m [92mINF[0m [2mvstreamer/main_test.go:154[0m Last line of runCases
[2m2026-09-26 16:33:45.795 UTC[0m [92mINF[0m [2mmysqlctl/query.go:107[0m exec drop table vitess_json_opaque
--- PASS: TestJSONNestedOpaque (0.02s)
=== RUN   TestExternalTable
[2m2026-09-26 16:33:45.799 UTC[0m [92mINF[0m [2mmysqlctl/query.go:107[0m exec create database external
[2m2026-09-26 16:33:45.800 UTC[0m [92mINF[0m [2mmysqlctl/query.go:107[0m exec create table external.ext(id int, val varbinary(128), primary key(id))
[2m2026-09-26 16:33:45.804 UTC[0m [92mINF[0m [2mvstreamer/main_test.go:137[0m Starting to run test cases
[2m2026-09-26 16:33:45.804 UTC[0m [92mINF[0m [2mmysqlctl/query.go:107[0m exec begin
[2m2026-09-26 16:33:45.804 UTC[0m [92mINF[0m [2mmysqlctl/query.go:107[0m exec insert into external.ext values (1, 'aaa')
[2m2026-09-26 16:33:45.805 UTC[0m [92mINF[0m [2mvstreamer/uvstreamer.go:447[0m Stream() called
[2m2026-09-26 16:33:45.805 UTC[0m [92mINF[0m [2mmysqlctl/query.go:107[0m exec commit
[2m2026-09-26 16:33:45.806 UTC[0m [92mINF[0m [2mvstreamer/vstreamer.go:258[0m Starting Stream() with startPos MySQL56/f31d99a9-b9c7-11f1-8aa7-02fc00000001:1-448
[2m2026-09-26 16:33:45.807 UTC[0m [92mINF[0m [2mschema/engine.go:640[0m schema engine created [], altered [], dropped [vitess_json_opaque]
[2m2026-09-26 16:33:45.808 UTC[0m [92mINF[0m [2mbinlog/binlog_connection.go:118[0m new binlog connection: serverID=1980439035
[2m2026-09-26 16:33:45.808 UTC[0m [92mINF[0m [2mbinlog/binlog_connection.go:169[0m sending binlog dump command: startPos=f31d99a9-b9c7-11f1-8aa7-02fc00000001:1-448, serverID=1980439035
[2m2026-09-26 16:33:45.809 UTC[0m [92mINF[0m [2mvstreamer/main_test.go:332[0m Received events: [type:BEGIN timestamp:1790440425 current_time:1790440425808993178 keyspace:"vttest" shard:"0" commit_parent:448 sequence_number:449 event_gtid:"f31d99a9-b9c7-11f1-8aa7-02fc00000001:449" type:GTID timestamp:1790440425 gtid:"MySQL56/f31d99a9-b9c7-11f1-8aa7-02fc00000001:1-449" current_time:1790440425809008374 keyspace:"vttest" shard:"0" commit_parent:448 sequence_number:449 event_gtid:"f31d99a9-b9c7-11f1-8aa7-02fc00000001:449" type:COMMIT timestamp:1790440425 current_time:1790440425809008374 keyspace:"vttest" shard:"0" commit_parent:448 sequence_number:449 event_gtid:"f31d99a9-b9c7-11f1-8aa7-02fc00000001:449"]
[2m2026-09-26 16:33:45.809 UTC[0m [92mINF[0m [2mvstreamer/vstreamer.go:1777[0m stream (at source tablet) ended @ (including the GTID we failed to process) f31d99a9-b9c7-11f1-8aa7-02fc00000001:1-449
[2m2026-09-26 16:33:45.809 UTC[0m [92mINF[0m [2mbinlog/binlog_connection.go:331[0m closing binlog socket to unblock reads
[2m2026-09-26 16:33:45.809 UTC[0m [92mINF[0m [2mbinlog/binlog_connection.go:206[0m connection closed during binlog stream (possibly intentional): read unix @->/home/vt/v4btest/data/vttest1035440681/vt_0000000001/mysql.sock: use of closed network connection
io.ReadFull(header size) failed (errno 2013) (sqlstate HY000)
[2m2026-09-26 16:33:45.809 UTC[0m [92mINF[0m [2mbinlog/binlog_connection.go:339[0m waiting for binlog dump thread to end
[2m2026-09-26 16:33:45.809 UTC[0m [92mINF[0m [2mbinlog/binlog_connection.go:345[0m closing binlog MySQL client with serverID 1980439035. Will recycle ID.
[2m2026-09-26 16:33:45.809 UTC[0m [92mINF[0m [2mvstreamer/main_test.go:154[0m Last line of runCases
[2m2026-09-26 16:33:45.809 UTC[0m [92mINF[0m [2mmysqlctl/query.go:107[0m exec drop database external
--- PASS: TestExternalTable (0.01s)
=== RUN   TestJournal
[2m2026-09-26 16:33:45.812 UTC[0m [92mINF[0m [2mmysqlctl/query.go:107[0m exec create table if not exists _vt.resharding_journal(id int, db_name varchar(128), val blob, primary key(id))
[2m2026-09-26 16:33:45.813 UTC[0m [92mINF[0m [2mvstreamer/main_test.go:137[0m Starting to run test cases
[2m2026-09-26 16:33:45.814 UTC[0m [92mINF[0m [2mmysqlctl/query.go:107[0m exec begin
[2m2026-09-26 16:33:45.814 UTC[0m [92mINF[0m [2mmysqlctl/query.go:107[0m exec insert into _vt.resharding_journal values(1, 'vttest', 'id:1 migration_type:SHARDS')
[2m2026-09-26 16:33:45.814 UTC[0m [92mINF[0m [2mvstreamer/uvstreamer.go:447[0m Stream() called
[2m2026-09-26 16:33:45.814 UTC[0m [92mINF[0m [2mmysqlctl/query.go:107[0m exec insert into _vt.resharding_journal values(2, 'nosend', 'id:2 migration_type:SHARDS')
[2m2026-09-26 16:33:45.814 UTC[0m [92mINF[0m [2mmysqlctl/query.go:107[0m exec commit
[2m2026-09-26 16:33:45.815 UTC[0m [92mINF[0m [2mvstreamer/vstreamer.go:258[0m Starting Stream() with startPos MySQL56/f31d99a9-b9c7-11f1-8aa7-02fc00000001:1-451
[2m2026-09-26 16:33:45.817 UTC[0m [92mINF[0m [2mbinlog/binlog_connection.go:118[0m new binlog connection: serverID=1980439035
[2m2026-09-26 16:33:45.817 UTC[0m [92mINF[0m [2mbinlog/binlog_connection.go:169[0m sending binlog dump command: startPos=f31d99a9-b9c7-11f1-8aa7-02fc00000001:1-451, serverID=1980439035
[2m2026-09-26 16:33:45.819 UTC[0m [92mINF[0m [2mvstreamer/main_test.go:332[0m Received events: [type:BEGIN timestamp:1790440425 current_time:1790440425818433260 keyspace:"vttest" shard:"0" commit_parent:451 sequence_number:452 event_gtid:"f31d99a9-b9c7-11f1-8aa7-02fc00000001:452" type:JOURNAL timestamp:1790440425 journal:{id:1 migration_type:SHARDS} current_time:1790440425819073561 keyspace:"vttest" shard:"0" commit_parent:451 sequence_number:452 event_gtid:"f31d99a9-b9c7-11f1-8aa7-02fc00000001:452" type:GTID timestamp:1790440425 gtid:"MySQL56/f31d99a9-b9c7-11f1-8aa7-02fc00000001:1-452" current_time:1790440425819110840 keyspace:"vttest" shard:"0" commit_parent:451 sequence_number:452 event_gtid:"f31d99a9-b9c7-11f1-8aa7-02fc00000001:452" type:COMMIT timestamp:1790440425 current_time:1790440425819110840 keyspace:"vttest" shard:"0" commit_parent:451 sequence_number:452 event_gtid:"f31d99a9-b9c7-11f1-8aa7-02fc00000001:452"]
[2m2026-09-26 16:33:45.819 UTC[0m [92mINF[0m [2mvstreamer/vstreamer.go:1777[0m stream (at source tablet) ended @ (including the GTID we failed to process) f31d99a9-b9c7-11f1-8aa7-02fc00000001:1-452
[2m2026-09-26 16:33:45.819 UTC[0m [92mINF[0m [2mbinlog/binlog_connection.go:331[0m closing binlog socket to unblock reads
[2m2026-09-26 16:33:45.819 UTC[0m [92mINF[0m [2mbinlog/binlog_connection.go:206[0m connection closed during binlog stream (possibly intentional): read unix @->/home/vt/v4btest/data/vttest1035440681/vt_0000000001/mysql.sock: use of closed network connection
io.ReadFull(header size) failed (errno 2013) (sqlstate HY000)
[2m2026-09-26 16:33:45.819 UTC[0m [92mINF[0m [2mbinlog/binlog_connection.go:339[0m waiting for binlog dump thread to end
[2m2026-09-26 16:33:45.819 UTC[0m [92mINF[0m [2mbinlog/binlog_connection.go:345[0m closing binlog MySQL client with serverID 1980439035. Will recycle ID.
[2m2026-09-26 16:33:45.819 UTC[0m [92mINF[0m [2mvstreamer/main_test.go:154[0m Last line of runCases
[2m2026-09-26 16:33:45.819 UTC[0m [92mINF[0m [2mmysqlctl/query.go:107[0m exec drop table _vt.resharding_journal
--- PASS: TestJournal (0.01s)
=== RUN   TestMinimalMode
[2m2026-09-26 16:33:45.821 UTC[0m [92mINF[0m [2msyslogger/syslogger.go:133[0m vttest [keyspace] created value: 
[2m2026-09-26 16:33:45.821 UTC[0m [92mINF[0m [2mtopo/locks.go:167[0m Locking keyspace vttest for action CreateShard with options: {lockType:0 ttl:0}
[2m2026-09-26 16:33:45.821 UTC[0m [92mINF[0m [2msyslogger/syslogger.go:133[0m vttest/0 [shard] created value: is_primary_serving:true
[2m2026-09-26 16:33:45.821 UTC[0m [92mINF[0m [2mtopo/locks.go:219[0m Unlocking keyspace vttest for successful action CreateShard
[2m2026-09-26 16:33:45.821 UTC[0m [92mINF[0m [2mvttest/local_cluster.go:342[0m No environment in cluster settings. Creating default...
[2m2026-09-26 16:33:45.822 UTC[0m [92mINF[0m [2mvttest/local_cluster.go:349[0m LocalCluster environment: &{BasePort:15271 TmpPath:/home/vt/v4btest/data/vttest1288942165 DefaultMyCnf:[/home/vt/config/mycnf/test-suite.cnf] InitDBFile:/home/vt/config/init_db.sql Env:[VTDATAROOT=/home/vt/v4btest/data/vttest1288942165 VTTEST=endtoend]}
[2m2026-09-26 16:33:45.822 UTC[0m [92mINF[0m [2mvttest/local_cluster.go:369[0m Initializing MySQL Manager (*vttest.Mysqlctl)...
[2m2026-09-26 16:33:49.399 UTC[0m [92mINF[0m [2mvttest/local_cluster.go:554[0m Creating databases in cluster...
[2m2026-09-26 16:33:49.399 UTC[0m [92mINF[0m [2msidecardb/sidecardb.go:233[0m Starting sidecardb.Init()
[2m2026-09-26 16:33:49.399 UTC[0m [92mINF[0m [2mvttest/local_cluster.go:609[0m ExecuteFetch(): "select 'true' as 'dbexists' from information_schema.SCHEMATA where SCHEMA_NAME = '_vt'"
[2m2026-09-26 16:33:49.401 UTC[0m [92mINF[0m [2msidecardb/sidecardb.go:321[0m doesSidecarDBExist: _vt not found
[2m2026-09-26 16:33:49.402 UTC[0m [92mINF[0m [2mvttest/local_cluster.go:609[0m ExecuteFetch(): "create database if not exists _vt"
[2m2026-09-26 16:33:49.404 UTC[0m [92mINF[0m [2msidecardb/sidecardb.go:338[0m createSidecarDB: _vt
[2m2026-09-26 16:33:49.404 UTC[0m [92mINF[0m [2mvttest/local_cluster.go:609[0m ExecuteFetch(): "use _vt"
[2m2026-09-26 16:33:49.405 UTC[0m [92mINF[0m [2mvttest/local_cluster.go:609[0m ExecuteFetch(): "select @@session.sql_mode as sql_mode"
[2m2026-09-26 16:33:49.406 UTC[0m [92mINF[0m [2mvttest/local_cluster.go:609[0m ExecuteFetch(): "set @@session.sql_mode=''"
[2m2026-09-26 16:33:49.406 UTC[0m [92mINF[0m [2mvttest/local_cluster.go:609[0m ExecuteFetch(): "select @@global.collation_server"
[2m2026-09-26 16:33:49.407 UTC[0m [92mINF[0m [2mvttest/local_cluster.go:609[0m ExecuteFetch(): "show create table _vt.heartbeat"
[2m2026-09-26 16:33:49.408 UTC[0m [92mINF[0m [2mvttest/local_cluster.go:609[0m ExecuteFetch(): "select @@version"
[2m2026-09-26 16:33:49.411 UTC[0m [92mINF[0m [2msidecardb/sidecardb.go:469[0m Applying DDL for table heartbeat:
CREATE TABLE IF NOT EXISTS `_vt`.`heartbeat` (
	`keyspaceShard` varbinary(256) NOT NULL,
	`tabletUid` int unsigned NOT NULL,
	`ts` bigint unsigned NOT NULL,
	PRIMARY KEY (`keyspaceShard`)
) ENGINE InnoDB,
  CHARSET utf8mb4
[2m2026-09-26 16:33:49.411 UTC[0m [92mINF[0m [2mvttest/local_cluster.go:588[0m Execute(): "use _vt"
[2m2026-09-26 16:33:49.412 UTC[0m [92mINF[0m [2mvttest/local_cluster.go:609[0m ExecuteFetch(): "CREATE TABLE IF NOT EXISTS `_vt`.`heartbeat` (
	`keyspaceShard` varbinary(256) NOT NULL,
	`tabletUid` int unsigned NOT NULL,
	`ts` bigint unsigned NOT NULL,
	PRIMARY KEY (`keyspaceShard`)
) ENGINE InnoDB,
  CHARSET utf8mb4"
[2m2026-09-26 16:33:49.419 UTC[0m [92mINF[0m [2msidecardb/sidecardb.go:516[0m Applied DDL CREATE TABLE IF NOT EXISTS `_vt`.`heartbeat` (
	`keyspaceShard` varbinary(256) NOT NULL,
	`tabletUid` int unsigned NOT NULL,
	`ts` bigint unsigned NOT NULL,
	PRIMARY KEY (`keyspaceShard`)
) ENGINE InnoDB,
  CHARSET utf8mb4 for table _vt.heartbeat (misc) during sidecar database initialization
[2m2026-09-26 16:33:49.420 UTC[0m [92mINF[0m [2mvttest/local_cluster.go:609[0m ExecuteFetch(): "show create table _vt.reparent_journal"
[2m2026-09-26 16:33:49.421 UTC[0m [92mINF[0m [2msidecardb/sidecardb.go:469[0m Applying DDL for table reparent_journal:
CREATE TABLE IF NOT EXISTS `_vt`.`reparent_journal` (
	`time_created_ns` bigint unsigned NOT NULL,
	`action_name` varbinary(255) NOT NULL,
	`primary_alias` varbinary(255) NOT NULL,
	`replication_position` varbinary(64000),
	PRIMARY KEY (`time_created_ns`)
) ENGINE InnoDB,
  CHARSET utf8mb4
[2m2026-09-26 16:33:49.421 UTC[0m [92mINF[0m [2mvttest/local_cluster.go:588[0m Execute(): "use _vt"
[2m2026-09-26 16:33:49.422 UTC[0m [92mINF[0m [2mvttest/local_cluster.go:609[0m ExecuteFetch(): "CREATE TABLE IF NOT EXISTS `_vt`.`reparent_journal` (
	`time_created_ns` bigint unsigned NOT NULL,
	`action_name` varbinary(255) NOT NULL,
	`primary_alias` varbinary(255) NOT NULL,
	`replication_position` varbinary(64000),
	PRIMARY KEY (`time_created_ns`)
) ENGINE InnoDB,
  CHARSET utf8mb4"
[2m2026-09-26 16:33:49.429 UTC[0m [92mINF[0m [2msidecardb/sidecardb.go:516[0m Applied DDL CREATE TABLE IF NOT EXISTS `_vt`.`reparent_journal` (
	`time_created_ns` bigint unsigned NOT NULL,
	`action_name` varbinary(255) NOT NULL,
	`primary_alias` varbinary(255) NOT NULL,
	`replication_position` varbinary(64000),
	PRIMARY KEY (`time_created_ns`)
) ENGINE InnoDB,
  CHARSET utf8mb4 for table _vt.reparent_journal (misc) during sidecar database initialization
[2m2026-09-26 16:33:49.429 UTC[0m [92mINF[0m [2mvttest/local_cluster.go:609[0m ExecuteFetch(): "show create table _vt.semisync_heartbeat"
[2m2026-09-26 16:33:49.430 UTC[0m [92mINF[0m [2msidecardb/sidecardb.go:469[0m Applying DDL for table semisync_heartbeat:
CREATE TABLE IF NOT EXISTS `_vt`.`semisync_heartbeat` (
	`ts` bigint unsigned NOT NULL,
	PRIMARY KEY (`ts`)
) ENGINE InnoDB,
  CHARSET utf8mb4
[2m2026-09-26 16:33:49.431 UTC[0m [92mINF[0m [2mvttest/local_cluster.go:588[0m Execute(): "use _vt"
[2m2026-09-26 16:33:49.431 UTC[0m [92mINF[0m [2mvttest/local_cluster.go:609[0m ExecuteFetch(): "CREATE TABLE IF NOT EXISTS `_vt`.`semisync_heartbeat` (
	`ts` bigint unsigned NOT NULL,
	PRIMARY KEY (`ts`)
) ENGINE InnoDB,
  CHARSET utf8mb4"
[2m2026-09-26 16:33:49.436 UTC[0m [92mINF[0m [2msidecardb/sidecardb.go:516[0m Applied DDL CREATE TABLE IF NOT EXISTS `_vt`.`semisync_heartbeat` (
	`ts` bigint unsigned NOT NULL,
	PRIMARY KEY (`ts`)
) ENGINE InnoDB,
  CHARSET utf8mb4 for table _vt.semisync_heartbeat (misc) during sidecar database initialization
[2m2026-09-26 16:33:49.437 UTC[0m [92mINF[0m [2mvttest/local_cluster.go:609[0m ExecuteFetch(): "show create table _vt.schema_migrations"
[2m2026-09-26 16:33:49.438 UTC[0m [92mINF[0m [2msidecardb/sidecardb.go:469[0m Applying DDL for table schema_migrations:
CREATE TABLE IF NOT EXISTS `_vt`.`schema_migrations` (
	`id` bigint unsigned NOT NULL AUTO_INCREMENT,
	`migration_uuid` varchar(64) NOT NULL,
	`keyspace` varchar(256) NOT NULL,
	`shard` varchar(255) NOT NULL,
	`mysql_schema` varchar(128) NOT NULL,
	`mysql_table` varchar(128) NOT NULL,
	`migration_statement` text NOT NULL,
	`strategy` varchar(128) NOT NULL,
	`options` varchar(8192) NOT NULL,
	`added_timestamp` timestamp NOT NULL DEFAULT current_timestamp(),
	`requested_timestamp` timestamp NOT NULL DEFAULT current_timestamp(),
	`ready_timestamp` timestamp NULL,
	`started_timestamp` timestamp NULL,
	`liveness_timestamp` timestamp NULL,
	`completed_timestamp` timestamp(6) NULL,
	`cleanup_timestamp` timestamp NULL,
	`migration_status` varchar(128) NOT NULL,
	`log_path` varchar(1024) NOT NULL,
	`artifacts` text NOT NULL,
	`retries` int unsigned NOT NULL DEFAULT '0',
	`tablet` varchar(128) NOT NULL DEFAULT '',
	`tablet_failure` tinyint unsigned NOT NULL DEFAULT '0',
	`progress` float NOT NULL DEFAULT '0',
	`migration_context` varchar(1024) NOT NULL DEFAULT '',
	`ddl_action` varchar(16) NOT NULL DEFAULT '',
	`message` text NOT NULL,
	`message_timestamp` timestamp(6) NULL,
	`eta_seconds` bigint NOT NULL DEFAULT '-1',
	`rows_copied` bigint unsigned NOT NULL DEFAULT '0',
	`vreplication_lag_seconds` bigint unsigned NOT NULL DEFAULT '0',
	`table_rows` bigint NOT NULL DEFAULT '0',
	`added_unique_keys` int unsigned NOT NULL DEFAULT '0',
	`removed_unique_keys` int unsigned NOT NULL DEFAULT '0',
	`log_file` varchar(1024) NOT NULL DEFAULT '',
	`retain_artifacts_seconds` bigint NOT NULL DEFAULT '0',
	`postpone_completion` tinyint unsigned NOT NULL DEFAULT '0',
	`removed_unique_key_names` text NOT NULL,
	`dropped_no_default_column_names` text NOT NULL,
	`expanded_column_names` text NOT NULL,
	`revertible_notes` text NOT NULL,
	`allow_concurrent` tinyint unsigned NOT NULL DEFAULT '0',
	`reverted_uuid` varchar(64) NOT NULL DEFAULT '',
	`is_view` tinyint unsigned NOT NULL DEFAULT '0',
	`ready_to_complete` tinyint unsigned NOT NULL DEFAULT '0',
	`vitess_liveness_indicator` bigint NOT NULL DEFAULT '0',
	`user_throttle_ratio` float NOT NULL DEFAULT '0',
	`special_plan` text NOT NULL,
	`last_throttled_timestamp` timestamp NULL,
	`component_throttled` tinytext NOT NULL,
	`reason_throttled` text NOT NULL,
	`cancelled_timestamp` timestamp NULL,
	`postpone_launch` tinyint unsigned NOT NULL DEFAULT '0',
	`stage` text NOT NULL,
	`cutover_attempts` int unsigned NOT NULL DEFAULT '0',
	`is_immediate_operation` tinyint unsigned NOT NULL DEFAULT '0',
	`reviewed_timestamp` timestamp NULL,
	`ready_to_complete_timestamp` timestamp NULL,
	`shadow_analyzed_timestamp` timestamp NULL,
	`removed_foreign_key_names` text NOT NULL,
	`last_cutover_attempt_timestamp` timestamp NULL,
	`force_cutover` tinyint unsigned NOT NULL DEFAULT '0',
	`cutover_threshold_seconds` int unsigned NOT NULL DEFAULT '0',
	`in_order_completion_pending_count` int unsigned NOT NULL DEFAULT '0',
	PRIMARY KEY (`id`),
	UNIQUE KEY `uuid_idx` (`migration_uuid`),
	KEY `keyspace_shard_idx` (`keyspace`(64), `shard`(64)),
	KEY `status_idx` (`migration_status`, `liveness_timestamp`),
	KEY `cleanup_status_idx` (`cleanup_timestamp`, `migration_status`),
	KEY `tablet_failure_idx` (`tablet_failure`, `migration_status`, `retries`),
	KEY `table_complete_idx` (`migration_status`, `keyspace`(64), `mysql_table`(64), `completed_timestamp`),
	KEY `migration_context_idx` (`migration_context`(64)),
	KEY `reverted_uuid_idx` (`reverted_uuid`)
) ENGINE InnoDB,
  CHARSET utf8mb4
[2m2026-09-26 16:33:49.438 UTC[0m [92mINF[0m [2mvttest/local_cluster.go:588[0m Execute(): "use _vt"
[2m2026-09-26 16:33:49.438 UTC[0m [92mINF[0m [2mvttest/local_cluster.go:609[0m ExecuteFetch(): "CREATE TABLE IF NOT EXISTS `_vt`.`schema_migrations` (
	`id` bigint unsigned NOT NULL AUTO_INCREMENT,
	`migration_uuid` varchar(64) NOT NULL,
	`keyspace` varchar(256) NOT NULL,
	`shard` varchar(255) NOT NULL,
	`mysql_schema` varchar(128) NOT NULL,
	`mysql_table` varchar(128) NOT NULL,
	`migration_statement` text NOT NULL,
	`strategy` varchar(128) NOT NULL,
	`options` varchar(8192) NOT NULL,
	`added_timestamp` timestamp NOT NULL DEFAULT current_timestamp(),
	`requested_timestamp` timestamp NOT NULL DEFAULT current_timestamp(),
	`ready_timestamp` timestamp NULL,
	`started_timestamp` timestamp NULL,
	`liveness_timestamp` timestamp NULL,
	`completed_timestamp` timestamp(6) NULL,
	`cleanup_timestamp` timestamp NULL,
	`migration_status` varchar(128) NOT NULL,
	`log_path` varchar(1024) NOT NULL,
	`artifacts` text NOT NULL,
	`retries` int unsigned NOT NULL DEFAULT '0',
	`tablet` varchar(128) NOT NULL DEFAULT '',
	`tablet_failure` tinyint unsigned NOT NULL DEFAULT '0',
	`progress` float NOT NULL DEFAULT '0',
	`migration_context` varchar(1024) NOT NULL DEFAULT '',
	`ddl_action` varchar(16) NOT NULL DEFAULT '',
	`message` text NOT NULL,
	`message_timestamp` timestamp(6) NULL,
	`eta_seconds` bigint NOT NULL DEFAULT '-1',
	`rows_copied` bigint unsigned NOT NULL DEFAULT '0',
	`vreplication_lag_seconds` bigint unsigned NOT NULL DEFAULT '0',
	`table_rows` bigint NOT NULL DEFAULT '0',
	`added_unique_keys` int unsigned NOT NULL DEFAULT '0',
	`removed_unique_keys` int unsigned NOT NULL DEFAULT '0',
	`log_file` varchar(1024) NOT NULL DEFAULT '',
	`retain_artifacts_seconds` bigint NOT NULL DEFAULT '0',
	`postpone_completion` tinyint unsigned NOT NULL DEFAULT '0',
	`removed_unique_key_names` text NOT NULL,
	`dropped_no_default_column_names` text NOT NULL,
	`expanded_column_names` text NOT NULL,
	`revertible_notes` text NOT NULL,
	`allow_concurrent` tinyint unsigned NOT NULL DEFAULT '0',
	`reverted_uuid` varchar(64) NOT NULL DEFAULT '',
	`is_view` tinyint unsigned NOT NULL DEFAULT '0',
	`ready_to_complete` tinyint unsigned NOT NULL DEFAULT '0',
	`vitess_liveness_indicator` bigint NOT NULL DEFAULT '0',
	`user_throttle_ratio` float NOT NULL DEFAULT '0',
	`special_plan` text NOT NULL,
	`last_throttled_timestamp` timestamp NULL,
	`component_throttled` tinytext NOT NULL,
	`reason_throttled` text NOT NULL,
	`cancelled_timestamp` timestamp NULL,
	`postpone_launch` tinyint unsigned NOT NULL DEFAULT '0',
	`stage` text NOT NULL,
	`cutover_attempts` int unsigned NOT NULL DEFAULT '0',
	`is_immediate_operation` tinyint unsigned NOT NULL DEFAULT '0',
	`reviewed_timestamp` timestamp NULL,
	`ready_to_complete_timestamp` timestamp NULL,
	`shadow_analyzed_timestamp` timestamp NULL,
	`removed_foreign_key_names` text NOT NULL,
	`last_cutover_attempt_timestamp` timestamp NULL,
	`force_cutover` tinyint unsigned NOT NULL DEFAULT '0',
	`cutover_threshold_seconds` int unsigned NOT NULL DEFAULT '0',
	`in_order_completion_pending_count` int unsigned NOT NULL DEFAULT '0',
	PRIMARY KEY (`id`),
	UNIQUE KEY `uuid_idx` (`migration_uuid`),
	KEY `keyspace_shard_idx` (`keyspace`(64), `shard`(64)),
	KEY `status_idx` (`migration_status`, `liveness_timestamp`),
	KEY `cleanup_status_idx` (`cleanup_timestamp`, `migration_status`),
	KEY `tablet_failure_idx` (`tablet_failure`, `migration_status`, `retries`),
	KEY `table_complete_idx` (`migration_status`, `keyspace`(64), `mysql_table`(64), `completed_timestamp`),
	KEY `migration_context_idx` (`migration_context`(64)),
	KEY `reverted_uuid_idx` (`reverted_uuid`)
) ENGINE InnoDB,
  CHARSET utf8mb4"
[2m2026-09-26 16:33:49.456 UTC[0m [92mINF[0m [2msidecardb/sidecardb.go:516[0m Applied DDL CREATE TABLE IF NOT EXISTS `_vt`.`schema_migrations` (
	`id` bigint unsigned NOT NULL AUTO_INCREMENT,
	`migration_uuid` varchar(64) NOT NULL,
	`keyspace` varchar(256) NOT NULL,
	`shard` varchar(255) NOT NULL,
	`mysql_schema` varchar(128) NOT NULL,
	`mysql_table` varchar(128) NOT NULL,
	`migration_statement` text NOT NULL,
	`strategy` varchar(128) NOT NULL,
	`options` varchar(8192) NOT NULL,
	`added_timestamp` timestamp NOT NULL DEFAULT current_timestamp(),
	`requested_timestamp` timestamp NOT NULL DEFAULT current_timestamp(),
	`ready_timestamp` timestamp NULL,
	`started_timestamp` timestamp NULL,
	`liveness_timestamp` timestamp NULL,
	`completed_timestamp` timestamp(6) NULL,
	`cleanup_timestamp` timestamp NULL,
	`migration_status` varchar(128) NOT NULL,
	`log_path` varchar(1024) NOT NULL,
	`artifacts` text NOT NULL,
	`retries` int unsigned NOT NULL DEFAULT '0',
	`tablet` varchar(128) NOT NULL DEFAULT '',
	`tablet_failure` tinyint unsigned NOT NULL DEFAULT '0',
	`progress` float NOT NULL DEFAULT '0',
	`migration_context` varchar(1024) NOT NULL DEFAULT '',
	`ddl_action` varchar(16) NOT NULL DEFAULT '',
	`message` text NOT NULL,
	`message_timestamp` timestamp(6) NULL,
	`eta_seconds` bigint NOT NULL DEFAULT '-1',
	`rows_copied` bigint unsigned NOT NULL DEFAULT '0',
	`vreplication_lag_seconds` bigint unsigned NOT NULL DEFAULT '0',
	`table_rows` bigint NOT NULL DEFAULT '0',
	`added_unique_keys` int unsigned NOT NULL DEFAULT '0',
	`removed_unique_keys` int unsigned NOT NULL DEFAULT '0',
	`log_file` varchar(1024) NOT NULL DEFAULT '',
	`retain_artifacts_seconds` bigint NOT NULL DEFAULT '0',
	`postpone_completion` tinyint unsigned NOT NULL DEFAULT '0',
	`removed_unique_key_names` text NOT NULL,
	`dropped_no_default_column_names` text NOT NULL,
	`expanded_column_names` text NOT NULL,
	`revertible_notes` text NOT NULL,
	`allow_concurrent` tinyint unsigned NOT NULL DEFAULT '0',
	`reverted_uuid` varchar(64) NOT NULL DEFAULT '',
	`is_view` tinyint unsigned NOT NULL DEFAULT '0',
	`ready_to_complete` tinyint unsigned NOT NULL DEFAULT '0',
	`vitess_liveness_indicator` bigint NOT NULL DEFAULT '0',
	`user_throttle_ratio` float NOT NULL DEFAULT '0',
	`special_plan` text NOT NULL,
	`last_throttled_timestamp` timestamp NULL,
	`component_throttled` tinytext NOT NULL,
	`reason_throttled` text NOT NULL,
	`cancelled_timestamp` timestamp NULL,
	`postpone_launch` tinyint unsigned NOT NULL DEFAULT '0',
	`stage` text NOT NULL,
	`cutover_attempts` int unsigned NOT NULL DEFAULT '0',
	`is_immediate_operation` tinyint unsigned NOT NULL DEFAULT '0',
	`reviewed_timestamp` timestamp NULL,
	`ready_to_complete_timestamp` timestamp NULL,
	`shadow_analyzed_timestamp` timestamp NULL,
	`removed_foreign_key_names` text NOT NULL,
	`last_cutover_attempt_timestamp` timestamp NULL,
	`force_cutover` tinyint unsigned NOT NULL DEFAULT '0',
	`cutover_threshold_seconds` int unsigned NOT NULL DEFAULT '0',
	`in_order_completion_pending_count` int unsigned NOT NULL DEFAULT '0',
	PRIMARY KEY (`id`),
	UNIQUE KEY `uuid_idx` (`migration_uuid`),
	KEY `keyspace_shard_idx` (`keyspace`(64), `shard`(64)),
	KEY `status_idx` (`migration_status`, `liveness_timestamp`),
	KEY `cleanup_status_idx` (`cleanup_timestamp`, `migration_status`),
	KEY `tablet_failure_idx` (`tablet_failure`, `migration_status`, `retries`),
	KEY `table_complete_idx` (`migration_status`, `keyspace`(64), `mysql_table`(64), `completed_timestamp`),
	KEY `migration_context_idx` (`migration_context`(64)),
	KEY `reverted_uuid_idx` (`reverted_uuid`)
) ENGINE InnoDB,
  CHARSET utf8mb4 for table _vt.schema_migrations (onlineddl) during sidecar database initialization
[2m2026-09-26 16:33:49.456 UTC[0m [92mINF[0m [2mvttest/local_cluster.go:609[0m ExecuteFetch(): "show create table _vt.`tables`"
[2m2026-09-26 16:33:49.457 UTC[0m [92mINF[0m [2msidecardb/sidecardb.go:469[0m Applying DDL for table tables:
CREATE TABLE IF NOT EXISTS `_vt`.`tables` (
	`TABLE_SCHEMA` varchar(64) CHARACTER SET utf8mb3 COLLATE utf8mb3_bin NOT NULL,
	`TABLE_NAME` varchar(64) CHARACTER SET utf8mb3 COLLATE utf8mb3_bin NOT NULL,
	`CREATE_STATEMENT` longtext,
	`CREATE_TIME` bigint,
	PRIMARY KEY (`TABLE_SCHEMA`, `TABLE_NAME`)
) ENGINE InnoDB,
  CHARSET utf8mb4
[2m2026-09-26 16:33:49.458 UTC[0m [92mINF[0m [2mvttest/local_cluster.go:588[0m Execute(): "use _vt"
[2m2026-09-26 16:33:49.458 UTC[0m [92mINF[0m [2mvttest/local_cluster.go:609[0m ExecuteFetch(): "CREATE TABLE IF NOT EXISTS `_vt`.`tables` (
	`TABLE_SCHEMA` varchar(64) CHARACTER SET utf8mb3 COLLATE utf8mb3_bin NOT NULL,
	`TABLE_NAME` varchar(64) CHARACTER SET utf8mb3 COLLATE utf8mb3_bin NOT NULL,
	`CREATE_STATEMENT` longtext,
	`CREATE_TIME` bigint,
	PRIMARY KEY (`TABLE_SCHEMA`, `TABLE_NAME`)
) ENGINE InnoDB,
  CHARSET utf8mb4"
[2m2026-09-26 16:33:49.464 UTC[0m [92mINF[0m [2msidecardb/sidecardb.go:516[0m Applied DDL CREATE TABLE IF NOT EXISTS `_vt`.`tables` (
	`TABLE_SCHEMA` varchar(64) CHARACTER SET utf8mb3 COLLATE utf8mb3_bin NOT NULL,
	`TABLE_NAME` varchar(64) CHARACTER SET utf8mb3 COLLATE utf8mb3_bin NOT NULL,
	`CREATE_STATEMENT` longtext,
	`CREATE_TIME` bigint,
	PRIMARY KEY (`TABLE_SCHEMA`, `TABLE_NAME`)
) ENGINE InnoDB,
  CHARSET utf8mb4 for table _vt.`tables` (schemaengine) during sidecar database initialization
[2m2026-09-26 16:33:49.465 UTC[0m [92mINF[0m [2mvttest/local_cluster.go:609[0m ExecuteFetch(): "show create table _vt.udfs"
[2m2026-09-26 16:33:49.465 UTC[0m [92mINF[0m [2msidecardb/sidecardb.go:469[0m Applying DDL for table udfs:
CREATE TABLE IF NOT EXISTS `_vt`.`udfs` (
	`FUNCTION_NAME` varchar(128) CHARACTER SET utf8mb3 COLLATE utf8mb3_bin NOT NULL,
	`FUNCTION_RETURN_TYPE` varchar(20) CHARACTER SET utf8mb3 COLLATE utf8mb3_bin NOT NULL,
	`FUNCTION_TYPE` varchar(20) CHARACTER SET utf8mb3 COLLATE utf8mb3_bin NOT NULL,
	PRIMARY KEY (`FUNCTION_NAME`)
) ENGINE InnoDB,
  CHARSET utf8mb4
[2m2026-09-26 16:33:49.466 UTC[0m [92mINF[0m [2mvttest/local_cluster.go:588[0m Execute(): "use _vt"
[2m2026-09-26 16:33:49.466 UTC[0m [92mINF[0m [2mvttest/local_cluster.go:609[0m ExecuteFetch(): "CREATE TABLE IF NOT EXISTS `_vt`.`udfs` (
	`FUNCTION_NAME` varchar(128) CHARACTER SET utf8mb3 COLLATE utf8mb3_bin NOT NULL,
	`FUNCTION_RETURN_TYPE` varchar(20) CHARACTER SET utf8mb3 COLLATE utf8mb3_bin NOT NULL,
	`FUNCTION_TYPE` varchar(20) CHARACTER SET utf8mb3 COLLATE utf8mb3_bin NOT NULL,
	PRIMARY KEY (`FUNCTION_NAME`)
) ENGINE InnoDB,
  CHARSET utf8mb4"
[2m2026-09-26 16:33:49.473 UTC[0m [92mINF[0m [2msidecardb/sidecardb.go:516[0m Applied DDL CREATE TABLE IF NOT EXISTS `_vt`.`udfs` (
	`FUNCTION_NAME` varchar(128) CHARACTER SET utf8mb3 COLLATE utf8mb3_bin NOT NULL,
	`FUNCTION_RETURN_TYPE` varchar(20) CHARACTER SET utf8mb3 COLLATE utf8mb3_bin NOT NULL,
	`FUNCTION_TYPE` varchar(20) CHARACTER SET utf8mb3 COLLATE utf8mb3_bin NOT NULL,
	PRIMARY KEY (`FUNCTION_NAME`)
) ENGINE InnoDB,
  CHARSET utf8mb4 for table _vt.udfs (schemaengine) during sidecar database initialization
[2m2026-09-26 16:33:49.473 UTC[0m [92mINF[0m [2mvttest/local_cluster.go:609[0m ExecuteFetch(): "show create table _vt.views"
[2m2026-09-26 16:33:49.474 UTC[0m [92mINF[0m [2msidecardb/sidecardb.go:469[0m Applying DDL for table views:
CREATE TABLE IF NOT EXISTS `_vt`.`views` (
	`TABLE_SCHEMA` varchar(64) CHARACTER SET utf8mb3 COLLATE utf8mb3_bin NOT NULL,
	`TABLE_NAME` varchar(64) CHARACTER SET utf8mb3 COLLATE utf8mb3_bin NOT NULL,
	`CREATE_STATEMENT` longtext,
	`VIEW_DEFINITION` longtext NOT NULL,
	PRIMARY KEY (`TABLE_SCHEMA`, `TABLE_NAME`)
) ENGINE InnoDB,
  CHARSET utf8mb4
[2m2026-09-26 16:33:49.474 UTC[0m [92mINF[0m [2mvttest/local_cluster.go:588[0m Execute(): "use _vt"
[2m2026-09-26 16:33:49.475 UTC[0m [92mINF[0m [2mvttest/local_cluster.go:609[0m ExecuteFetch(): "CREATE TABLE IF NOT EXISTS `_vt`.`views` (
	`TABLE_SCHEMA` varchar(64) CHARACTER SET utf8mb3 COLLATE utf8mb3_bin NOT NULL,
	`TABLE_NAME` varchar(64) CHARACTER SET utf8mb3 COLLATE utf8mb3_bin NOT NULL,
	`CREATE_STATEMENT` longtext,
	`VIEW_DEFINITION` longtext NOT NULL,
	PRIMARY KEY (`TABLE_SCHEMA`, `TABLE_NAME`)
) ENGINE InnoDB,
  CHARSET utf8mb4"
[2m2026-09-26 16:33:49.481 UTC[0m [92mINF[0m [2msidecardb/sidecardb.go:516[0m Applied DDL CREATE TABLE IF NOT EXISTS `_vt`.`views` (
	`TABLE_SCHEMA` varchar(64) CHARACTER SET utf8mb3 COLLATE utf8mb3_bin NOT NULL,
	`TABLE_NAME` varchar(64) CHARACTER SET utf8mb3 COLLATE utf8mb3_bin NOT NULL,
	`CREATE_STATEMENT` longtext,
	`VIEW_DEFINITION` longtext NOT NULL,
	PRIMARY KEY (`TABLE_SCHEMA`, `TABLE_NAME`)
) ENGINE InnoDB,
  CHARSET utf8mb4 for table _vt.views (schemaengine) during sidecar database initialization
[2m2026-09-26 16:33:49.481 UTC[0m [92mINF[0m [2mvttest/local_cluster.go:609[0m ExecuteFetch(): "show create table _vt.dt_participant"
[2m2026-09-26 16:33:49.482 UTC[0m [92mINF[0m [2msidecardb/sidecardb.go:469[0m Applying DDL for table dt_participant:
CREATE TABLE IF NOT EXISTS `_vt`.`dt_participant` (
	`dtid` varbinary(512) NOT NULL,
	`id` bigint NOT NULL,
	`keyspace` varchar(256) NOT NULL,
	`shard` varchar(256) NOT NULL,
	PRIMARY KEY (`dtid`, `id`)
) ENGINE InnoDB,
  CHARSET utf8mb4
[2m2026-09-26 16:33:49.482 UTC[0m [92mINF[0m [2mvttest/local_cluster.go:588[0m Execute(): "use _vt"
[2m2026-09-26 16:33:49.483 UTC[0m [92mINF[0m [2mvttest/local_cluster.go:609[0m ExecuteFetch(): "CREATE TABLE IF NOT EXISTS `_vt`.`dt_participant` (
	`dtid` varbinary(512) NOT NULL,
	`id` bigint NOT NULL,
	`keyspace` varchar(256) NOT NULL,
	`shard` varchar(256) NOT NULL,
	PRIMARY KEY (`dtid`, `id`)
) ENGINE InnoDB,
  CHARSET utf8mb4"
[2m2026-09-26 16:33:49.489 UTC[0m [92mINF[0m [2msidecardb/sidecardb.go:516[0m Applied DDL CREATE TABLE IF NOT EXISTS `_vt`.`dt_participant` (
	`dtid` varbinary(512) NOT NULL,
	`id` bigint NOT NULL,
	`keyspace` varchar(256) NOT NULL,
	`shard` varchar(256) NOT NULL,
	PRIMARY KEY (`dtid`, `id`)
) ENGINE InnoDB,
  CHARSET utf8mb4 for table _vt.dt_participant (twopc) during sidecar database initialization
[2m2026-09-26 16:33:49.490 UTC[0m [92mINF[0m [2mvttest/local_cluster.go:609[0m ExecuteFetch(): "show create table _vt.dt_state"
[2m2026-09-26 16:33:49.490 UTC[0m [92mINF[0m [2msidecardb/sidecardb.go:469[0m Applying DDL for table dt_state:
CREATE TABLE IF NOT EXISTS `_vt`.`dt_state` (
	`dtid` varbinary(512) NOT NULL,
	`state` bigint NOT NULL,
	`time_created` bigint NOT NULL,
	PRIMARY KEY (`dtid`),
	KEY `time_created` (`time_created`)
) ENGINE InnoDB,
  CHARSET utf8mb4
[2m2026-09-26 16:33:49.491 UTC[0m [92mINF[0m [2mvttest/local_cluster.go:588[0m Execute(): "use _vt"
[2m2026-09-26 16:33:49.491 UTC[0m [92mINF[0m [2mvttest/local_cluster.go:609[0m ExecuteFetch(): "CREATE TABLE IF NOT EXISTS `_vt`.`dt_state` (
	`dtid` varbinary(512) NOT NULL,
	`state` bigint NOT NULL,
	`time_created` bigint NOT NULL,
	PRIMARY KEY (`dtid`),
	KEY `time_created` (`time_created`)
) ENGINE InnoDB,
  CHARSET utf8mb4"
[2m2026-09-26 16:33:49.499 UTC[0m [92mINF[0m [2msidecardb/sidecardb.go:516[0m Applied DDL CREATE TABLE IF NOT EXISTS `_vt`.`dt_state` (
	`dtid` varbinary(512) NOT NULL,
	`state` bigint NOT NULL,
	`time_created` bigint NOT NULL,
	PRIMARY KEY (`dtid`),
	KEY `time_created` (`time_created`)
) ENGINE InnoDB,
  CHARSET utf8mb4 for table _vt.dt_state (twopc) during sidecar database initialization
[2m2026-09-26 16:33:49.500 UTC[0m [92mINF[0m [2mvttest/local_cluster.go:609[0m ExecuteFetch(): "show create table _vt.redo_state"
[2m2026-09-26 16:33:49.500 UTC[0m [92mINF[0m [2msidecardb/sidecardb.go:469[0m Applying DDL for table redo_state:
CREATE TABLE IF NOT EXISTS `_vt`.`redo_state` (
	`dtid` varbinary(512) NOT NULL,
	`state` bigint NOT NULL,
	`time_created` bigint NOT NULL,
	`message` text,
	PRIMARY KEY (`dtid`)
) ENGINE InnoDB,
  CHARSET utf8mb4
[2m2026-09-26 16:33:49.501 UTC[0m [92mINF[0m [2mvttest/local_cluster.go:588[0m Execute(): "use _vt"
[2m2026-09-26 16:33:49.501 UTC[0m [92mINF[0m [2mvttest/local_cluster.go:609[0m ExecuteFetch(): "CREATE TABLE IF NOT EXISTS `_vt`.`redo_state` (
	`dtid` varbinary(512) NOT NULL,
	`state` bigint NOT NULL,
	`time_created` bigint NOT NULL,
	`message` text,
	PRIMARY KEY (`dtid`)
) ENGINE InnoDB,
  CHARSET utf8mb4"
[2m2026-09-26 16:33:49.508 UTC[0m [92mINF[0m [2msidecardb/sidecardb.go:516[0m Applied DDL CREATE TABLE IF NOT EXISTS `_vt`.`redo_state` (
	`dtid` varbinary(512) NOT NULL,
	`state` bigint NOT NULL,
	`time_created` bigint NOT NULL,
	`message` text,
	PRIMARY KEY (`dtid`)
) ENGINE InnoDB,
  CHARSET utf8mb4 for table _vt.redo_state (twopc) during sidecar database initialization
[2m2026-09-26 16:33:49.508 UTC[0m [92mINF[0m [2mvttest/local_cluster.go:609[0m ExecuteFetch(): "show create table _vt.redo_statement"
[2m2026-09-26 16:33:49.509 UTC[0m [92mINF[0m [2msidecardb/sidecardb.go:469[0m Applying DDL for table redo_statement:
CREATE TABLE IF NOT EXISTS `_vt`.`redo_statement` (
	`dtid` varbinary(512) NOT NULL,
	`id` bigint NOT NULL,
	`statement` mediumblob NOT NULL,
	PRIMARY KEY (`dtid`, `id`)
) ENGINE InnoDB,
  CHARSET utf8mb4
[2m2026-09-26 16:33:49.509 UTC[0m [92mINF[0m [2mvttest/local_cluster.go:588[0m Execute(): "use _vt"
[2m2026-09-26 16:33:49.510 UTC[0m [92mINF[0m [2mvttest/local_cluster.go:609[0m ExecuteFetch(): "CREATE TABLE IF NOT EXISTS `_vt`.`redo_statement` (
	`dtid` varbinary(512) NOT NULL,
	`id` bigint NOT NULL,
	`statement` mediumblob NOT NULL,
	PRIMARY KEY (`dtid`, `id`)
) ENGINE InnoDB,
  CHARSET utf8mb4"
[2m2026-09-26 16:33:49.515 UTC[0m [92mINF[0m [2msidecardb/sidecardb.go:516[0m Applied DDL CREATE TABLE IF NOT EXISTS `_vt`.`redo_statement` (
	`dtid` varbinary(512) NOT NULL,
	`id` bigint NOT NULL,
	`statement` mediumblob NOT NULL,
	PRIMARY KEY (`dtid`, `id`)
) ENGINE InnoDB,
  CHARSET utf8mb4 for table _vt.redo_statement (twopc) during sidecar database initialization
[2m2026-09-26 16:33:49.516 UTC[0m [92mINF[0m [2mvttest/local_cluster.go:609[0m ExecuteFetch(): "show create table _vt.vdiff"
[2m2026-09-26 16:33:49.517 UTC[0m [92mINF[0m [2msidecardb/sidecardb.go:469[0m Applying DDL for table vdiff:
CREATE TABLE IF NOT EXISTS `_vt`.`vdiff` (
	`id` bigint NOT NULL AUTO_INCREMENT,
	`vdiff_uuid` varchar(64) NOT NULL,
	`workflow` varbinary(1024),
	`keyspace` varbinary(256),
	`shard` varchar(255) NOT NULL,
	`db_name` varbinary(1024),
	`state` varbinary(64),
	`options` json,
	`created_at` timestamp NOT NULL DEFAULT current_timestamp(),
	`started_at` timestamp NULL,
	`liveness_timestamp` timestamp NULL,
	`completed_at` timestamp NULL,
	`last_error` varbinary(1024),
	PRIMARY KEY (`id`),
	UNIQUE KEY `uuid_idx` (`vdiff_uuid`, `db_name`),
	KEY `state` (`state`),
	KEY `ks_wf_idx` (`keyspace`(64), `workflow`(64))
) ENGINE InnoDB,
  CHARSET utf8mb4
[2m2026-09-26 16:33:49.517 UTC[0m [92mINF[0m [2mvttest/local_cluster.go:588[0m Execute(): "use _vt"
[2m2026-09-26 16:33:49.518 UTC[0m [92mINF[0m [2mvttest/local_cluster.go:609[0m ExecuteFetch(): "CREATE TABLE IF NOT EXISTS `_vt`.`vdiff` (
	`id` bigint NOT NULL AUTO_INCREMENT,
	`vdiff_uuid` varchar(64) NOT NULL,
	`workflow` varbinary(1024),
	`keyspace` varbinary(256),
	`shard` varchar(255) NOT NULL,
	`db_name` varbinary(1024),
	`state` varbinary(64),
	`options` json,
	`created_at` timestamp NOT NULL DEFAULT current_timestamp(),
	`started_at` timestamp NULL,
	`liveness_timestamp` timestamp NULL,
	`completed_at` timestamp NULL,
	`last_error` varbinary(1024),
	PRIMARY KEY (`id`),
	UNIQUE KEY `uuid_idx` (`vdiff_uuid`, `db_name`),
	KEY `state` (`state`),
	KEY `ks_wf_idx` (`keyspace`(64), `workflow`(64))
) ENGINE InnoDB,
  CHARSET utf8mb4"
[2m2026-09-26 16:33:49.527 UTC[0m [92mINF[0m [2msidecardb/sidecardb.go:516[0m Applied DDL CREATE TABLE IF NOT EXISTS `_vt`.`vdiff` (
	`id` bigint NOT NULL AUTO_INCREMENT,
	`vdiff_uuid` varchar(64) NOT NULL,
	`workflow` varbinary(1024),
	`keyspace` varbinary(256),
	`shard` varchar(255) NOT NULL,
	`db_name` varbinary(1024),
	`state` varbinary(64),
	`options` json,
	`created_at` timestamp NOT NULL DEFAULT current_timestamp(),
	`started_at` timestamp NULL,
	`liveness_timestamp` timestamp NULL,
	`completed_at` timestamp NULL,
	`last_error` varbinary(1024),
	PRIMARY KEY (`id`),
	UNIQUE KEY `uuid_idx` (`vdiff_uuid`, `db_name`),
	KEY `state` (`state`),
	KEY `ks_wf_idx` (`keyspace`(64), `workflow`(64))
) ENGINE InnoDB,
  CHARSET utf8mb4 for table _vt.vdiff (vdiff) during sidecar database initialization
[2m2026-09-26 16:33:49.528 UTC[0m [92mINF[0m [2mvttest/local_cluster.go:609[0m ExecuteFetch(): "show create table _vt.vdiff_log"
[2m2026-09-26 16:33:49.528 UTC[0m [92mINF[0m [2msidecardb/sidecardb.go:469[0m Applying DDL for table vdiff_log:
CREATE TABLE IF NOT EXISTS `_vt`.`vdiff_log` (
	`id` bigint NOT NULL AUTO_INCREMENT,
	`vdiff_id` bigint NOT NULL,
	`created_at` timestamp NOT NULL DEFAULT current_timestamp(),
	`message` text NOT NULL,
	PRIMARY KEY (`id`),
	KEY `vdiff_id_idx` (`vdiff_id`)
) ENGINE InnoDB,
  CHARSET utf8mb4
[2m2026-09-26 16:33:49.529 UTC[0m [92mINF[0m [2mvttest/local_cluster.go:588[0m Execute(): "use _vt"
[2m2026-09-26 16:33:49.529 UTC[0m [92mINF[0m [2mvttest/local_cluster.go:609[0m ExecuteFetch(): "CREATE TABLE IF NOT EXISTS `_vt`.`vdiff_log` (
	`id` bigint NOT NULL AUTO_INCREMENT,
	`vdiff_id` bigint NOT NULL,
	`created_at` timestamp NOT NULL DEFAULT current_timestamp(),
	`message` text NOT NULL,
	PRIMARY KEY (`id`),
	KEY `vdiff_id_idx` (`vdiff_id`)
) ENGINE InnoDB,
  CHARSET utf8mb4"
[2m2026-09-26 16:33:49.539 UTC[0m [92mINF[0m [2msidecardb/sidecardb.go:516[0m Applied DDL CREATE TABLE IF NOT EXISTS `_vt`.`vdiff_log` (
	`id` bigint NOT NULL AUTO_INCREMENT,
	`vdiff_id` bigint NOT NULL,
	`created_at` timestamp NOT NULL DEFAULT current_timestamp(),
	`message` text NOT NULL,
	PRIMARY KEY (`id`),
	KEY `vdiff_id_idx` (`vdiff_id`)
) ENGINE InnoDB,
  CHARSET utf8mb4 for table _vt.vdiff_log (vdiff) during sidecar database initialization
[2m2026-09-26 16:33:49.540 UTC[0m [92mINF[0m [2mvttest/local_cluster.go:609[0m ExecuteFetch(): "show create table _vt.vdiff_table"
[2m2026-09-26 16:33:49.540 UTC[0m [92mINF[0m [2msidecardb/sidecardb.go:469[0m Applying DDL for table vdiff_table:
CREATE TABLE IF NOT EXISTS `_vt`.`vdiff_table` (
	`vdiff_id` bigint NOT NULL,
	`table_name` varbinary(128) NOT NULL,
	`state` varbinary(64),
	`lastpk` mediumblob,
	`table_rows` bigint NOT NULL DEFAULT '0',
	`rows_compared` bigint NOT NULL DEFAULT '0',
	`mismatch` tinyint(1) NOT NULL DEFAULT '0',
	`report` json,
	`created_at` timestamp NOT NULL DEFAULT current_timestamp(),
	`updated_at` timestamp NOT NULL DEFAULT current_timestamp() ON UPDATE current_timestamp(),
	PRIMARY KEY (`vdiff_id`, `table_name`)
) ENGINE InnoDB,
  CHARSET utf8mb4
[2m2026-09-26 16:33:49.541 UTC[0m [92mINF[0m [2mvttest/local_cluster.go:588[0m Execute(): "use _vt"
[2m2026-09-26 16:33:49.541 UTC[0m [92mINF[0m [2mvttest/local_cluster.go:609[0m ExecuteFetch(): "CREATE TABLE IF NOT EXISTS `_vt`.`vdiff_table` (
	`vdiff_id` bigint NOT NULL,
	`table_name` varbinary(128) NOT NULL,
	`state` varbinary(64),
	`lastpk` mediumblob,
	`table_rows` bigint NOT NULL DEFAULT '0',
	`rows_compared` bigint NOT NULL DEFAULT '0',
	`mismatch` tinyint(1) NOT NULL DEFAULT '0',
	`report` json,
	`created_at` timestamp NOT NULL DEFAULT current_timestamp(),
	`updated_at` timestamp NOT NULL DEFAULT current_timestamp() ON UPDATE current_timestamp(),
	PRIMARY KEY (`vdiff_id`, `table_name`)
) ENGINE InnoDB,
  CHARSET utf8mb4"
[2m2026-09-26 16:33:49.547 UTC[0m [92mINF[0m [2msidecardb/sidecardb.go:516[0m Applied DDL CREATE TABLE IF NOT EXISTS `_vt`.`vdiff_table` (
	`vdiff_id` bigint NOT NULL,
	`table_name` varbinary(128) NOT NULL,
	`state` varbinary(64),
	`lastpk` mediumblob,
	`table_rows` bigint NOT NULL DEFAULT '0',
	`rows_compared` bigint NOT NULL DEFAULT '0',
	`mismatch` tinyint(1) NOT NULL DEFAULT '0',
	`report` json,
	`created_at` timestamp NOT NULL DEFAULT current_timestamp(),
	`updated_at` timestamp NOT NULL DEFAULT current_timestamp() ON UPDATE current_timestamp(),
	PRIMARY KEY (`vdiff_id`, `table_name`)
) ENGINE InnoDB,
  CHARSET utf8mb4 for table _vt.vdiff_table (vdiff) during sidecar database initialization
[2m2026-09-26 16:33:49.547 UTC[0m [92mINF[0m [2mvttest/local_cluster.go:609[0m ExecuteFetch(): "show create table _vt.copy_state"
[2m2026-09-26 16:33:49.547 UTC[0m [92mINF[0m [2msidecardb/sidecardb.go:469[0m Applying DDL for table copy_state:
CREATE TABLE IF NOT EXISTS `_vt`.`copy_state` (
	`id` bigint unsigned NOT NULL AUTO_INCREMENT,
	`vrepl_id` int NOT NULL,
	`table_name` varbinary(128) NOT NULL,
	`lastpk` mediumblob,
	PRIMARY KEY (`id`),
	KEY `vrepl_id` (`vrepl_id`, `table_name`)
) ENGINE InnoDB,
  CHARSET utf8mb4
[2m2026-09-26 16:33:49.548 UTC[0m [92mINF[0m [2mvttest/local_cluster.go:588[0m Execute(): "use _vt"
[2m2026-09-26 16:33:49.548 UTC[0m [92mINF[0m [2mvttest/local_cluster.go:609[0m ExecuteFetch(): "CREATE TABLE IF NOT EXISTS `_vt`.`copy_state` (
	`id` bigint unsigned NOT NULL AUTO_INCREMENT,
	`vrepl_id` int NOT NULL,
	`table_name` varbinary(128) NOT NULL,
	`lastpk` mediumblob,
	PRIMARY KEY (`id`),
	KEY `vrepl_id` (`vrepl_id`, `table_name`)
) ENGINE InnoDB,
  CHARSET utf8mb4"
[2m2026-09-26 16:33:49.555 UTC[0m [92mINF[0m [2msidecardb/sidecardb.go:516[0m Applied DDL CREATE TABLE IF NOT EXISTS `_vt`.`copy_state` (
	`id` bigint unsigned NOT NULL AUTO_INCREMENT,
	`vrepl_id` int NOT NULL,
	`table_name` varbinary(128) NOT NULL,
	`lastpk` mediumblob,
	PRIMARY KEY (`id`),
	KEY `vrepl_id` (`vrepl_id`, `table_name`)
) ENGINE InnoDB,
  CHARSET utf8mb4 for table _vt.copy_state (vreplication) during sidecar database initialization
[2m2026-09-26 16:33:49.556 UTC[0m [92mINF[0m [2mvttest/local_cluster.go:609[0m ExecuteFetch(): "show create table _vt.post_copy_action"
[2m2026-09-26 16:33:49.556 UTC[0m [92mINF[0m [2msidecardb/sidecardb.go:469[0m Applying DDL for table post_copy_action:
CREATE TABLE IF NOT EXISTS `_vt`.`post_copy_action` (
	`id` bigint NOT NULL AUTO_INCREMENT,
	`vrepl_id` int NOT NULL,
	`table_name` varbinary(128) NOT NULL,
	`action` json NOT NULL,
	UNIQUE KEY `vrepl_id` (`vrepl_id`, `table_name`),
	PRIMARY KEY (`id`)
) ENGINE InnoDB,
  CHARSET utf8mb4
[2m2026-09-26 16:33:49.557 UTC[0m [92mINF[0m [2mvttest/local_cluster.go:588[0m Execute(): "use _vt"
[2m2026-09-26 16:33:49.558 UTC[0m [92mINF[0m [2mvttest/local_cluster.go:609[0m ExecuteFetch(): "CREATE TABLE IF NOT EXISTS `_vt`.`post_copy_action` (
	`id` bigint NOT NULL AUTO_INCREMENT,
	`vrepl_id` int NOT NULL,
	`table_name` varbinary(128) NOT NULL,
	`action` json NOT NULL,
	UNIQUE KEY `vrepl_id` (`vrepl_id`, `table_name`),
	PRIMARY KEY (`id`)
) ENGINE InnoDB,
  CHARSET utf8mb4"
[2m2026-09-26 16:33:49.565 UTC[0m [92mINF[0m [2msidecardb/sidecardb.go:516[0m Applied DDL CREATE TABLE IF NOT EXISTS `_vt`.`post_copy_action` (
	`id` bigint NOT NULL AUTO_INCREMENT,
	`vrepl_id` int NOT NULL,
	`table_name` varbinary(128) NOT NULL,
	`action` json NOT NULL,
	UNIQUE KEY `vrepl_id` (`vrepl_id`, `table_name`),
	PRIMARY KEY (`id`)
) ENGINE InnoDB,
  CHARSET utf8mb4 for table _vt.post_copy_action (vreplication) during sidecar database initialization
[2m2026-09-26 16:33:49.566 UTC[0m [92mINF[0m [2mvttest/local_cluster.go:609[0m ExecuteFetch(): "show create table _vt.resharding_journal"
[2m2026-09-26 16:33:49.566 UTC[0m [92mINF[0m [2msidecardb/sidecardb.go:469[0m Applying DDL for table resharding_journal:
CREATE TABLE IF NOT EXISTS `_vt`.`resharding_journal` (
	`id` bigint NOT NULL,
	`db_name` varbinary(255),
	`val` longblob,
	PRIMARY KEY (`id`)
) ENGINE InnoDB,
  CHARSET utf8mb4
[2m2026-09-26 16:33:49.566 UTC[0m [92mINF[0m [2mvttest/local_cluster.go:588[0m Execute(): "use _vt"
[2m2026-09-26 16:33:49.567 UTC[0m [92mINF[0m [2mvttest/local_cluster.go:609[0m ExecuteFetch(): "CREATE TABLE IF NOT EXISTS `_vt`.`resharding_journal` (
	`id` bigint NOT NULL,
	`db_name` varbinary(255),
	`val` longblob,
	PRIMARY KEY (`id`)
) ENGINE InnoDB,
  CHARSET utf8mb4"
[2m2026-09-26 16:33:49.573 UTC[0m [92mINF[0m [2msidecardb/sidecardb.go:516[0m Applied DDL CREATE TABLE IF NOT EXISTS `_vt`.`resharding_journal` (
	`id` bigint NOT NULL,
	`db_name` varbinary(255),
	`val` longblob,
	PRIMARY KEY (`id`)
) ENGINE InnoDB,
  CHARSET utf8mb4 for table _vt.resharding_journal (vreplication) during sidecar database initialization
[2m2026-09-26 16:33:49.573 UTC[0m [92mINF[0m [2mvttest/local_cluster.go:609[0m ExecuteFetch(): "show create table _vt.schema_version"
[2m2026-09-26 16:33:49.573 UTC[0m [92mINF[0m [2msidecardb/sidecardb.go:469[0m Applying DDL for table schema_version:
CREATE TABLE IF NOT EXISTS `_vt`.`schema_version` (
	`id` int NOT NULL AUTO_INCREMENT,
	`pos` longblob NOT NULL,
	`time_updated` bigint NOT NULL,
	`ddl` blob,
	`schemax` longblob NOT NULL,
	PRIMARY KEY (`id`)
) ENGINE InnoDB,
  CHARSET utf8mb4
[2m2026-09-26 16:33:49.574 UTC[0m [92mINF[0m [2mvttest/local_cluster.go:588[0m Execute(): "use _vt"
[2m2026-09-26 16:33:49.575 UTC[0m [92mINF[0m [2mvttest/local_cluster.go:609[0m ExecuteFetch(): "CREATE TABLE IF NOT EXISTS `_vt`.`schema_version` (
	`id` int NOT NULL AUTO_INCREMENT,
	`pos` longblob NOT NULL,
	`time_updated` bigint NOT NULL,
	`ddl` blob,
	`schemax` longblob NOT NULL,
	PRIMARY KEY (`id`)
) ENGINE InnoDB,
  CHARSET utf8mb4"
[2m2026-09-26 16:33:49.580 UTC[0m [92mINF[0m [2msidecardb/sidecardb.go:516[0m Applied DDL CREATE TABLE IF NOT EXISTS `_vt`.`schema_version` (
	`id` int NOT NULL AUTO_INCREMENT,
	`pos` longblob NOT NULL,
	`time_updated` bigint NOT NULL,
	`ddl` blob,
	`schemax` longblob NOT NULL,
	PRIMARY KEY (`id`)
) ENGINE InnoDB,
  CHARSET utf8mb4 for table _vt.schema_version (vreplication) during sidecar database initialization
[2m2026-09-26 16:33:49.581 UTC[0m [92mINF[0m [2mvttest/local_cluster.go:609[0m ExecuteFetch(): "show create table _vt.vreplication"
[2m2026-09-26 16:33:49.581 UTC[0m [92mINF[0m [2msidecardb/sidecardb.go:469[0m Applying DDL for table vreplication:
CREATE TABLE IF NOT EXISTS `_vt`.`vreplication` (
	`id` int NOT NULL AUTO_INCREMENT,
	`workflow` varbinary(1000),
	`source` mediumblob NOT NULL,
	`pos` longblob NOT NULL,
	`stop_pos` longblob,
	`max_tps` bigint NOT NULL,
	`max_replication_lag` bigint NOT NULL,
	`cell` varbinary(1000),
	`tablet_types` varbinary(100),
	`time_updated` bigint NOT NULL,
	`transaction_timestamp` bigint NOT NULL,
	`state` varbinary(100) NOT NULL,
	`message` varbinary(1000),
	`db_name` varbinary(255) NOT NULL,
	`rows_copied` bigint NOT NULL DEFAULT '0',
	`tags` varbinary(1024) NOT NULL DEFAULT '',
	`time_heartbeat` bigint NOT NULL DEFAULT '0',
	`workflow_type` int NOT NULL DEFAULT '0',
	`time_throttled` bigint NOT NULL DEFAULT '0',
	`component_throttled` varchar(255) NOT NULL DEFAULT '',
	`reason_throttled` varchar(1000) NOT NULL DEFAULT '',
	`workflow_sub_type` int NOT NULL DEFAULT '0',
	`defer_secondary_keys` tinyint(1) NOT NULL DEFAULT '0',
	`options` json NOT NULL,
	PRIMARY KEY (`id`),
	KEY `workflow_idx` (`workflow`(64))
) ENGINE InnoDB,
  CHARSET utf8mb4
[2m2026-09-26 16:33:49.582 UTC[0m [92mINF[0m [2mvttest/local_cluster.go:588[0m Execute(): "use _vt"
[2m2026-09-26 16:33:49.582 UTC[0m [92mINF[0m [2mvttest/local_cluster.go:609[0m ExecuteFetch(): "CREATE TABLE IF NOT EXISTS `_vt`.`vreplication` (
	`id` int NOT NULL AUTO_INCREMENT,
	`workflow` varbinary(1000),
	`source` mediumblob NOT NULL,
	`pos` longblob NOT NULL,
	`stop_pos` longblob,
	`max_tps` bigint NOT NULL,
	`max_replication_lag` bigint NOT NULL,
	`cell` varbinary(1000),
	`tablet_types` varbinary(100),
	`time_updated` bigint NOT NULL,
	`transaction_timestamp` bigint NOT NULL,
	`state` varbinary(100) NOT NULL,
	`message` varbinary(1000),
	`db_name` varbinary(255) NOT NULL,
	`rows_copied` bigint NOT NULL DEFAULT '0',
	`tags` varbinary(1024) NOT NULL DEFAULT '',
	`time_heartbeat` bigint NOT NULL DEFAULT '0',
	`workflow_type` int NOT NULL DEFAULT '0',
	`time_throttled` bigint NOT NULL DEFAULT '0',
	`component_throttled` varchar(255) NOT NULL DEFAULT '',
	`reason_throttled` varchar(1000) NOT NULL DEFAULT '',
	`workflow_sub_type` int NOT NULL DEFAULT '0',
	`defer_secondary_keys` tinyint(1) NOT NULL DEFAULT '0',
	`options` json NOT NULL,
	PRIMARY KEY (`id`),
	KEY `workflow_idx` (`workflow`(64))
) ENGINE InnoDB,
  CHARSET utf8mb4"
[2m2026-09-26 16:33:49.591 UTC[0m [92mINF[0m [2msidecardb/sidecardb.go:516[0m Applied DDL CREATE TABLE IF NOT EXISTS `_vt`.`vreplication` (
	`id` int NOT NULL AUTO_INCREMENT,
	`workflow` varbinary(1000),
	`source` mediumblob NOT NULL,
	`pos` longblob NOT NULL,
	`stop_pos` longblob,
	`max_tps` bigint NOT NULL,
	`max_replication_lag` bigint NOT NULL,
	`cell` varbinary(1000),
	`tablet_types` varbinary(100),
	`time_updated` bigint NOT NULL,
	`transaction_timestamp` bigint NOT NULL,
	`state` varbinary(100) NOT NULL,
	`message` varbinary(1000),
	`db_name` varbinary(255) NOT NULL,
	`rows_copied` bigint NOT NULL DEFAULT '0',
	`tags` varbinary(1024) NOT NULL DEFAULT '',
	`time_heartbeat` bigint NOT NULL DEFAULT '0',
	`workflow_type` int NOT NULL DEFAULT '0',
	`time_throttled` bigint NOT NULL DEFAULT '0',
	`component_throttled` varchar(255) NOT NULL DEFAULT '',
	`reason_throttled` varchar(1000) NOT NULL DEFAULT '',
	`workflow_sub_type` int NOT NULL DEFAULT '0',
	`defer_secondary_keys` tinyint(1) NOT NULL DEFAULT '0',
	`options` json NOT NULL,
	PRIMARY KEY (`id`),
	KEY `workflow_idx` (`workflow`(64))
) ENGINE InnoDB,
  CHARSET utf8mb4 for table _vt.vreplication (vreplication) during sidecar database initialization
[2m2026-09-26 16:33:49.591 UTC[0m [92mINF[0m [2mvttest/local_cluster.go:609[0m ExecuteFetch(): "show create table _vt.vreplication_log"
[2m2026-09-26 16:33:49.592 UTC[0m [92mINF[0m [2msidecardb/sidecardb.go:469[0m Applying DDL for table vreplication_log:
CREATE TABLE IF NOT EXISTS `_vt`.`vreplication_log` (
	`id` bigint NOT NULL AUTO_INCREMENT,
	`vrepl_id` int NOT NULL,
	`type` varbinary(256) NOT NULL,
	`state` varbinary(100) NOT NULL,
	`created_at` timestamp NULL DEFAULT current_timestamp(),
	`updated_at` timestamp NULL DEFAULT current_timestamp() ON UPDATE current_timestamp(),
	`message` text NOT NULL,
	`count` bigint NOT NULL DEFAULT '1',
	PRIMARY KEY (`id`),
	KEY `vrepl_id_idx` (`vrepl_id`)
) ENGINE InnoDB,
  CHARSET utf8mb4
[2m2026-09-26 16:33:49.592 UTC[0m [92mINF[0m [2mvttest/local_cluster.go:588[0m Execute(): "use _vt"
[2m2026-09-26 16:33:49.593 UTC[0m [92mINF[0m [2mvttest/local_cluster.go:609[0m ExecuteFetch(): "CREATE TABLE IF NOT EXISTS `_vt`.`vreplication_log` (
	`id` bigint NOT NULL AUTO_INCREMENT,
	`vrepl_id` int NOT NULL,
	`type` varbinary(256) NOT NULL,
	`state` varbinary(100) NOT NULL,
	`created_at` timestamp NULL DEFAULT current_timestamp(),
	`updated_at` timestamp NULL DEFAULT current_timestamp() ON UPDATE current_timestamp(),
	`message` text NOT NULL,
	`count` bigint NOT NULL DEFAULT '1',
	PRIMARY KEY (`id`),
	KEY `vrepl_id_idx` (`vrepl_id`)
) ENGINE InnoDB,
  CHARSET utf8mb4"
[2m2026-09-26 16:33:49.601 UTC[0m [92mINF[0m [2msidecardb/sidecardb.go:516[0m Applied DDL CREATE TABLE IF NOT EXISTS `_vt`.`vreplication_log` (
	`id` bigint NOT NULL AUTO_INCREMENT,
	`vrepl_id` int NOT NULL,
	`type` varbinary(256) NOT NULL,
	`state` varbinary(100) NOT NULL,
	`created_at` timestamp NULL DEFAULT current_timestamp(),
	`updated_at` timestamp NULL DEFAULT current_timestamp() ON UPDATE current_timestamp(),
	`message` text NOT NULL,
	`count` bigint NOT NULL DEFAULT '1',
	PRIMARY KEY (`id`),
	KEY `vrepl_id_idx` (`vrepl_id`)
) ENGINE InnoDB,
  CHARSET utf8mb4 for table _vt.vreplication_log (vreplication) during sidecar database initialization
[2m2026-09-26 16:33:49.601 UTC[0m [92mINF[0m [2mvttest/local_cluster.go:609[0m ExecuteFetch(): "set @@session.sql_mode='ONLY_FULL_GROUP_BY,STRICT_TRANS_TABLES,NO_ZERO_IN_DATE,NO_ZERO_DATE,ERROR_FOR_DIVISION_BY_ZERO,NO_ENGINE_SUBSTITUTION'"
[2m2026-09-26 16:33:49.601 UTC[0m [92mINF[0m [2mvttest/local_cluster.go:588[0m Execute(): "create database `vttest`"
[2m2026-09-26 16:33:49.603 UTC[0m [92mINF[0m [2mvttest/local_cluster.go:393[0m MySQL up: {"Host":"","Port":0,"Uname":"vt_dba","Pass":"","DbName":"","UnixSocket":"/home/vt/v4btest/data/vttest1288942165/vt_0000000001/mysql.sock","Charset":0,"Flags":0,"Flavor":"","SslMode":"","SslCa":"","SslCaPath":"","SslCert":"","SslCrl":"","SslKey":"","TLSMinVersion":"","ServerName":"","ConnectTimeoutMs":0,"DisableClientDeprecateEOF":false,"EnableQueryInfo":false,"FlushDelay":0,"TruncateErrLen":0,"MultiQuery":false}
[2m2026-09-26 16:33:49.603 UTC[0m [92mINF[0m [2mvttest/local_cluster.go:405[0m Mysql data directory does not exist. Initializing cluster with database and vschema migrations...
[2m2026-09-26 16:33:49.617 UTC[0m [92mINF[0m [2mmysqlctl/mysqld.go:345[0m Using flavor: mysql, version: {8 0 46}
[2m2026-09-26 16:33:49.618 UTC[0m [92mINF[0m [2mschema/engine.go:253[0m Schema Engine: opening
[2m2026-09-26 16:33:49.625 UTC[0m [92mINF[0m [2mtopo/vschema.go:73[0m successfully updated vschema for keyspace vttest: sharded:true
[2m2026-09-26 16:33:49.627 UTC[0m [92mINF[0m [2mmysqlctl/query.go:107[0m exec set @@binlog_row_image='minimal'
[2m2026-09-26 16:33:49.627 UTC[0m [92mINF[0m [2mmysqlctl/query.go:107[0m exec set @@session.binlog_row_image='minimal'
[2m2026-09-26 16:33:49.628 UTC[0m [92mINF[0m [2mmysqlctl/query.go:107[0m exec set @@global.binlog_row_image='minimal'
[2m2026-09-26 16:33:49.628 UTC[0m [92mINF[0m [2mvstreamer/engine.go:171[0m VStreamer: opening
[2m2026-09-26 16:33:49.629 UTC[0m [92mINF[0m [2mvstreamer/engine.go:205[0m VStreamer: closed
[2m2026-09-26 16:33:49.629 UTC[0m [92mINF[0m [2mschema/engine.go:308[0m Schema Engine: closed
--- PASS: TestMinimalMode (4.85s)
=== RUN   TestStatementMode
[2m2026-09-26 16:33:50.676 UTC[0m [92mINF[0m [2mmysqlctl/query.go:107[0m exec create table stream1(id int, val varbinary(128), primary key(id))
[2m2026-09-26 16:33:50.683 UTC[0m [92mINF[0m [2mmysqlctl/query.go:107[0m exec create table stream2(id int, val varbinary(128), primary key(id))
[2m2026-09-26 16:33:50.688 UTC[0m [92mINF[0m [2mvstreamer/main_test.go:137[0m Starting to run test cases
[2m2026-09-26 16:33:50.689 UTC[0m [92mINF[0m [2mmysqlctl/query.go:107[0m exec set @@session.binlog_format='STATEMENT'
[2m2026-09-26 16:33:50.689 UTC[0m [92mINF[0m [2mmysqlctl/query.go:107[0m exec begin
[2m2026-09-26 16:33:50.689 UTC[0m [92mINF[0m [2mmysqlctl/query.go:107[0m exec insert into stream1 values (1, 'aaa')
[2m2026-09-26 16:33:50.689 UTC[0m [92mINF[0m [2mvstreamer/uvstreamer.go:447[0m Stream() called
[2m2026-09-26 16:33:50.690 UTC[0m [92mINF[0m [2mvstreamer/vstreamer.go:258[0m Starting Stream() with startPos MySQL56/f31d99a9-b9c7-11f1-8aa7-02fc00000001:1-455
[2m2026-09-26 16:33:50.690 UTC[0m [92mINF[0m [2mmysqlctl/query.go:107[0m exec update stream1 set val='bbb' where id = 1
[2m2026-09-26 16:33:50.691 UTC[0m [92mINF[0m [2mmysqlctl/query.go:107[0m exec delete from stream1 where id = 1
[2m2026-09-26 16:33:50.691 UTC[0m [92mINF[0m [2mmysqlctl/query.go:107[0m exec commit
[2m2026-09-26 16:33:50.691 UTC[0m [92mINF[0m [2mmysqlctl/query.go:107[0m exec set @@session.binlog_format='ROW'
[2m2026-09-26 16:33:50.692 UTC[0m [92mINF[0m [2mbinlog/binlog_connection.go:118[0m new binlog connection: serverID=1980439035
[2m2026-09-26 16:33:50.692 UTC[0m [92mINF[0m [2mbinlog/binlog_connection.go:169[0m sending binlog dump command: startPos=f31d99a9-b9c7-11f1-8aa7-02fc00000001:1-455, serverID=1980439035
[2m2026-09-26 16:33:50.692 UTC[0m [92mINF[0m [2mvstreamer/main_test.go:332[0m Received events: [type:BEGIN timestamp:1790440430 current_time:1790440430692696557 keyspace:"vttest" shard:"0" commit_parent:455 sequence_number:456 event_gtid:"f31d99a9-b9c7-11f1-8aa7-02fc00000001:456" type:INSERT timestamp:1790440430 dml:"insert into stream1 values (1, 'aaa')" current_time:1790440430692711961 keyspace:"vttest" shard:"0" commit_parent:455 sequence_number:456 event_gtid:"f31d99a9-b9c7-11f1-8aa7-02fc00000001:456" type:UPDATE timestamp:1790440430 dml:"update stream1 set val='bbb' where id = 1" current_time:1790440430692714336 keyspace:"vttest" shard:"0" commit_parent:455 sequence_number:456 event_gtid:"f31d99a9-b9c7-11f1-8aa7-02fc00000001:456" type:DELETE timestamp:1790440430 dml:"delete from stream1 where id = 1" current_time:1790440430692715356 keyspace:"vttest" shard:"0" commit_parent:455 sequence_number:456 event_gtid:"f31d99a9-b9c7-11f1-8aa7-02fc00000001:456" type:GTID timestamp:1790440430 gtid:"MySQL56/f31d99a9-b9c7-11f1-8aa7-02fc00000001:1-456" current_time:1790440430692716490 keyspace:"vttest" shard:"0" commit_parent:455 sequence_number:456 event_gtid:"f31d99a9-b9c7-11f1-8aa7-02fc00000001:456" type:COMMIT timestamp:1790440430 current_time:1790440430692716490 keyspace:"vttest" shard:"0" commit_parent:455 sequence_number:456 event_gtid:"f31d99a9-b9c7-11f1-8aa7-02fc00000001:456"]
[2m2026-09-26 16:33:50.699 UTC[0m [92mINF[0m [2mschema/engine.go:640[0m schema engine created [stream1 stream2], altered [], dropped []
[2m2026-09-26 16:33:50.699 UTC[0m [92mINF[0m [2mvstreamer/vstreamer.go:1777[0m stream (at source tablet) ended @ (including the GTID we failed to process) f31d99a9-b9c7-11f1-8aa7-02fc00000001:1-456
[2m2026-09-26 16:33:50.699 UTC[0m [92mINF[0m [2mbinlog/binlog_connection.go:331[0m closing binlog socket to unblock reads
[2m2026-09-26 16:33:50.699 UTC[0m [92mINF[0m [2mbinlog/binlog_connection.go:206[0m connection closed during binlog stream (possibly intentional): read unix @->/home/vt/v4btest/data/vttest1035440681/vt_0000000001/mysql.sock: use of closed network connection
io.ReadFull(header size) failed (errno 2013) (sqlstate HY000)
[2m2026-09-26 16:33:50.699 UTC[0m [92mINF[0m [2mbinlog/binlog_connection.go:339[0m waiting for binlog dump thread to end
[2m2026-09-26 16:33:50.699 UTC[0m [92mINF[0m [2mbinlog/binlog_connection.go:345[0m closing binlog MySQL client with serverID 1980439035. Will recycle ID.
[2m2026-09-26 16:33:50.699 UTC[0m [92mINF[0m [2mvstreamer/main_test.go:154[0m Last line of runCases
[2m2026-09-26 16:33:50.700 UTC[0m [92mINF[0m [2mmysqlctl/query.go:107[0m exec drop table stream1
[2m2026-09-26 16:33:50.703 UTC[0m [92mINF[0m [2mmysqlctl/query.go:107[0m exec drop table stream2
--- PASS: TestStatementMode (0.03s)
=== RUN   TestRowsQueryEvent
[2m2026-09-26 16:33:50.709 UTC[0m [92mINF[0m [2mmysqlctl/query.go:107[0m exec create table rq_test(id int, val varbinary(600), primary key(id))
[2m2026-09-26 16:33:50.717 UTC[0m [92mINF[0m [2mvstreamer/main_test.go:137[0m Starting to run test cases
[2m2026-09-26 16:33:50.717 UTC[0m [92mINF[0m [2mmysqlctl/query.go:107[0m exec set @@session.binlog_rows_query_log_events=ON
[2m2026-09-26 16:33:50.717 UTC[0m [92mINF[0m [2mmysqlctl/query.go:107[0m exec begin
[2m2026-09-26 16:33:50.718 UTC[0m [92mINF[0m [2mmysqlctl/query.go:107[0m exec insert into rq_test values (1, 'aaa')
[2m2026-09-26 16:33:50.718 UTC[0m [92mINF[0m [2mvstreamer/uvstreamer.go:447[0m Stream() called
[2m2026-09-26 16:33:50.718 UTC[0m [92mINF[0m [2mmysqlctl/query.go:107[0m exec commit
[2m2026-09-26 16:33:50.719 UTC[0m [92mINF[0m [2mmysqlctl/query.go:107[0m exec set @@session.binlog_rows_query_log_events=OFF
[2m2026-09-26 16:33:50.719 UTC[0m [92mINF[0m [2mvstreamer/vstreamer.go:258[0m Starting Stream() with startPos MySQL56/f31d99a9-b9c7-11f1-8aa7-02fc00000001:1-459
[2m2026-09-26 16:33:50.720 UTC[0m [92mINF[0m [2mbinlog/binlog_connection.go:118[0m new binlog connection: serverID=1980439035
[2m2026-09-26 16:33:50.720 UTC[0m [92mINF[0m [2mbinlog/binlog_connection.go:169[0m sending binlog dump command: startPos=f31d99a9-b9c7-11f1-8aa7-02fc00000001:1-459, serverID=1980439035
[2m2026-09-26 16:33:50.723 UTC[0m [92mINF[0m [2mschema/engine.go:640[0m schema engine created [rq_test], altered [], dropped [stream1 stream2]
[2m2026-09-26 16:33:50.726 UTC[0m [92mINF[0m [2mvstreamer/main_test.go:332[0m Received events: [type:BEGIN timestamp:1790440430 current_time:1790440430720461497 keyspace:"vttest" shard:"0" commit_parent:459 sequence_number:460 event_gtid:"f31d99a9-b9c7-11f1-8aa7-02fc00000001:460" type:ROWS_QUERY timestamp:1790440430 statement:"insert into rq_test values (1, 'aaa')" current_time:1790440430720475230 keyspace:"vttest" shard:"0" commit_parent:459 sequence_number:460 event_gtid:"f31d99a9-b9c7-11f1-8aa7-02fc00000001:460" type:FIELD timestamp:1790440430 field_event:{table_name:"rq_test" fields:{name:"id" type:INT32 table:"rq_test" org_table:"rq_test" database:"vttest" org_name:"id" column_length:11 charset:63 flags:53251 column_type:"int"} fields:{name:"val" type:VARBINARY table:"rq_test" org_table:"rq_test" database:"vttest" org_name:"val" column_length:600 charset:63 flags:128 column_type:"varbinary(600)"} keyspace:"vttest" shard:"0"} current_time:1790440430720476914 keyspace:"vttest" shard:"0" commit_parent:459 sequence_number:460 event_gtid:"f31d99a9-b9c7-11f1-8aa7-02fc00000001:460" type:ROW timestamp:1790440430 row_event:{table_name:"rq_test" row_changes:{after:{lengths:1 lengths:3 values:"1aaa"}} keyspace:"vttest" shard:"0" flags:3} current_time:1790440430726720449 keyspace:"vttest" shard:"0" commit_parent:459 sequence_number:460 event_gtid:"f31d99a9-b9c7-11f1-8aa7-02fc00000001:460" type:GTID timestamp:1790440430 gtid:"MySQL56/f31d99a9-b9c7-11f1-8aa7-02fc00000001:1-460" current_time:1790440430726730980 keyspace:"vttest" shard:"0" commit_parent:459 sequence_number:460 event_gtid:"f31d99a9-b9c7-11f1-8aa7-02fc00000001:460" type:COMMIT timestamp:1790440430 current_time:1790440430726730980 keyspace:"vttest" shard:"0" commit_parent:459 sequence_number:460 event_gtid:"f31d99a9-b9c7-11f1-8aa7-02fc00000001:460"]
[2m2026-09-26 16:33:50.727 UTC[0m [92mINF[0m [2mmysqlctl/query.go:107[0m exec set @@session.binlog_rows_query_log_events=ON
[2m2026-09-26 16:33:50.727 UTC[0m [92mINF[0m [2mmysqlctl/query.go:107[0m exec begin
[2m2026-09-26 16:33:50.727 UTC[0m [92mINF[0m [2mmysqlctl/query.go:107[0m exec insert into rq_test values (2, 'aaaaaaaaaaaaaaaaaaaaaaaaaaaaaaaaaaaaaaaaaaaaaaaaaaaaaaaaaaaaaaaaaaaaaaaaaaaaaaaaaaaaaaaaaaaaaaaaaaaaaaaaaaaaaaaaaaaaaaaaaaaaaaaaaaaaaaaaaaaaaaaaaaaaaaaaaaaaaaaaaaaaaaaa
[2m2026-09-26 16:33:50.727 UTC[0m [92mINF[0m [2mmysqlctl/query.go:107[0m exec commit
[2m2026-09-26 16:33:50.728 UTC[0m [92mINF[0m [2mmysqlctl/query.go:107[0m exec set @@session.binlog_rows_query_log_events=OFF
[2m2026-09-26 16:33:50.728 UTC[0m [92mINF[0m [2mvstreamer/main_test.go:332[0m Received events: [type:BEGIN timestamp:1790440430 current_time:1790440430728072307 keyspace:"vttest" shard:"0" commit_parent:460 sequence_number:461 event_gtid:"f31d99a9-b9c7-11f1-8aa7-02fc00000001:461" type:ROWS_QUERY timestamp:1790440430 statement:"insert into rq_test values (2, 'aaaaaaaaaaaaaaaaaaaaaaaaaaaaaaaaaaaaaaaaaaaaaaaaaaaaaaaaaaaaaaaaaaaaaaaaaaaaaaaaaaaaaaaaaaaaaaaaaaaaaaaaaaaaaaaaaaaaaaaaaaaaaaaaaaaaaaaaaaaaaaaaaaaaaaaaaaaaaaaaaaaaaaaaaaaaaaaaaaaaaaaaaaaaaaaaaaaaaaaaaaaaaaaaaaaaaaaaaaaaaaaaaaaaaaaaaaaaaaaaaaaaaaaaaaaaaaaaaaaaaaaaaaaaaaaaaaaaaaaaaaaaaaaaaaaaaaaaaaaaaaaaaaaaaaaaaaaaaaaaaaaaaaaaaaaaaaaaaaaaaaaaaaaaaaaaaaaaaaaaaaaaaaaaaaaaaaaaaaaaaaaaaaaaaaaaaaaaaaaaaaaaaaaaaaaaaaaaaaaaaaaaaaaaaaaaaaaaaaaaaaaaaaaaaaaaaaaaaaaaaaaaaaaaaaaaaaaaaaaaaaaaaaaaaaaaaaaaaaaa')" current_time:1790440430728107672 keyspace:"vttest" shard:"0" commit_parent:460 sequence_number:461 event_gtid:"f31d99a9-b9c7-11f1-8aa7-02fc00000001:461" type:ROW timestamp:1790440430 row_event:{table_name:"rq_test" row_changes:{after:{lengths:1 lengths:500 values:"2aaaaaaaaaaaaaaaaaaaaaaaaaaaaaaaaaaaaaaaaaaaaaaaaaaaaaaaaaaaaaaaaaaaaaaaaaaaaaaaaaaaaaaaaaaaaaaaaaaaaaaaaaaaaaaaaaaaaaaaaaaaaaaaaaaaaaaaaaaaaaaaaaaaaaaaaaaaaaaaaaaaaaaaaaaaaaaaaaaaaaaaaaaaaaaaaaaaaaaaaaaaaaaaaaaaaaaaaaaaaaaaaaaaaaaaaaaaaaaaaaaaaaaaaaaaaaaaaaaaaaaaaaaaaaaaaaaaaaaaaaaaaaaaaaaaaaaaaaaaaaaaaaaaaaaaaaaaaaaaaaaaaaaaaaaaaaaaaaaaaaaaaaaaaaaaaaaaaaaaaaaaaaaaaaaaaaaaaaaaaaaaaaaaaaaaaaaaaaaaaaaaaaaaaaaaaaaaaaaaaaaaaaaaaaaaaaaaaaaaaaaaaaaaaaaaaaaaaaaaaaaaaaaaaaaaaaaaaaaaaaaaaaaaaaaaaaaaaaaaa"}} keyspace:"vttest" shard:"0" flags:3} current_time:1790440430728112317 keyspace:"vttest" shard:"0" commit_parent:460 sequence_number:461 event_gtid:"f31d99a9-b9c7-11f1-8aa7-02fc00000001:461" type:GTID timestamp:1790440430 gtid:"MySQL56/f31d99a9-b9c7-11f1-8aa7-02fc00000001:1-461" current_time:1790440430728118515 keyspace:"vttest" shard:"0" commit_parent:460 sequence_number:461 event_gtid:"f31d99a9-b9c7-11f1-8aa7-02fc00000001:461" type:COMMIT timestamp:1790440430 current_time:1790440430728118515 keyspace:"vttest" shard:"0" commit_parent:460 sequence_number:461 event_gtid:"f31d99a9-b9c7-11f1-8aa7-02fc00000001:461"]
[2m2026-09-26 16:33:50.731 UTC[0m [92mINF[0m [2mschema/engine.go:640[0m schema engine created [], altered [rq_test], dropped []
[2m2026-09-26 16:33:50.731 UTC[0m [92mINF[0m [2mvstreamer/vstreamer.go:1777[0m stream (at source tablet) ended @ (including the GTID we failed to process) f31d99a9-b9c7-11f1-8aa7-02fc00000001:1-461
[2m2026-09-26 16:33:50.731 UTC[0m [92mINF[0m [2mbinlog/binlog_connection.go:331[0m closing binlog socket to unblock reads
[2m2026-09-26 16:33:50.731 UTC[0m [92mINF[0m [2mbinlog/binlog_connection.go:206[0m connection closed during binlog stream (possibly intentional): read unix @->/home/vt/v4btest/data/vttest1035440681/vt_0000000001/mysql.sock: use of closed network connection
io.ReadFull(header size) failed (errno 2013) (sqlstate HY000)
[2m2026-09-26 16:33:50.731 UTC[0m [92mINF[0m [2mbinlog/binlog_connection.go:339[0m waiting for binlog dump thread to end
[2m2026-09-26 16:33:50.731 UTC[0m [92mINF[0m [2mbinlog/binlog_connection.go:345[0m closing binlog MySQL client with serverID 1980439035. Will recycle ID.
[2m2026-09-26 16:33:50.731 UTC[0m [92mINF[0m [2mvstreamer/main_test.go:154[0m Last line of runCases
[2m2026-09-26 16:33:50.731 UTC[0m [92mINF[0m [2mmysqlctl/query.go:107[0m exec drop table rq_test
--- PASS: TestRowsQueryEvent (0.03s)
=== RUN   TestHeartbeat
[2m2026-09-26 16:33:50.736 UTC[0m [92mINF[0m [2mvstreamer/uvstreamer.go:447[0m Stream() called
[2m2026-09-26 16:33:50.737 UTC[0m [92mINF[0m [2mvstreamer/vstreamer.go:258[0m Starting Stream() with startPos MySQL56/f31d99a9-b9c7-11f1-8aa7-02fc00000001:1-462
[2m2026-09-26 16:33:50.737 UTC[0m [92mINF[0m [2mbinlog/binlog_connection.go:118[0m new binlog connection: serverID=1980439035
[2m2026-09-26 16:33:50.738 UTC[0m [92mINF[0m [2mbinlog/binlog_connection.go:169[0m sending binlog dump command: startPos=f31d99a9-b9c7-11f1-8aa7-02fc00000001:1-462, serverID=1980439035
[2m2026-09-26 16:33:51.639 UTC[0m [92mINF[0m [2mvstreamer/main_test.go:332[0m Received events: [type:HEARTBEAT timestamp:1790440431 current_time:1790440431639393735 keyspace:"vttest" shard:"0"]
[2m2026-09-26 16:33:51.639 UTC[0m [92mINF[0m [2mvstreamer/vstreamer.go:1777[0m stream (at source tablet) ended @ (including the GTID we failed to process) f31d99a9-b9c7-11f1-8aa7-02fc00000001:1-462
[2m2026-09-26 16:33:51.639 UTC[0m [92mINF[0m [2mbinlog/binlog_connection.go:331[0m closing binlog socket to unblock reads
[2m2026-09-26 16:33:51.639 UTC[0m [92mINF[0m [2mbinlog/binlog_connection.go:206[0m connection closed during binlog stream (possibly intentional): read unix @->/home/vt/v4btest/data/vttest1035440681/vt_0000000001/mysql.sock: use of closed network connection
io.ReadFull(header size) failed (errno 2013) (sqlstate HY000)
[2m2026-09-26 16:33:51.639 UTC[0m [92mINF[0m [2mbinlog/binlog_connection.go:339[0m waiting for binlog dump thread to end
[2m2026-09-26 16:33:51.639 UTC[0m [92mINF[0m [2mbinlog/binlog_connection.go:345[0m closing binlog MySQL client with serverID 1980439035. Will recycle ID.
--- PASS: TestHeartbeat (0.90s)
=== RUN   TestFullyThrottledTimeout
[2m2026-09-26 16:33:51.641 UTC[0m [92mINF[0m [2mvstreamer/uvstreamer.go:447[0m Stream() called
[2m2026-09-26 16:33:51.642 UTC[0m [92mINF[0m [2mvstreamer/vstreamer.go:258[0m Starting Stream() with startPos MySQL56/f31d99a9-b9c7-11f1-8aa7-02fc00000001:1-462
[2m2026-09-26 16:33:51.642 UTC[0m [92mINF[0m [2mbinlog/binlog_connection.go:118[0m new binlog connection: serverID=1980439035
[2m2026-09-26 16:33:51.642 UTC[0m [92mINF[0m [2mbinlog/binlog_connection.go:169[0m sending binlog dump command: startPos=f31d99a9-b9c7-11f1-8aa7-02fc00000001:1-462, serverID=1980439035
[2m2026-09-26 16:33:51.893 UTC[0m [92mINF[0m [2mvstreamer/vstreamer.go:513[0m cell1/vttest/0: vstreamer throttled: .
[2m2026-09-26 16:33:52.144 UTC[0m [91mERR[0m [2mvstreamer/vstreamer.go:1774[0m stream (at source tablet) error @ (including the GTID we failed to process) f31d99a9-b9c7-11f1-8aa7-02fc00000001:1-462: Code: INTERNAL
vstreamer has been fully throttled for more than 100ms, giving up so that we can retry

[2m2026-09-26 16:33:52.144 UTC[0m [92mINF[0m [2mbinlog/binlog_connection.go:331[0m closing binlog socket to unblock reads
[2m2026-09-26 16:33:52.144 UTC[0m [92mINF[0m [2mbinlog/binlog_connection.go:339[0m waiting for binlog dump thread to end
[2m2026-09-26 16:33:52.144 UTC[0m [92mINF[0m [2mbinlog/binlog_connection.go:206[0m connection closed during binlog stream (possibly intentional): read unix @->/home/vt/v4btest/data/vttest1035440681/vt_0000000001/mysql.sock: use of closed network connection
io.ReadFull(header size) failed (errno 2013) (sqlstate HY000)
[2m2026-09-26 16:33:52.144 UTC[0m [92mINF[0m [2mbinlog/binlog_connection.go:345[0m closing binlog MySQL client with serverID 1980439035. Will recycle ID.
    main_test.go:297: vstream returned error
--- PASS: TestFullyThrottledTimeout (0.50s)
=== RUN   TestVStreamerThrottledCounts
[2m2026-09-26 16:33:52.146 UTC[0m [92mINF[0m [2mvstreamer/uvstreamer.go:447[0m Stream() called
[2m2026-09-26 16:33:52.147 UTC[0m [92mINF[0m [2mvstreamer/vstreamer.go:258[0m Starting Stream() with startPos MySQL56/f31d99a9-b9c7-11f1-8aa7-02fc00000001:1-462
[2m2026-09-26 16:33:52.147 UTC[0m [92mINF[0m [2mbinlog/binlog_connection.go:118[0m new binlog connection: serverID=1980439035
[2m2026-09-26 16:33:52.147 UTC[0m [92mINF[0m [2mbinlog/binlog_connection.go:169[0m sending binlog dump command: startPos=f31d99a9-b9c7-11f1-8aa7-02fc00000001:1-462, serverID=1980439035
[2m2026-09-26 16:33:52.398 UTC[0m [92mINF[0m [2mvstreamer/vstreamer.go:513[0m cell1/vttest/0: vstreamer throttled: .
[2m2026-09-26 16:33:52.446 UTC[0m [92mINF[0m [2mvstreamer/vstreamer.go:1777[0m stream (at source tablet) ended @ (including the GTID we failed to process) f31d99a9-b9c7-11f1-8aa7-02fc00000001:1-462
[2m2026-09-26 16:33:52.446 UTC[0m [92mINF[0m [2mbinlog/binlog_connection.go:331[0m closing binlog socket to unblock reads
[2m2026-09-26 16:33:52.446 UTC[0m [92mINF[0m [2mbinlog/binlog_connection.go:206[0m connection closed during binlog stream (possibly intentional): read unix @->/home/vt/v4btest/data/vttest1035440681/vt_0000000001/mysql.sock: use of closed network connection
io.ReadFull(header size) failed (errno 2013) (sqlstate HY000)
[2m2026-09-26 16:33:52.446 UTC[0m [92mINF[0m [2mbinlog/binlog_connection.go:339[0m waiting for binlog dump thread to end
[2m2026-09-26 16:33:52.446 UTC[0m [92mINF[0m [2mbinlog/binlog_connection.go:345[0m closing binlog MySQL client with serverID 1980439035. Will recycle ID.
--- PASS: TestVStreamerThrottledCounts (0.30s)
=== RUN   TestNoFutureGTID
[2m2026-09-26 16:33:52.446 UTC[0m [92mINF[0m [2mmysqlctl/query.go:107[0m exec create table stream1(id int, val varbinary(128), primary key(id))
    vstreamer_test.go:2598: current position: MySQL56/f31d99a9-b9c7-11f1-8aa7-02fc00000001:1-463
    vstreamer_test.go:2605: future position: MySQL56/f31d99a9-b9c7-11f1-8aa7-02fc00000001:1-464
[2m2026-09-26 16:33:52.457 UTC[0m [92mINF[0m [2mvstreamer/uvstreamer.go:447[0m Stream() called
[2m2026-09-26 16:33:52.458 UTC[0m [92mINF[0m [2mmysqlctl/query.go:107[0m exec drop table stream1
--- PASS: TestNoFutureGTID (0.02s)
=== RUN   TestFilteredMultipleWhere
[2m2026-09-26 16:33:52.462 UTC[0m [92mINF[0m [2mmysqlctl/query.go:107[0m exec create table t1(id1 int, id2 int, id3 int, val varbinary(128), primary key(id1)) ENGINE=InnoDB CHARSET=utf8mb4
[2m2026-09-26 16:33:52.469 UTC[0m [92mINF[0m [2mtopo/vschema.go:73[0m successfully updated vschema for keyspace vttest: sharded:true vindexes:{key:"hash" value:{type:"hash"}} tables:{key:"t1" value:{column_vindexes:{column:"id1" name:"hash"}}}
[2m2026-09-26 16:33:52.475 UTC[0m [92mINF[0m [2mschema/engine.go:640[0m schema engine created [t1], altered [], dropped [rq_test]
[2m2026-09-26 16:33:52.485 UTC[0m [92mINF[0m [2mvstreamer/main_test.go:134[0m Starting stream with current position
[2m2026-09-26 16:33:52.486 UTC[0m [92mINF[0m [2mvstreamer/uvstreamer.go:447[0m Stream() called
[2m2026-09-26 16:33:52.487 UTC[0m [92mINF[0m [2mvstreamer/uvstreamer.go:363[0m sendEventsForCurrentPos
[2m2026-09-26 16:33:52.487 UTC[0m [92mINF[0m [2mvstreamer/main_test.go:332[0m Received events: [type:GTID gtid:"MySQL56/f31d99a9-b9c7-11f1-8aa7-02fc00000001:1-465" keyspace:"vttest" shard:"0" type:OTHER keyspace:"vttest" shard:"0"]
[2m2026-09-26 16:33:52.487 UTC[0m [92mINF[0m [2mvstreamer/vstreamer.go:258[0m Starting Stream() with startPos MySQL56/f31d99a9-b9c7-11f1-8aa7-02fc00000001:1-465
[2m2026-09-26 16:33:52.487 UTC[0m [92mINF[0m [2mvstreamer/main_test.go:137[0m Starting to run test cases
[2m2026-09-26 16:33:52.487 UTC[0m [92mINF[0m [2mmysqlctl/query.go:107[0m exec begin
[2m2026-09-26 16:33:52.488 UTC[0m [92mINF[0m [2mmysqlctl/query.go:107[0m exec insert into t1 values (1, 100, 1000, 'kepler')
[2m2026-09-26 16:33:52.488 UTC[0m [92mINF[0m [2mbinlog/binlog_connection.go:118[0m new binlog connection: serverID=1980439035
[2m2026-09-26 16:33:52.488 UTC[0m [92mINF[0m [2mbinlog/binlog_connection.go:169[0m sending binlog dump command: startPos=f31d99a9-b9c7-11f1-8aa7-02fc00000001:1-465, serverID=1980439035
[2m2026-09-26 16:33:52.488 UTC[0m [92mINF[0m [2mmysqlctl/query.go:107[0m exec insert into t1 values (2, 200, 1000, 'newton')
[2m2026-09-26 16:33:52.488 UTC[0m [92mINF[0m [2mmysqlctl/query.go:107[0m exec insert into t1 values (3, 100, 2000, 'kepler')
[2m2026-09-26 16:33:52.489 UTC[0m [92mINF[0m [2mmysqlctl/query.go:107[0m exec insert into t1 values (128, 200, 1000, 'newton')
[2m2026-09-26 16:33:52.489 UTC[0m [92mINF[0m [2mmysqlctl/query.go:107[0m exec insert into t1 values (5, 200, 2000, 'kepler')
[2m2026-09-26 16:33:52.489 UTC[0m [92mINF[0m [2mmysqlctl/query.go:107[0m exec insert into t1 values (129, 200, 1000, 'kepler')
[2m2026-09-26 16:33:52.489 UTC[0m [92mINF[0m [2mmysqlctl/query.go:107[0m exec commit
[2m2026-09-26 16:33:52.494 UTC[0m [92mINF[0m [2mschema/engine.go:640[0m schema engine created [], altered [t1], dropped []
[2m2026-09-26 16:33:52.497 UTC[0m [92mINF[0m [2mvstreamer/main_test.go:332[0m Received events: [type:BEGIN timestamp:1790440432 current_time:1790440432489985169 keyspace:"vttest" shard:"0" commit_parent:465 sequence_number:466 event_gtid:"f31d99a9-b9c7-11f1-8aa7-02fc00000001:466" type:FIELD timestamp:1790440432 field_event:{table_name:"t1" fields:{name:"id1" type:INT32 table:"t1" org_table:"t1" database:"vttest" org_name:"id1" column_length:11 charset:63 flags:53251 column_type:"int"} fields:{name:"val" type:VARBINARY table:"t1" org_table:"t1" database:"vttest" org_name:"val" column_length:128 charset:63 flags:128 column_type:"varbinary(128)"} keyspace:"vttest" shard:"0"} current_time:1790440432490004060 keyspace:"vttest" shard:"0" commit_parent:465 sequence_number:466 event_gtid:"f31d99a9-b9c7-11f1-8aa7-02fc00000001:466" type:ROW timestamp:1790440432 row_event:{table_name:"t1" row_changes:{after:{lengths:1 lengths:6 values:"2newton"}} keyspace:"vttest" shard:"0" flags:3} current_time:1790440432497651002 keyspace:"vttest" shard:"0" commit_parent:465 sequence_number:466 event_gtid:"f31d99a9-b9c7-11f1-8aa7-02fc00000001:466" type:GTID timestamp:1790440432 gtid:"MySQL56/f31d99a9-b9c7-11f1-8aa7-02fc00000001:1-466" current_time:1790440432497673582 keyspace:"vttest" shard:"0" commit_parent:465 sequence_number:466 event_gtid:"f31d99a9-b9c7-11f1-8aa7-02fc00000001:466" type:COMMIT timestamp:1790440432 current_time:1790440432497673582 keyspace:"vttest" shard:"0" commit_parent:465 sequence_number:466 event_gtid:"f31d99a9-b9c7-11f1-8aa7-02fc00000001:466"]
[2m2026-09-26 16:33:52.497 UTC[0m [92mINF[0m [2mvstreamer/vstreamer.go:1777[0m stream (at source tablet) ended @ (including the GTID we failed to process) f31d99a9-b9c7-11f1-8aa7-02fc00000001:1-466
[2m2026-09-26 16:33:52.497 UTC[0m [92mINF[0m [2mbinlog/binlog_connection.go:331[0m closing binlog socket to unblock reads
[2m2026-09-26 16:33:52.498 UTC[0m [92mINF[0m [2mbinlog/binlog_connection.go:206[0m connection closed during binlog stream (possibly intentional): read unix @->/home/vt/v4btest/data/vttest1035440681/vt_0000000001/mysql.sock: use of closed network connection
io.ReadFull(header size) failed (errno 2013) (sqlstate HY000)
[2m2026-09-26 16:33:52.498 UTC[0m [92mINF[0m [2mbinlog/binlog_connection.go:339[0m waiting for binlog dump thread to end
[2m2026-09-26 16:33:52.498 UTC[0m [92mINF[0m [2mbinlog/binlog_connection.go:345[0m closing binlog MySQL client with serverID 1980439035. Will recycle ID.
[2m2026-09-26 16:33:52.498 UTC[0m [92mINF[0m [2mvstreamer/main_test.go:154[0m Last line of runCases
[2m2026-09-26 16:33:52.498 UTC[0m [92mINF[0m [2mtopo/vschema.go:73[0m successfully updated vschema for keyspace vttest: 
[2m2026-09-26 16:33:52.502 UTC[0m [92mINF[0m [2mschema/engine.go:640[0m schema engine created [], altered [t1], dropped []
[2m2026-09-26 16:33:52.503 UTC[0m [92mINF[0m [2mmysqlctl/query.go:107[0m exec drop table if exists t1
--- PASS: TestFilteredMultipleWhere (0.04s)
=== RUN   TestGeneratedColumns
[2m2026-09-26 16:33:52.506 UTC[0m [92mINF[0m [2mmysqlctl/query.go:107[0m exec create table t1(id int, val varbinary(6), val2 varbinary(6) as (concat(id, val)), val3 varbinary(6) as (concat(val, id)), id2 int, primary key(id)) ENGINE=InnoDB CHARSET=utf8mb4
[2m2026-09-26 16:33:52.511 UTC[0m [92mINF[0m [2mvstreamer/main_test.go:134[0m Starting stream with current position
[2m2026-09-26 16:33:52.512 UTC[0m [92mINF[0m [2mvstreamer/uvstreamer.go:447[0m Stream() called
[2m2026-09-26 16:33:52.513 UTC[0m [92mINF[0m [2mvstreamer/uvstreamer.go:363[0m sendEventsForCurrentPos
[2m2026-09-26 16:33:52.513 UTC[0m [92mINF[0m [2mvstreamer/main_test.go:332[0m Received events: [type:GTID gtid:"MySQL56/f31d99a9-b9c7-11f1-8aa7-02fc00000001:1-468" keyspace:"vttest" shard:"0" type:OTHER keyspace:"vttest" shard:"0"]
[2m2026-09-26 16:33:52.513 UTC[0m [92mINF[0m [2mvstreamer/vstreamer.go:258[0m Starting Stream() with startPos MySQL56/f31d99a9-b9c7-11f1-8aa7-02fc00000001:1-468
[2m2026-09-26 16:33:52.513 UTC[0m [92mINF[0m [2mvstreamer/main_test.go:137[0m Starting to run test cases
[2m2026-09-26 16:33:52.513 UTC[0m [92mINF[0m [2mmysqlctl/query.go:107[0m exec begin
[2m2026-09-26 16:33:52.514 UTC[0m [92mINF[0m [2mmysqlctl/query.go:107[0m exec insert into t1(id, val, id2) values (1, 'aaa', 10)
[2m2026-09-26 16:33:52.514 UTC[0m [92mINF[0m [2mbinlog/binlog_connection.go:118[0m new binlog connection: serverID=1980439035
[2m2026-09-26 16:33:52.514 UTC[0m [92mINF[0m [2mbinlog/binlog_connection.go:169[0m sending binlog dump command: startPos=f31d99a9-b9c7-11f1-8aa7-02fc00000001:1-468, serverID=1980439035
[2m2026-09-26 16:33:52.514 UTC[0m [92mINF[0m [2mmysqlctl/query.go:107[0m exec insert into t1(id, val, id2) values (2, 'bbb', 20)
[2m2026-09-26 16:33:52.515 UTC[0m [92mINF[0m [2mmysqlctl/query.go:107[0m exec commit
[2m2026-09-26 16:33:52.519 UTC[0m [92mINF[0m [2mschema/engine.go:640[0m schema engine created [], altered [t1], dropped []
[2m2026-09-26 16:33:52.523 UTC[0m [92mINF[0m [2mvstreamer/main_test.go:332[0m Received events: [type:BEGIN timestamp:1790440432 current_time:1790440432515391155 keyspace:"vttest" shard:"0" commit_parent:468 sequence_number:469 event_gtid:"f31d99a9-b9c7-11f1-8aa7-02fc00000001:469" type:FIELD timestamp:1790440432 field_event:{table_name:"t1" fields:{name:"id" type:INT32 table:"t1" org_table:"t1" database:"vttest" org_name:"id" column_length:11 charset:63 flags:53251 column_type:"int"} fields:{name:"val" type:VARBINARY table:"t1" org_table:"t1" database:"vttest" org_name:"val" column_length:6 charset:63 flags:128 column_type:"varbinary(6)"} fields:{name:"val2" type:VARBINARY table:"t1" org_table:"t1" database:"vttest" org_name:"val2" column_length:6 charset:63 flags:128 column_type:"varbinary(6)"} fields:{name:"val3" type:VARBINARY table:"t1" org_table:"t1" database:"vttest" org_name:"val3" column_length:6 charset:63 flags:128 column_type:"varbinary(6)"} fields:{name:"id2" type:INT32 table:"t1" org_table:"t1" database:"vttest" org_name:"id2" column_length:11 charset:63 flags:32768 column_type:"int"} keyspace:"vttest" shard:"0"} current_time:1790440432515404910 keyspace:"vttest" shard:"0" commit_parent:468 sequence_number:469 event_gtid:"f31d99a9-b9c7-11f1-8aa7-02fc00000001:469" type:ROW timestamp:1790440432 row_event:{table_name:"t1" row_changes:{after:{lengths:1 lengths:3 lengths:4 lengths:4 lengths:2 values:"1aaa1aaaaaa110"}} keyspace:"vttest" shard:"0" flags:3} current_time:1790440432523707241 keyspace:"vttest" shard:"0" commit_parent:468 sequence_number:469 event_gtid:"f31d99a9-b9c7-11f1-8aa7-02fc00000001:469" type:ROW timestamp:1790440432 row_event:{table_name:"t1" row_changes:{after:{lengths:1 lengths:3 lengths:4 lengths:4 lengths:2 values:"2bbb2bbbbbb220"}} keyspace:"vttest" shard:"0" flags:3} current_time:1790440432523718769 keyspace:"vttest" shard:"0" commit_parent:468 sequence_number:469 event_gtid:"f31d99a9-b9c7-11f1-8aa7-02fc00000001:469" type:GTID timestamp:1790440432 gtid:"MySQL56/f31d99a9-b9c7-11f1-8aa7-02fc00000001:1-469" current_time:1790440432523721418 keyspace:"vttest" shard:"0" commit_parent:468 sequence_number:469 event_gtid:"f31d99a9-b9c7-11f1-8aa7-02fc00000001:469" type:COMMIT timestamp:1790440432 current_time:1790440432523721418 keyspace:"vttest" shard:"0" commit_parent:468 sequence_number:469 event_gtid:"f31d99a9-b9c7-11f1-8aa7-02fc00000001:469"]
[2m2026-09-26 16:33:52.524 UTC[0m [92mINF[0m [2mvstreamer/vstreamer.go:1777[0m stream (at source tablet) ended @ (including the GTID we failed to process) f31d99a9-b9c7-11f1-8aa7-02fc00000001:1-469
[2m2026-09-26 16:33:52.524 UTC[0m [92mINF[0m [2mbinlog/binlog_connection.go:331[0m closing binlog socket to unblock reads
[2m2026-09-26 16:33:52.524 UTC[0m [92mINF[0m [2mbinlog/binlog_connection.go:206[0m connection closed during binlog stream (possibly intentional): read unix @->/home/vt/v4btest/data/vttest1035440681/vt_0000000001/mysql.sock: use of closed network connection
io.ReadFull(header size) failed (errno 2013) (sqlstate HY000)
[2m2026-09-26 16:33:52.524 UTC[0m [92mINF[0m [2mbinlog/binlog_connection.go:339[0m waiting for binlog dump thread to end
[2m2026-09-26 16:33:52.524 UTC[0m [92mINF[0m [2mbinlog/binlog_connection.go:345[0m closing binlog MySQL client with serverID 1980439035. Will recycle ID.
[2m2026-09-26 16:33:52.524 UTC[0m [92mINF[0m [2mvstreamer/main_test.go:154[0m Last line of runCases
[2m2026-09-26 16:33:52.524 UTC[0m [92mINF[0m [2mmysqlctl/query.go:107[0m exec drop table if exists t1
--- PASS: TestGeneratedColumns (0.02s)
=== RUN   TestGeneratedInvisiblePrimaryKey
[2m2026-09-26 16:33:52.527 UTC[0m [92mINF[0m [2mmysqlctl/query.go:107[0m exec SET @@session.sql_generate_invisible_primary_key=ON
[2m2026-09-26 16:33:52.528 UTC[0m [92mINF[0m [2mmysqlctl/query.go:107[0m exec create table t1(val varbinary(6)) ENGINE=InnoDB CHARSET=utf8mb4
[2m2026-09-26 16:33:52.534 UTC[0m [92mINF[0m [2mvstreamer/main_test.go:134[0m Starting stream with current position
[2m2026-09-26 16:33:52.535 UTC[0m [92mINF[0m [2mvstreamer/uvstreamer.go:447[0m Stream() called
[2m2026-09-26 16:33:52.535 UTC[0m [92mINF[0m [2mvstreamer/uvstreamer.go:363[0m sendEventsForCurrentPos
[2m2026-09-26 16:33:52.535 UTC[0m [92mINF[0m [2mvstreamer/main_test.go:332[0m Received events: [type:GTID gtid:"MySQL56/f31d99a9-b9c7-11f1-8aa7-02fc00000001:1-471" keyspace:"vttest" shard:"0" type:OTHER keyspace:"vttest" shard:"0"]
[2m2026-09-26 16:33:52.536 UTC[0m [92mINF[0m [2mvstreamer/vstreamer.go:258[0m Starting Stream() with startPos MySQL56/f31d99a9-b9c7-11f1-8aa7-02fc00000001:1-471
[2m2026-09-26 16:33:52.536 UTC[0m [92mINF[0m [2mvstreamer/main_test.go:137[0m Starting to run test cases
[2m2026-09-26 16:33:52.536 UTC[0m [92mINF[0m [2mmysqlctl/query.go:107[0m exec begin
[2m2026-09-26 16:33:52.536 UTC[0m [92mINF[0m [2mmysqlctl/query.go:107[0m exec insert into t1 values ('aaa')
[2m2026-09-26 16:33:52.537 UTC[0m [92mINF[0m [2mbinlog/binlog_connection.go:118[0m new binlog connection: serverID=1980439035
[2m2026-09-26 16:33:52.537 UTC[0m [92mINF[0m [2mbinlog/binlog_connection.go:169[0m sending binlog dump command: startPos=f31d99a9-b9c7-11f1-8aa7-02fc00000001:1-471, serverID=1980439035
[2m2026-09-26 16:33:52.537 UTC[0m [92mINF[0m [2mmysqlctl/query.go:107[0m exec update t1 set val = 'bbb' where my_row_id = 1
[2m2026-09-26 16:33:52.537 UTC[0m [92mINF[0m [2mmysqlctl/query.go:107[0m exec commit
[2m2026-09-26 16:33:52.541 UTC[0m [92mINF[0m [2mvstreamer/main_test.go:332[0m Received events: [type:BEGIN timestamp:1790440432 current_time:1790440432537849032 keyspace:"vttest" shard:"0" commit_parent:471 sequence_number:472 event_gtid:"f31d99a9-b9c7-11f1-8aa7-02fc00000001:472" type:FIELD timestamp:1790440432 field_event:{table_name:"t1" fields:{name:"my_row_id" type:UINT64 table:"t1" org_table:"t1" database:"vttest" org_name:"my_row_id" column_length:20 charset:63 flags:49699 column_type:"bigint unsigned"} fields:{name:"val" type:VARBINARY table:"t1" org_table:"t1" database:"vttest" org_name:"val" column_length:6 charset:63 flags:128 column_type:"varbinary(6)"} keyspace:"vttest" shard:"0"} current_time:1790440432537862055 keyspace:"vttest" shard:"0" commit_parent:471 sequence_number:472 event_gtid:"f31d99a9-b9c7-11f1-8aa7-02fc00000001:472" type:ROW timestamp:1790440432 row_event:{table_name:"t1" row_changes:{after:{lengths:1 lengths:3 values:"1aaa"}} keyspace:"vttest" shard:"0" flags:3} current_time:1790440432541524120 keyspace:"vttest" shard:"0" commit_parent:471 sequence_number:472 event_gtid:"f31d99a9-b9c7-11f1-8aa7-02fc00000001:472" type:ROW timestamp:1790440432 row_event:{table_name:"t1" row_changes:{before:{lengths:1 lengths:3 values:"1aaa"} after:{lengths:1 lengths:3 values:"1bbb"}} keyspace:"vttest" shard:"0" flags:3} current_time:1790440432541532797 keyspace:"vttest" shard:"0" commit_parent:471 sequence_number:472 event_gtid:"f31d99a9-b9c7-11f1-8aa7-02fc00000001:472" type:GTID timestamp:1790440432 gtid:"MySQL56/f31d99a9-b9c7-11f1-8aa7-02fc00000001:1-472" current_time:1790440432541674354 keyspace:"vttest" shard:"0" commit_parent:471 sequence_number:472 event_gtid:"f31d99a9-b9c7-11f1-8aa7-02fc00000001:472" type:COMMIT timestamp:1790440432 current_time:1790440432541674354 keyspace:"vttest" shard:"0" commit_parent:471 sequence_number:472 event_gtid:"f31d99a9-b9c7-11f1-8aa7-02fc00000001:472"]
[2m2026-09-26 16:33:52.549 UTC[0m [92mINF[0m [2mschema/engine.go:640[0m schema engine created [], altered [t1], dropped []
[2m2026-09-26 16:33:52.549 UTC[0m [92mINF[0m [2mvstreamer/vstreamer.go:1777[0m stream (at source tablet) ended @ (including the GTID we failed to process) f31d99a9-b9c7-11f1-8aa7-02fc00000001:1-472
[2m2026-09-26 16:33:52.549 UTC[0m [92mINF[0m [2mbinlog/binlog_connection.go:331[0m closing binlog socket to unblock reads
[2m2026-09-26 16:33:52.549 UTC[0m [92mINF[0m [2mbinlog/binlog_connection.go:206[0m connection closed during binlog stream (possibly intentional): read unix @->/home/vt/v4btest/data/vttest1035440681/vt_0000000001/mysql.sock: use of closed network connection
io.ReadFull(header size) failed (errno 2013) (sqlstate HY000)
[2m2026-09-26 16:33:52.549 UTC[0m [92mINF[0m [2mbinlog/binlog_connection.go:339[0m waiting for binlog dump thread to end
[2m2026-09-26 16:33:52.549 UTC[0m [92mINF[0m [2mbinlog/binlog_connection.go:345[0m closing binlog MySQL client with serverID 1980439035. Will recycle ID.
[2m2026-09-26 16:33:52.549 UTC[0m [92mINF[0m [2mvstreamer/main_test.go:154[0m Last line of runCases
[2m2026-09-26 16:33:52.549 UTC[0m [92mINF[0m [2mmysqlctl/query.go:107[0m exec drop table if exists t1
[2m2026-09-26 16:33:52.552 UTC[0m [92mINF[0m [2mmysqlctl/query.go:107[0m exec SET @@session.sql_generate_invisible_primary_key=OFF
--- PASS: TestGeneratedInvisiblePrimaryKey (0.03s)
=== RUN   TestFilteredInOperator
[2m2026-09-26 16:33:52.553 UTC[0m [92mINF[0m [2mmysqlctl/query.go:107[0m exec create table t1(id1 int, id2 int, val varbinary(128), primary key(id1)) ENGINE=InnoDB CHARSET=utf8mb4
[2m2026-09-26 16:33:52.558 UTC[0m [92mINF[0m [2mvstreamer/main_test.go:134[0m Starting stream with current position
[2m2026-09-26 16:33:52.559 UTC[0m [92mINF[0m [2mvstreamer/uvstreamer.go:447[0m Stream() called
[2m2026-09-26 16:33:52.560 UTC[0m [92mINF[0m [2mvstreamer/uvstreamer.go:363[0m sendEventsForCurrentPos
[2m2026-09-26 16:33:52.560 UTC[0m [92mINF[0m [2mvstreamer/main_test.go:332[0m Received events: [type:GTID gtid:"MySQL56/f31d99a9-b9c7-11f1-8aa7-02fc00000001:1-474" keyspace:"vttest" shard:"0" type:OTHER keyspace:"vttest" shard:"0"]
[2m2026-09-26 16:33:52.560 UTC[0m [92mINF[0m [2mvstreamer/vstreamer.go:258[0m Starting Stream() with startPos MySQL56/f31d99a9-b9c7-11f1-8aa7-02fc00000001:1-474
[2m2026-09-26 16:33:52.560 UTC[0m [92mINF[0m [2mvstreamer/main_test.go:137[0m Starting to run test cases
[2m2026-09-26 16:33:52.560 UTC[0m [92mINF[0m [2mmysqlctl/query.go:107[0m exec begin
[2m2026-09-26 16:33:52.560 UTC[0m [92mINF[0m [2mmysqlctl/query.go:107[0m exec insert into t1 values (1, 100, 'aaa')
[2m2026-09-26 16:33:52.560 UTC[0m [92mINF[0m [2mbinlog/binlog_connection.go:118[0m new binlog connection: serverID=1980439035
[2m2026-09-26 16:33:52.560 UTC[0m [92mINF[0m [2mbinlog/binlog_connection.go:169[0m sending binlog dump command: startPos=f31d99a9-b9c7-11f1-8aa7-02fc00000001:1-474, serverID=1980439035
[2m2026-09-26 16:33:52.561 UTC[0m [92mINF[0m [2mmysqlctl/query.go:107[0m exec insert into t1 values (2, 200, 'bbb')
[2m2026-09-26 16:33:52.562 UTC[0m [92mINF[0m [2mmysqlctl/query.go:107[0m exec insert into t1 values (3, 100, 'ccc')
[2m2026-09-26 16:33:52.562 UTC[0m [92mINF[0m [2mmysqlctl/query.go:107[0m exec insert into t1 values (4, 200, 'ddd')
[2m2026-09-26 16:33:52.562 UTC[0m [92mINF[0m [2mmysqlctl/query.go:107[0m exec insert into t1 values (5, 200, 'eee')
[2m2026-09-26 16:33:52.562 UTC[0m [92mINF[0m [2mmysqlctl/query.go:107[0m exec commit
[2m2026-09-26 16:33:52.566 UTC[0m [92mINF[0m [2mschema/engine.go:640[0m schema engine created [], altered [t1], dropped []
[2m2026-09-26 16:33:52.569 UTC[0m [92mINF[0m [2mvstreamer/main_test.go:332[0m Received events: [type:BEGIN timestamp:1790440432 current_time:1790440432563111913 keyspace:"vttest" shard:"0" commit_parent:474 sequence_number:475 event_gtid:"f31d99a9-b9c7-11f1-8aa7-02fc00000001:475" type:FIELD timestamp:1790440432 field_event:{table_name:"t1" fields:{name:"id1" type:INT32 table:"t1" org_table:"t1" database:"vttest" org_name:"id1" column_length:11 charset:63 flags:53251 column_type:"int"} fields:{name:"val" type:VARBINARY table:"t1" org_table:"t1" database:"vttest" org_name:"val" column_length:128 charset:63 flags:128 column_type:"varbinary(128)"} keyspace:"vttest" shard:"0"} current_time:1790440432563123840 keyspace:"vttest" shard:"0" commit_parent:474 sequence_number:475 event_gtid:"f31d99a9-b9c7-11f1-8aa7-02fc00000001:475" type:ROW timestamp:1790440432 row_event:{table_name:"t1" row_changes:{after:{lengths:1 lengths:3 values:"4ddd"}} keyspace:"vttest" shard:"0" flags:3} current_time:1790440432569880427 keyspace:"vttest" shard:"0" commit_parent:474 sequence_number:475 event_gtid:"f31d99a9-b9c7-11f1-8aa7-02fc00000001:475" type:ROW timestamp:1790440432 row_event:{table_name:"t1" row_changes:{after:{lengths:1 lengths:3 values:"5eee"}} keyspace:"vttest" shard:"0" flags:3} current_time:1790440432569885252 keyspace:"vttest" shard:"0" commit_parent:474 sequence_number:475 event_gtid:"f31d99a9-b9c7-11f1-8aa7-02fc00000001:475" type:GTID timestamp:1790440432 gtid:"MySQL56/f31d99a9-b9c7-11f1-8aa7-02fc00000001:1-475" current_time:1790440432569887812 keyspace:"vttest" shard:"0" commit_parent:474 sequence_number:475 event_gtid:"f31d99a9-b9c7-11f1-8aa7-02fc00000001:475" type:COMMIT timestamp:1790440432 current_time:1790440432569887812 keyspace:"vttest" shard:"0" commit_parent:474 sequence_number:475 event_gtid:"f31d99a9-b9c7-11f1-8aa7-02fc00000001:475"]
[2m2026-09-26 16:33:52.570 UTC[0m [92mINF[0m [2mvstreamer/vstreamer.go:1777[0m stream (at source tablet) ended @ (including the GTID we failed to process) f31d99a9-b9c7-11f1-8aa7-02fc00000001:1-475
[2m2026-09-26 16:33:52.570 UTC[0m [92mINF[0m [2mbinlog/binlog_connection.go:331[0m closing binlog socket to unblock reads
[2m2026-09-26 16:33:52.570 UTC[0m [92mINF[0m [2mbinlog/binlog_connection.go:206[0m connection closed during binlog stream (possibly intentional): read unix @->/home/vt/v4btest/data/vttest1035440681/vt_0000000001/mysql.sock: use of closed network connection
io.ReadFull(header size) failed (errno 2013) (sqlstate HY000)
[2m2026-09-26 16:33:52.570 UTC[0m [92mINF[0m [2mbinlog/binlog_connection.go:339[0m waiting for binlog dump thread to end
[2m2026-09-26 16:33:52.570 UTC[0m [92mINF[0m [2mbinlog/binlog_connection.go:345[0m closing binlog MySQL client with serverID 1980439035. Will recycle ID.
[2m2026-09-26 16:33:52.570 UTC[0m [92mINF[0m [2mvstreamer/main_test.go:154[0m Last line of runCases
[2m2026-09-26 16:33:52.570 UTC[0m [92mINF[0m [2mmysqlctl/query.go:107[0m exec drop table if exists t1
--- PASS: TestFilteredInOperator (0.02s)
=== RUN   TestFilteredBetweenOperator
=== RUN   TestFilteredBetweenOperator/between-int
[2m2026-09-26 16:33:52.573 UTC[0m [92mINF[0m [2mmysqlctl/query.go:107[0m exec create table t1(id1 int, id2 int, val varbinary(128), primary key(id1)) ENGINE=InnoDB CHARSET=utf8mb4
[2m2026-09-26 16:33:52.579 UTC[0m [92mINF[0m [2mvstreamer/main_test.go:134[0m Starting stream with current position
[2m2026-09-26 16:33:52.580 UTC[0m [92mINF[0m [2mvstreamer/uvstreamer.go:447[0m Stream() called
[2m2026-09-26 16:33:52.580 UTC[0m [92mINF[0m [2mvstreamer/uvstreamer.go:363[0m sendEventsForCurrentPos
[2m2026-09-26 16:33:52.580 UTC[0m [92mINF[0m [2mvstreamer/main_test.go:332[0m Received events: [type:GTID gtid:"MySQL56/f31d99a9-b9c7-11f1-8aa7-02fc00000001:1-477" keyspace:"vttest" shard:"0" type:OTHER keyspace:"vttest" shard:"0"]
[2m2026-09-26 16:33:52.580 UTC[0m [92mINF[0m [2mvstreamer/vstreamer.go:258[0m Starting Stream() with startPos MySQL56/f31d99a9-b9c7-11f1-8aa7-02fc00000001:1-477
[2m2026-09-26 16:33:52.580 UTC[0m [92mINF[0m [2mvstreamer/main_test.go:137[0m Starting to run test cases
[2m2026-09-26 16:33:52.581 UTC[0m [92mINF[0m [2mmysqlctl/query.go:107[0m exec begin
[2m2026-09-26 16:33:52.581 UTC[0m [92mINF[0m [2mmysqlctl/query.go:107[0m exec insert into t1 values (1, 100, 'aaa')
[2m2026-09-26 16:33:52.582 UTC[0m [92mINF[0m [2mmysqlctl/query.go:107[0m exec insert into t1 values (2, 200, 'bbb')
[2m2026-09-26 16:33:52.582 UTC[0m [92mINF[0m [2mbinlog/binlog_connection.go:118[0m new binlog connection: serverID=1980439035
[2m2026-09-26 16:33:52.582 UTC[0m [92mINF[0m [2mbinlog/binlog_connection.go:169[0m sending binlog dump command: startPos=f31d99a9-b9c7-11f1-8aa7-02fc00000001:1-477, serverID=1980439035
[2m2026-09-26 16:33:52.582 UTC[0m [92mINF[0m [2mmysqlctl/query.go:107[0m exec insert into t1 values (3, 100, 'ccc')
[2m2026-09-26 16:33:52.582 UTC[0m [92mINF[0m [2mmysqlctl/query.go:107[0m exec insert into t1 values (4, 200, 'ddd')
[2m2026-09-26 16:33:52.582 UTC[0m [92mINF[0m [2mmysqlctl/query.go:107[0m exec insert into t1 values (5, 200, 'eee')
[2m2026-09-26 16:33:52.583 UTC[0m [92mINF[0m [2mmysqlctl/query.go:107[0m exec insert into t1 values (6, 200, 'fff')
[2m2026-09-26 16:33:52.583 UTC[0m [92mINF[0m [2mmysqlctl/query.go:107[0m exec commit
[2m2026-09-26 16:33:52.586 UTC[0m [92mINF[0m [2mschema/engine.go:640[0m schema engine created [], altered [t1], dropped []
[2m2026-09-26 16:33:52.589 UTC[0m [92mINF[0m [2mvstreamer/main_test.go:332[0m Received events: [type:BEGIN timestamp:1790440432 current_time:1790440432583609502 keyspace:"vttest" shard:"0" commit_parent:477 sequence_number:478 event_gtid:"f31d99a9-b9c7-11f1-8aa7-02fc00000001:478" type:FIELD timestamp:1790440432 field_event:{table_name:"t1" fields:{name:"id1" type:INT32 table:"t1" org_table:"t1" database:"vttest" org_name:"id1" column_length:11 charset:63 flags:53251 column_type:"int"} fields:{name:"val" type:VARBINARY table:"t1" org_table:"t1" database:"vttest" org_name:"val" column_length:128 charset:63 flags:128 column_type:"varbinary(128)"} keyspace:"vttest" shard:"0"} current_time:1790440432583622334 keyspace:"vttest" shard:"0" commit_parent:477 sequence_number:478 event_gtid:"f31d99a9-b9c7-11f1-8aa7-02fc00000001:478" type:ROW timestamp:1790440432 row_event:{table_name:"t1" row_changes:{after:{lengths:1 lengths:3 values:"2bbb"}} keyspace:"vttest" shard:"0" flags:3} current_time:1790440432588987497 keyspace:"vttest" shard:"0" commit_parent:477 sequence_number:478 event_gtid:"f31d99a9-b9c7-11f1-8aa7-02fc00000001:478" type:ROW timestamp:1790440432 row_event:{table_name:"t1" row_changes:{after:{lengths:1 lengths:3 values:"3ccc"}} keyspace:"vttest" shard:"0" flags:3} current_time:1790440432588993455 keyspace:"vttest" shard:"0" commit_parent:477 sequence_number:478 event_gtid:"f31d99a9-b9c7-11f1-8aa7-02fc00000001:478" type:ROW timestamp:1790440432 row_event:{table_name:"t1" row_changes:{after:{lengths:1 lengths:3 values:"4ddd"}} keyspace:"vttest" shard:"0" flags:3} current_time:1790440432588996977 keyspace:"vttest" shard:"0" commit_parent:477 sequence_number:478 event_gtid:"f31d99a9-b9c7-11f1-8aa7-02fc00000001:478" type:ROW timestamp:1790440432 row_event:{table_name:"t1" row_changes:{after:{lengths:1 lengths:3 values:"5eee"}} keyspace:"vttest" shard:"0" flags:3} current_time:1790440432589003099 keyspace:"vttest" shard:"0" commit_parent:477 sequence_number:478 event_gtid:"f31d99a9-b9c7-11f1-8aa7-02fc00000001:478" type:GTID timestamp:1790440432 gtid:"MySQL56/f31d99a9-b9c7-11f1-8aa7-02fc00000001:1-478" current_time:1790440432589008696 keyspace:"vttest" shard:"0" commit_parent:477 sequence_number:478 event_gtid:"f31d99a9-b9c7-11f1-8aa7-02fc00000001:478" type:COMMIT timestamp:1790440432 current_time:1790440432589008696 keyspace:"vttest" shard:"0" commit_parent:477 sequence_number:478 event_gtid:"f31d99a9-b9c7-11f1-8aa7-02fc00000001:478"]
[2m2026-09-26 16:33:52.589 UTC[0m [92mINF[0m [2mvstreamer/vstreamer.go:1777[0m stream (at source tablet) ended @ (including the GTID we failed to process) f31d99a9-b9c7-11f1-8aa7-02fc00000001:1-478
[2m2026-09-26 16:33:52.589 UTC[0m [92mINF[0m [2mbinlog/binlog_connection.go:331[0m closing binlog socket to unblock reads
[2m2026-09-26 16:33:52.589 UTC[0m [92mINF[0m [2mbinlog/binlog_connection.go:206[0m connection closed during binlog stream (possibly intentional): read unix @->/home/vt/v4btest/data/vttest1035440681/vt_0000000001/mysql.sock: use of closed network connection
io.ReadFull(header size) failed (errno 2013) (sqlstate HY000)
[2m2026-09-26 16:33:52.589 UTC[0m [92mINF[0m [2mbinlog/binlog_connection.go:339[0m waiting for binlog dump thread to end
[2m2026-09-26 16:33:52.589 UTC[0m [92mINF[0m [2mbinlog/binlog_connection.go:345[0m closing binlog MySQL client with serverID 1980439035. Will recycle ID.
[2m2026-09-26 16:33:52.589 UTC[0m [92mINF[0m [2mvstreamer/main_test.go:154[0m Last line of runCases
[2m2026-09-26 16:33:52.589 UTC[0m [92mINF[0m [2mmysqlctl/query.go:107[0m exec drop table if exists t1
=== RUN   TestFilteredBetweenOperator/between-varchar
[2m2026-09-26 16:33:52.592 UTC[0m [92mINF[0m [2mmysqlctl/query.go:107[0m exec create table t1(id1 int, id2 int, val varbinary(128), primary key(id1)) ENGINE=InnoDB CHARSET=utf8mb4
[2m2026-09-26 16:33:52.598 UTC[0m [92mINF[0m [2mvstreamer/main_test.go:134[0m Starting stream with current position
[2m2026-09-26 16:33:52.598 UTC[0m [92mINF[0m [2mvstreamer/uvstreamer.go:447[0m Stream() called
[2m2026-09-26 16:33:52.599 UTC[0m [92mINF[0m [2mvstreamer/uvstreamer.go:363[0m sendEventsForCurrentPos
[2m2026-09-26 16:33:52.599 UTC[0m [92mINF[0m [2mvstreamer/main_test.go:332[0m Received events: [type:GTID gtid:"MySQL56/f31d99a9-b9c7-11f1-8aa7-02fc00000001:1-480" keyspace:"vttest" shard:"0" type:OTHER keyspace:"vttest" shard:"0"]
[2m2026-09-26 16:33:52.599 UTC[0m [92mINF[0m [2mvstreamer/vstreamer.go:258[0m Starting Stream() with startPos MySQL56/f31d99a9-b9c7-11f1-8aa7-02fc00000001:1-480
[2m2026-09-26 16:33:52.600 UTC[0m [92mINF[0m [2mvstreamer/main_test.go:137[0m Starting to run test cases
[2m2026-09-26 16:33:52.600 UTC[0m [92mINF[0m [2mmysqlctl/query.go:107[0m exec begin
[2m2026-09-26 16:33:52.600 UTC[0m [92mINF[0m [2mmysqlctl/query.go:107[0m exec insert into t1 values (1, 100, 'a')
[2m2026-09-26 16:33:52.600 UTC[0m [92mINF[0m [2mbinlog/binlog_connection.go:118[0m new binlog connection: serverID=1980439035
[2m2026-09-26 16:33:52.600 UTC[0m [92mINF[0m [2mbinlog/binlog_connection.go:169[0m sending binlog dump command: startPos=f31d99a9-b9c7-11f1-8aa7-02fc00000001:1-480, serverID=1980439035
[2m2026-09-26 16:33:52.601 UTC[0m [92mINF[0m [2mmysqlctl/query.go:107[0m exec insert into t1 values (2, 200, 'b')
[2m2026-09-26 16:33:52.601 UTC[0m [92mINF[0m [2mmysqlctl/query.go:107[0m exec insert into t1 values (3, 100, 'c')
[2m2026-09-26 16:33:52.601 UTC[0m [92mINF[0m [2mmysqlctl/query.go:107[0m exec insert into t1 values (4, 200, 'd')
[2m2026-09-26 16:33:52.601 UTC[0m [92mINF[0m [2mmysqlctl/query.go:107[0m exec insert into t1 values (5, 200, 'e')
[2m2026-09-26 16:33:52.601 UTC[0m [92mINF[0m [2mmysqlctl/query.go:107[0m exec insert into t1 values (6, 200, 'f')
[2m2026-09-26 16:33:52.602 UTC[0m [92mINF[0m [2mmysqlctl/query.go:107[0m exec commit
[2m2026-09-26 16:33:52.604 UTC[0m [92mINF[0m [2mschema/engine.go:640[0m schema engine created [], altered [t1], dropped []
[2m2026-09-26 16:33:52.607 UTC[0m [92mINF[0m [2mvstreamer/main_test.go:332[0m Received events: [type:BEGIN timestamp:1790440432 current_time:1790440432602267365 keyspace:"vttest" shard:"0" commit_parent:480 sequence_number:481 event_gtid:"f31d99a9-b9c7-11f1-8aa7-02fc00000001:481" type:FIELD timestamp:1790440432 field_event:{table_name:"t1" fields:{name:"id1" type:INT32 table:"t1" org_table:"t1" database:"vttest" org_name:"id1" column_length:11 charset:63 flags:53251 column_type:"int"} fields:{name:"val" type:VARBINARY table:"t1" org_table:"t1" database:"vttest" org_name:"val" column_length:128 charset:63 flags:128 column_type:"varbinary(128)"} keyspace:"vttest" shard:"0"} current_time:1790440432602279021 keyspace:"vttest" shard:"0" commit_parent:480 sequence_number:481 event_gtid:"f31d99a9-b9c7-11f1-8aa7-02fc00000001:481" type:ROW timestamp:1790440432 row_event:{table_name:"t1" row_changes:{after:{lengths:1 lengths:1 values:"3c"}} keyspace:"vttest" shard:"0" flags:3} current_time:1790440432607520713 keyspace:"vttest" shard:"0" commit_parent:480 sequence_number:481 event_gtid:"f31d99a9-b9c7-11f1-8aa7-02fc00000001:481" type:ROW timestamp:1790440432 row_event:{table_name:"t1" row_changes:{after:{lengths:1 lengths:1 values:"4d"}} keyspace:"vttest" shard:"0" flags:3} current_time:1790440432607526065 keyspace:"vttest" shard:"0" commit_parent:480 sequence_number:481 event_gtid:"f31d99a9-b9c7-11f1-8aa7-02fc00000001:481" type:ROW timestamp:1790440432 row_event:{table_name:"t1" row_changes:{after:{lengths:1 lengths:1 values:"5e"}} keyspace:"vttest" shard:"0" flags:3} current_time:1790440432607529126 keyspace:"vttest" shard:"0" commit_parent:480 sequence_number:481 event_gtid:"f31d99a9-b9c7-11f1-8aa7-02fc00000001:481" type:GTID timestamp:1790440432 gtid:"MySQL56/f31d99a9-b9c7-11f1-8aa7-02fc00000001:1-481" current_time:1790440432607532560 keyspace:"vttest" shard:"0" commit_parent:480 sequence_number:481 event_gtid:"f31d99a9-b9c7-11f1-8aa7-02fc00000001:481" type:COMMIT timestamp:1790440432 current_time:1790440432607532560 keyspace:"vttest" shard:"0" commit_parent:480 sequence_number:481 event_gtid:"f31d99a9-b9c7-11f1-8aa7-02fc00000001:481"]
[2m2026-09-26 16:33:52.607 UTC[0m [92mINF[0m [2mvstreamer/vstreamer.go:1777[0m stream (at source tablet) ended @ (including the GTID we failed to process) f31d99a9-b9c7-11f1-8aa7-02fc00000001:1-481
[2m2026-09-26 16:33:52.607 UTC[0m [92mINF[0m [2mbinlog/binlog_connection.go:331[0m closing binlog socket to unblock reads
[2m2026-09-26 16:33:52.607 UTC[0m [92mINF[0m [2mbinlog/binlog_connection.go:206[0m connection closed during binlog stream (possibly intentional): read unix @->/home/vt/v4btest/data/vttest1035440681/vt_0000000001/mysql.sock: use of closed network connection
io.ReadFull(header size) failed (errno 2013) (sqlstate HY000)
[2m2026-09-26 16:33:52.607 UTC[0m [92mINF[0m [2mbinlog/binlog_connection.go:339[0m waiting for binlog dump thread to end
[2m2026-09-26 16:33:52.607 UTC[0m [92mINF[0m [2mbinlog/binlog_connection.go:345[0m closing binlog MySQL client with serverID 1980439035. Will recycle ID.
[2m2026-09-26 16:33:52.607 UTC[0m [92mINF[0m [2mvstreamer/main_test.go:154[0m Last line of runCases
[2m2026-09-26 16:33:52.608 UTC[0m [92mINF[0m [2mmysqlctl/query.go:107[0m exec drop table if exists t1
=== RUN   TestFilteredBetweenOperator/not-between-int
[2m2026-09-26 16:33:52.610 UTC[0m [92mINF[0m [2mmysqlctl/query.go:107[0m exec create table t1(id1 int, id2 int, val varbinary(128), primary key(id1)) ENGINE=InnoDB CHARSET=utf8mb4
[2m2026-09-26 16:33:52.616 UTC[0m [92mINF[0m [2mvstreamer/main_test.go:134[0m Starting stream with current position
[2m2026-09-26 16:33:52.616 UTC[0m [92mINF[0m [2mvstreamer/uvstreamer.go:447[0m Stream() called
[2m2026-09-26 16:33:52.617 UTC[0m [92mINF[0m [2mvstreamer/uvstreamer.go:363[0m sendEventsForCurrentPos
[2m2026-09-26 16:33:52.617 UTC[0m [92mINF[0m [2mvstreamer/main_test.go:332[0m Received events: [type:GTID gtid:"MySQL56/f31d99a9-b9c7-11f1-8aa7-02fc00000001:1-483" keyspace:"vttest" shard:"0" type:OTHER keyspace:"vttest" shard:"0"]
[2m2026-09-26 16:33:52.617 UTC[0m [92mINF[0m [2mvstreamer/vstreamer.go:258[0m Starting Stream() with startPos MySQL56/f31d99a9-b9c7-11f1-8aa7-02fc00000001:1-483
[2m2026-09-26 16:33:52.617 UTC[0m [92mINF[0m [2mvstreamer/main_test.go:137[0m Starting to run test cases
[2m2026-09-26 16:33:52.617 UTC[0m [92mINF[0m [2mmysqlctl/query.go:107[0m exec begin
[2m2026-09-26 16:33:52.617 UTC[0m [92mINF[0m [2mmysqlctl/query.go:107[0m exec insert into t1 values (1, 100, 'aaa')
[2m2026-09-26 16:33:52.618 UTC[0m [92mINF[0m [2mbinlog/binlog_connection.go:118[0m new binlog connection: serverID=1980439035
[2m2026-09-26 16:33:52.618 UTC[0m [92mINF[0m [2mbinlog/binlog_connection.go:169[0m sending binlog dump command: startPos=f31d99a9-b9c7-11f1-8aa7-02fc00000001:1-483, serverID=1980439035
[2m2026-09-26 16:33:52.618 UTC[0m [92mINF[0m [2mmysqlctl/query.go:107[0m exec insert into t1 values (2, 200, 'bbb')
[2m2026-09-26 16:33:52.618 UTC[0m [92mINF[0m [2mmysqlctl/query.go:107[0m exec insert into t1 values (3, 100, 'ccc')
[2m2026-09-26 16:33:52.618 UTC[0m [92mINF[0m [2mmysqlctl/query.go:107[0m exec insert into t1 values (4, 200, 'ddd')
[2m2026-09-26 16:33:52.619 UTC[0m [92mINF[0m [2mmysqlctl/query.go:107[0m exec insert into t1 values (5, 200, 'eee')
[2m2026-09-26 16:33:52.619 UTC[0m [92mINF[0m [2mmysqlctl/query.go:107[0m exec insert into t1 values (6, 200, 'fff')
[2m2026-09-26 16:33:52.619 UTC[0m [92mINF[0m [2mmysqlctl/query.go:107[0m exec commit
[2m2026-09-26 16:33:52.623 UTC[0m [92mINF[0m [2mvstreamer/main_test.go:332[0m Received events: [type:BEGIN timestamp:1790440432 current_time:1790440432619652743 keyspace:"vttest" shard:"0" commit_parent:483 sequence_number:484 event_gtid:"f31d99a9-b9c7-11f1-8aa7-02fc00000001:484" type:FIELD timestamp:1790440432 field_event:{table_name:"t1" fields:{name:"id1" type:INT32 table:"t1" org_table:"t1" database:"vttest" org_name:"id1" column_length:11 charset:63 flags:53251 column_type:"int"} fields:{name:"val" type:VARBINARY table:"t1" org_table:"t1" database:"vttest" org_name:"val" column_length:128 charset:63 flags:128 column_type:"varbinary(128)"} keyspace:"vttest" shard:"0"} current_time:1790440432619660233 keyspace:"vttest" shard:"0" commit_parent:483 sequence_number:484 event_gtid:"f31d99a9-b9c7-11f1-8aa7-02fc00000001:484" type:ROW timestamp:1790440432 row_event:{table_name:"t1" row_changes:{after:{lengths:1 lengths:3 values:"1aaa"}} keyspace:"vttest" shard:"0" flags:3} current_time:1790440432623013206 keyspace:"vttest" shard:"0" commit_parent:483 sequence_number:484 event_gtid:"f31d99a9-b9c7-11f1-8aa7-02fc00000001:484" type:ROW timestamp:1790440432 row_event:{table_name:"t1" row_changes:{after:{lengths:1 lengths:3 values:"2bbb"}} keyspace:"vttest" shard:"0" flags:3} current_time:1790440432623020671 keyspace:"vttest" shard:"0" commit_parent:483 sequence_number:484 event_gtid:"f31d99a9-b9c7-11f1-8aa7-02fc00000001:484" type:ROW timestamp:1790440432 row_event:{table_name:"t1" row_changes:{after:{lengths:1 lengths:3 values:"6fff"}} keyspace:"vttest" shard:"0" flags:3} current_time:1790440432623028575 keyspace:"vttest" shard:"0" commit_parent:483 sequence_number:484 event_gtid:"f31d99a9-b9c7-11f1-8aa7-02fc00000001:484" type:GTID timestamp:1790440432 gtid:"MySQL56/f31d99a9-b9c7-11f1-8aa7-02fc00000001:1-484" current_time:1790440432623030228 keyspace:"vttest" shard:"0" commit_parent:483 sequence_number:484 event_gtid:"f31d99a9-b9c7-11f1-8aa7-02fc00000001:484" type:COMMIT timestamp:1790440432 current_time:1790440432623030228 keyspace:"vttest" shard:"0" commit_parent:483 sequence_number:484 event_gtid:"f31d99a9-b9c7-11f1-8aa7-02fc00000001:484"]
[2m2026-09-26 16:33:52.624 UTC[0m [92mINF[0m [2mschema/engine.go:640[0m schema engine created [], altered [t1], dropped []
[2m2026-09-26 16:33:52.624 UTC[0m [92mINF[0m [2mvstreamer/vstreamer.go:1777[0m stream (at source tablet) ended @ (including the GTID we failed to process) f31d99a9-b9c7-11f1-8aa7-02fc00000001:1-484
[2m2026-09-26 16:33:52.624 UTC[0m [92mINF[0m [2mbinlog/binlog_connection.go:331[0m closing binlog socket to unblock reads
[2m2026-09-26 16:33:52.624 UTC[0m [92mINF[0m [2mbinlog/binlog_connection.go:206[0m connection closed during binlog stream (possibly intentional): read unix @->/home/vt/v4btest/data/vttest1035440681/vt_0000000001/mysql.sock: use of closed network connection
io.ReadFull(header size) failed (errno 2013) (sqlstate HY000)
[2m2026-09-26 16:33:52.624 UTC[0m [92mINF[0m [2mbinlog/binlog_connection.go:339[0m waiting for binlog dump thread to end
[2m2026-09-26 16:33:52.624 UTC[0m [92mINF[0m [2mbinlog/binlog_connection.go:345[0m closing binlog MySQL client with serverID 1980439035. Will recycle ID.
[2m2026-09-26 16:33:52.624 UTC[0m [92mINF[0m [2mvstreamer/main_test.go:154[0m Last line of runCases
[2m2026-09-26 16:33:52.624 UTC[0m [92mINF[0m [2mmysqlctl/query.go:107[0m exec drop table if exists t1
=== RUN   TestFilteredBetweenOperator/not-between-varchar
[2m2026-09-26 16:33:52.628 UTC[0m [92mINF[0m [2mmysqlctl/query.go:107[0m exec create table t1(id1 int, id2 int, val varbinary(128), primary key(id1)) ENGINE=InnoDB CHARSET=utf8mb4
[2m2026-09-26 16:33:52.633 UTC[0m [92mINF[0m [2mvstreamer/main_test.go:134[0m Starting stream with current position
[2m2026-09-26 16:33:52.634 UTC[0m [92mINF[0m [2mvstreamer/uvstreamer.go:447[0m Stream() called
[2m2026-09-26 16:33:52.635 UTC[0m [92mINF[0m [2mvstreamer/uvstreamer.go:363[0m sendEventsForCurrentPos
[2m2026-09-26 16:33:52.635 UTC[0m [92mINF[0m [2mvstreamer/main_test.go:332[0m Received events: [type:GTID gtid:"MySQL56/f31d99a9-b9c7-11f1-8aa7-02fc00000001:1-486" keyspace:"vttest" shard:"0" type:OTHER keyspace:"vttest" shard:"0"]
[2m2026-09-26 16:33:52.635 UTC[0m [92mINF[0m [2mvstreamer/vstreamer.go:258[0m Starting Stream() with startPos MySQL56/f31d99a9-b9c7-11f1-8aa7-02fc00000001:1-486
[2m2026-09-26 16:33:52.635 UTC[0m [92mINF[0m [2mvstreamer/main_test.go:137[0m Starting to run test cases
[2m2026-09-26 16:33:52.635 UTC[0m [92mINF[0m [2mmysqlctl/query.go:107[0m exec begin
[2m2026-09-26 16:33:52.635 UTC[0m [92mINF[0m [2mmysqlctl/query.go:107[0m exec insert into t1 values (1, 100, 'a')
[2m2026-09-26 16:33:52.635 UTC[0m [92mINF[0m [2mbinlog/binlog_connection.go:118[0m new binlog connection: serverID=1980439035
[2m2026-09-26 16:33:52.635 UTC[0m [92mINF[0m [2mbinlog/binlog_connection.go:169[0m sending binlog dump command: startPos=f31d99a9-b9c7-11f1-8aa7-02fc00000001:1-486, serverID=1980439035
[2m2026-09-26 16:33:52.636 UTC[0m [92mINF[0m [2mmysqlctl/query.go:107[0m exec insert into t1 values (2, 200, 'b')
[2m2026-09-26 16:33:52.636 UTC[0m [92mINF[0m [2mmysqlctl/query.go:107[0m exec insert into t1 values (3, 100, 'c')
[2m2026-09-26 16:33:52.636 UTC[0m [92mINF[0m [2mmysqlctl/query.go:107[0m exec insert into t1 values (4, 200, 'd')
[2m2026-09-26 16:33:52.637 UTC[0m [92mINF[0m [2mmysqlctl/query.go:107[0m exec insert into t1 values (5, 200, 'e')
[2m2026-09-26 16:33:52.637 UTC[0m [92mINF[0m [2mmysqlctl/query.go:107[0m exec insert into t1 values (6, 200, 'f')
[2m2026-09-26 16:33:52.637 UTC[0m [92mINF[0m [2mmysqlctl/query.go:107[0m exec insert into t1 values (7, 100, 'g')
[2m2026-09-26 16:33:52.637 UTC[0m [92mINF[0m [2mmysqlctl/query.go:107[0m exec commit
[2m2026-09-26 16:33:52.640 UTC[0m [92mINF[0m [2mschema/engine.go:640[0m schema engine created [], altered [t1], dropped []
[2m2026-09-26 16:33:52.643 UTC[0m [92mINF[0m [2mvstreamer/main_test.go:332[0m Received events: [type:BEGIN timestamp:1790440432 current_time:1790440432637748317 keyspace:"vttest" shard:"0" commit_parent:486 sequence_number:487 event_gtid:"f31d99a9-b9c7-11f1-8aa7-02fc00000001:487" type:FIELD timestamp:1790440432 field_event:{table_name:"t1" fields:{name:"id1" type:INT32 table:"t1" org_table:"t1" database:"vttest" org_name:"id1" column_length:11 charset:63 flags:53251 column_type:"int"} fields:{name:"val" type:VARBINARY table:"t1" org_table:"t1" database:"vttest" org_name:"val" column_length:128 charset:63 flags:128 column_type:"varbinary(128)"} keyspace:"vttest" shard:"0"} current_time:1790440432637760325 keyspace:"vttest" shard:"0" commit_parent:486 sequence_number:487 event_gtid:"f31d99a9-b9c7-11f1-8aa7-02fc00000001:487" type:ROW timestamp:1790440432 row_event:{table_name:"t1" row_changes:{after:{lengths:1 lengths:1 values:"1a"}} keyspace:"vttest" shard:"0" flags:3} current_time:1790440432642975704 keyspace:"vttest" shard:"0" commit_parent:486 sequence_number:487 event_gtid:"f31d99a9-b9c7-11f1-8aa7-02fc00000001:487" type:ROW timestamp:1790440432 row_event:{table_name:"t1" row_changes:{after:{lengths:1 lengths:1 values:"6f"}} keyspace:"vttest" shard:"0" flags:3} current_time:1790440432642994854 keyspace:"vttest" shard:"0" commit_parent:486 sequence_number:487 event_gtid:"f31d99a9-b9c7-11f1-8aa7-02fc00000001:487" type:ROW timestamp:1790440432 row_event:{table_name:"t1" row_changes:{after:{lengths:1 lengths:1 values:"7g"}} keyspace:"vttest" shard:"0" flags:3} current_time:1790440432642997400 keyspace:"vttest" shard:"0" commit_parent:486 sequence_number:487 event_gtid:"f31d99a9-b9c7-11f1-8aa7-02fc00000001:487" type:GTID timestamp:1790440432 gtid:"MySQL56/f31d99a9-b9c7-11f1-8aa7-02fc00000001:1-487" current_time:1790440432642998991 keyspace:"vttest" shard:"0" commit_parent:486 sequence_number:487 event_gtid:"f31d99a9-b9c7-11f1-8aa7-02fc00000001:487" type:COMMIT timestamp:1790440432 current_time:1790440432642998991 keyspace:"vttest" shard:"0" commit_parent:486 sequence_number:487 event_gtid:"f31d99a9-b9c7-11f1-8aa7-02fc00000001:487"]
[2m2026-09-26 16:33:52.643 UTC[0m [92mINF[0m [2mvstreamer/vstreamer.go:1777[0m stream (at source tablet) ended @ (including the GTID we failed to process) f31d99a9-b9c7-11f1-8aa7-02fc00000001:1-487
[2m2026-09-26 16:33:52.643 UTC[0m [92mINF[0m [2mbinlog/binlog_connection.go:331[0m closing binlog socket to unblock reads
[2m2026-09-26 16:33:52.643 UTC[0m [92mINF[0m [2mbinlog/binlog_connection.go:206[0m connection closed during binlog stream (possibly intentional): read unix @->/home/vt/v4btest/data/vttest1035440681/vt_0000000001/mysql.sock: use of closed network connection
io.ReadFull(header size) failed (errno 2013) (sqlstate HY000)
[2m2026-09-26 16:33:52.643 UTC[0m [92mINF[0m [2mbinlog/binlog_connection.go:339[0m waiting for binlog dump thread to end
[2m2026-09-26 16:33:52.643 UTC[0m [92mINF[0m [2mbinlog/binlog_connection.go:345[0m closing binlog MySQL client with serverID 1980439035. Will recycle ID.
[2m2026-09-26 16:33:52.643 UTC[0m [92mINF[0m [2mvstreamer/main_test.go:154[0m Last line of runCases
[2m2026-09-26 16:33:52.643 UTC[0m [92mINF[0m [2mmysqlctl/query.go:107[0m exec drop table if exists t1
=== RUN   TestFilteredBetweenOperator/between-and-not-between
[2m2026-09-26 16:33:52.647 UTC[0m [92mINF[0m [2mmysqlctl/query.go:107[0m exec create table t1(id1 int, id2 int, val varbinary(128), primary key(id1)) ENGINE=InnoDB CHARSET=utf8mb4
[2m2026-09-26 16:33:52.652 UTC[0m [92mINF[0m [2mvstreamer/main_test.go:134[0m Starting stream with current position
[2m2026-09-26 16:33:52.653 UTC[0m [92mINF[0m [2mvstreamer/uvstreamer.go:447[0m Stream() called
[2m2026-09-26 16:33:52.654 UTC[0m [92mINF[0m [2mvstreamer/uvstreamer.go:363[0m sendEventsForCurrentPos
[2m2026-09-26 16:33:52.654 UTC[0m [92mINF[0m [2mvstreamer/main_test.go:332[0m Received events: [type:GTID gtid:"MySQL56/f31d99a9-b9c7-11f1-8aa7-02fc00000001:1-489" keyspace:"vttest" shard:"0" type:OTHER keyspace:"vttest" shard:"0"]
[2m2026-09-26 16:33:52.654 UTC[0m [92mINF[0m [2mvstreamer/vstreamer.go:258[0m Starting Stream() with startPos MySQL56/f31d99a9-b9c7-11f1-8aa7-02fc00000001:1-489
[2m2026-09-26 16:33:52.654 UTC[0m [92mINF[0m [2mvstreamer/main_test.go:137[0m Starting to run test cases
[2m2026-09-26 16:33:52.654 UTC[0m [92mINF[0m [2mmysqlctl/query.go:107[0m exec begin
[2m2026-09-26 16:33:52.654 UTC[0m [92mINF[0m [2mmysqlctl/query.go:107[0m exec insert into t1 values (1, 100, 'a')
[2m2026-09-26 16:33:52.654 UTC[0m [92mINF[0m [2mbinlog/binlog_connection.go:118[0m new binlog connection: serverID=1980439035
[2m2026-09-26 16:33:52.654 UTC[0m [92mINF[0m [2mbinlog/binlog_connection.go:169[0m sending binlog dump command: startPos=f31d99a9-b9c7-11f1-8aa7-02fc00000001:1-489, serverID=1980439035
[2m2026-09-26 16:33:52.655 UTC[0m [92mINF[0m [2mmysqlctl/query.go:107[0m exec insert into t1 values (2, 200, 'b')
[2m2026-09-26 16:33:52.655 UTC[0m [92mINF[0m [2mmysqlctl/query.go:107[0m exec insert into t1 values (3, 100, 'c')
[2m2026-09-26 16:33:52.655 UTC[0m [92mINF[0m [2mmysqlctl/query.go:107[0m exec insert into t1 values (4, 200, 'd')
[2m2026-09-26 16:33:52.656 UTC[0m [92mINF[0m [2mmysqlctl/query.go:107[0m exec insert into t1 values (5, 200, 'e')
[2m2026-09-26 16:33:52.656 UTC[0m [92mINF[0m [2mmysqlctl/query.go:107[0m exec insert into t1 values (6, 200, 'f')
[2m2026-09-26 16:33:52.656 UTC[0m [92mINF[0m [2mmysqlctl/query.go:107[0m exec insert into t1 values (7, 100, 'g')
[2m2026-09-26 16:33:52.656 UTC[0m [92mINF[0m [2mmysqlctl/query.go:107[0m exec commit
[2m2026-09-26 16:33:52.660 UTC[0m [92mINF[0m [2mschema/engine.go:640[0m schema engine created [], altered [t1], dropped []
[2m2026-09-26 16:33:52.663 UTC[0m [92mINF[0m [2mvstreamer/main_test.go:332[0m Received events: [type:BEGIN timestamp:1790440432 current_time:1790440432656704942 keyspace:"vttest" shard:"0" commit_parent:489 sequence_number:490 event_gtid:"f31d99a9-b9c7-11f1-8aa7-02fc00000001:490" type:FIELD timestamp:1790440432 field_event:{table_name:"t1" fields:{name:"id1" type:INT32 table:"t1" org_table:"t1" database:"vttest" org_name:"id1" column_length:11 charset:63 flags:53251 column_type:"int"} fields:{name:"val" type:VARBINARY table:"t1" org_table:"t1" database:"vttest" org_name:"val" column_length:128 charset:63 flags:128 column_type:"varbinary(128)"} keyspace:"vttest" shard:"0"} current_time:1790440432656716539 keyspace:"vttest" shard:"0" commit_parent:489 sequence_number:490 event_gtid:"f31d99a9-b9c7-11f1-8aa7-02fc00000001:490" type:ROW timestamp:1790440432 row_event:{table_name:"t1" row_changes:{after:{lengths:1 lengths:1 values:"2b"}} keyspace:"vttest" shard:"0" flags:3} current_time:1790440432663379613 keyspace:"vttest" shard:"0" commit_parent:489 sequence_number:490 event_gtid:"f31d99a9-b9c7-11f1-8aa7-02fc00000001:490" type:ROW timestamp:1790440432 row_event:{table_name:"t1" row_changes:{after:{lengths:1 lengths:1 values:"3c"}} keyspace:"vttest" shard:"0" flags:3} current_time:1790440432663386165 keyspace:"vttest" shard:"0" commit_parent:489 sequence_number:490 event_gtid:"f31d99a9-b9c7-11f1-8aa7-02fc00000001:490" type:GTID timestamp:1790440432 gtid:"MySQL56/f31d99a9-b9c7-11f1-8aa7-02fc00000001:1-490" current_time:1790440432663399073 keyspace:"vttest" shard:"0" commit_parent:489 sequence_number:490 event_gtid:"f31d99a9-b9c7-11f1-8aa7-02fc00000001:490" type:COMMIT timestamp:1790440432 current_time:1790440432663399073 keyspace:"vttest" shard:"0" commit_parent:489 sequence_number:490 event_gtid:"f31d99a9-b9c7-11f1-8aa7-02fc00000001:490"]
[2m2026-09-26 16:33:52.663 UTC[0m [92mINF[0m [2mvstreamer/vstreamer.go:1777[0m stream (at source tablet) ended @ (including the GTID we failed to process) f31d99a9-b9c7-11f1-8aa7-02fc00000001:1-490
[2m2026-09-26 16:33:52.663 UTC[0m [92mINF[0m [2mbinlog/binlog_connection.go:331[0m closing binlog socket to unblock reads
[2m2026-09-26 16:33:52.663 UTC[0m [92mINF[0m [2mbinlog/binlog_connection.go:206[0m connection closed during binlog stream (possibly intentional): read unix @->/home/vt/v4btest/data/vttest1035440681/vt_0000000001/mysql.sock: use of closed network connection
io.ReadFull(header size) failed (errno 2013) (sqlstate HY000)
[2m2026-09-26 16:33:52.663 UTC[0m [92mINF[0m [2mbinlog/binlog_connection.go:339[0m waiting for binlog dump thread to end
[2m2026-09-26 16:33:52.663 UTC[0m [92mINF[0m [2mbinlog/binlog_connection.go:345[0m closing binlog MySQL client with serverID 1980439035. Will recycle ID.
[2m2026-09-26 16:33:52.663 UTC[0m [92mINF[0m [2mvstreamer/main_test.go:154[0m Last line of runCases
[2m2026-09-26 16:33:52.663 UTC[0m [92mINF[0m [2mmysqlctl/query.go:107[0m exec drop table if exists t1
=== RUN   TestFilteredBetweenOperator/between-and-not-between-and-additional-compare
[2m2026-09-26 16:33:52.666 UTC[0m [92mINF[0m [2mmysqlctl/query.go:107[0m exec create table t1(id1 int, id2 int, val varbinary(128), primary key(id1)) ENGINE=InnoDB CHARSET=utf8mb4
[2m2026-09-26 16:33:52.672 UTC[0m [92mINF[0m [2mvstreamer/main_test.go:134[0m Starting stream with current position
[2m2026-09-26 16:33:52.673 UTC[0m [92mINF[0m [2mvstreamer/uvstreamer.go:447[0m Stream() called
[2m2026-09-26 16:33:52.673 UTC[0m [92mINF[0m [2mvstreamer/uvstreamer.go:363[0m sendEventsForCurrentPos
[2m2026-09-26 16:33:52.673 UTC[0m [92mINF[0m [2mvstreamer/main_test.go:332[0m Received events: [type:GTID gtid:"MySQL56/f31d99a9-b9c7-11f1-8aa7-02fc00000001:1-492" keyspace:"vttest" shard:"0" type:OTHER keyspace:"vttest" shard:"0"]
[2m2026-09-26 16:33:52.673 UTC[0m [92mINF[0m [2mvstreamer/vstreamer.go:258[0m Starting Stream() with startPos MySQL56/f31d99a9-b9c7-11f1-8aa7-02fc00000001:1-492
[2m2026-09-26 16:33:52.673 UTC[0m [92mINF[0m [2mvstreamer/main_test.go:137[0m Starting to run test cases
[2m2026-09-26 16:33:52.674 UTC[0m [92mINF[0m [2mmysqlctl/query.go:107[0m exec begin
[2m2026-09-26 16:33:52.674 UTC[0m [92mINF[0m [2mmysqlctl/query.go:107[0m exec insert into t1 values (1, 100, 'a')
[2m2026-09-26 16:33:52.674 UTC[0m [92mINF[0m [2mmysqlctl/query.go:107[0m exec insert into t1 values (2, 200, 'b')
[2m2026-09-26 16:33:52.674 UTC[0m [92mINF[0m [2mbinlog/binlog_connection.go:118[0m new binlog connection: serverID=1980439035
[2m2026-09-26 16:33:52.674 UTC[0m [92mINF[0m [2mbinlog/binlog_connection.go:169[0m sending binlog dump command: startPos=f31d99a9-b9c7-11f1-8aa7-02fc00000001:1-492, serverID=1980439035
[2m2026-09-26 16:33:52.675 UTC[0m [92mINF[0m [2mmysqlctl/query.go:107[0m exec insert into t1 values (3, 100, 'c')
[2m2026-09-26 16:33:52.675 UTC[0m [92mINF[0m [2mmysqlctl/query.go:107[0m exec insert into t1 values (4, 200, 'd')
[2m2026-09-26 16:33:52.675 UTC[0m [92mINF[0m [2mmysqlctl/query.go:107[0m exec insert into t1 values (5, 200, 'e')
[2m2026-09-26 16:33:52.675 UTC[0m [92mINF[0m [2mmysqlctl/query.go:107[0m exec insert into t1 values (6, 200, 'f')
[2m2026-09-26 16:33:52.676 UTC[0m [92mINF[0m [2mmysqlctl/query.go:107[0m exec insert into t1 values (7, 100, 'g')
[2m2026-09-26 16:33:52.676 UTC[0m [92mINF[0m [2mmysqlctl/query.go:107[0m exec insert into t1 values (8, 100, 'a')
[2m2026-09-26 16:33:52.676 UTC[0m [92mINF[0m [2mmysqlctl/query.go:107[0m exec insert into t1 values (9, 100, 'a')
[2m2026-09-26 16:33:52.676 UTC[0m [92mINF[0m [2mmysqlctl/query.go:107[0m exec commit
[2m2026-09-26 16:33:52.679 UTC[0m [92mINF[0m [2mschema/engine.go:640[0m schema engine created [], altered [t1], dropped []
[2m2026-09-26 16:33:52.682 UTC[0m [92mINF[0m [2mvstreamer/main_test.go:332[0m Received events: [type:BEGIN timestamp:1790440432 current_time:1790440432676658114 keyspace:"vttest" shard:"0" commit_parent:492 sequence_number:493 event_gtid:"f31d99a9-b9c7-11f1-8aa7-02fc00000001:493" type:FIELD timestamp:1790440432 field_event:{table_name:"t1" fields:{name:"id1" type:INT32 table:"t1" org_table:"t1" database:"vttest" org_name:"id1" column_length:11 charset:63 flags:53251 column_type:"int"} fields:{name:"val" type:VARBINARY table:"t1" org_table:"t1" database:"vttest" org_name:"val" column_length:128 charset:63 flags:128 column_type:"varbinary(128)"} keyspace:"vttest" shard:"0"} current_time:1790440432676665598 keyspace:"vttest" shard:"0" commit_parent:492 sequence_number:493 event_gtid:"f31d99a9-b9c7-11f1-8aa7-02fc00000001:493" type:ROW timestamp:1790440432 row_event:{table_name:"t1" row_changes:{after:{lengths:1 lengths:1 values:"8a"}} keyspace:"vttest" shard:"0" flags:3} current_time:1790440432682798577 keyspace:"vttest" shard:"0" commit_parent:492 sequence_number:493 event_gtid:"f31d99a9-b9c7-11f1-8aa7-02fc00000001:493" type:GTID timestamp:1790440432 gtid:"MySQL56/f31d99a9-b9c7-11f1-8aa7-02fc00000001:1-493" current_time:1790440432682808175 keyspace:"vttest" shard:"0" commit_parent:492 sequence_number:493 event_gtid:"f31d99a9-b9c7-11f1-8aa7-02fc00000001:493" type:COMMIT timestamp:1790440432 current_time:1790440432682808175 keyspace:"vttest" shard:"0" commit_parent:492 sequence_number:493 event_gtid:"f31d99a9-b9c7-11f1-8aa7-02fc00000001:493"]
[2m2026-09-26 16:33:52.682 UTC[0m [92mINF[0m [2mvstreamer/vstreamer.go:1777[0m stream (at source tablet) ended @ (including the GTID we failed to process) f31d99a9-b9c7-11f1-8aa7-02fc00000001:1-493
[2m2026-09-26 16:33:52.682 UTC[0m [92mINF[0m [2mbinlog/binlog_connection.go:331[0m closing binlog socket to unblock reads
[2m2026-09-26 16:33:52.683 UTC[0m [92mINF[0m [2mbinlog/binlog_connection.go:206[0m connection closed during binlog stream (possibly intentional): read unix @->/home/vt/v4btest/data/vttest1035440681/vt_0000000001/mysql.sock: use of closed network connection
io.ReadFull(header size) failed (errno 2013) (sqlstate HY000)
[2m2026-09-26 16:33:52.683 UTC[0m [92mINF[0m [2mbinlog/binlog_connection.go:339[0m waiting for binlog dump thread to end
[2m2026-09-26 16:33:52.683 UTC[0m [92mINF[0m [2mbinlog/binlog_connection.go:345[0m closing binlog MySQL client with serverID 1980439035. Will recycle ID.
[2m2026-09-26 16:33:52.683 UTC[0m [92mINF[0m [2mvstreamer/main_test.go:154[0m Last line of runCases
[2m2026-09-26 16:33:52.683 UTC[0m [92mINF[0m [2mmysqlctl/query.go:107[0m exec drop table if exists t1
--- PASS: TestFilteredBetweenOperator (0.11s)
    --- PASS: TestFilteredBetweenOperator/between-int (0.02s)
    --- PASS: TestFilteredBetweenOperator/between-varchar (0.02s)
    --- PASS: TestFilteredBetweenOperator/not-between-int (0.02s)
    --- PASS: TestFilteredBetweenOperator/not-between-varchar (0.02s)
    --- PASS: TestFilteredBetweenOperator/between-and-not-between (0.02s)
    --- PASS: TestFilteredBetweenOperator/between-and-not-between-and-additional-compare (0.02s)
=== RUN   TestFilteredIsNullOperator
=== RUN   TestFilteredIsNullOperator/is-null
[2m2026-09-26 16:33:52.686 UTC[0m [92mINF[0m [2mmysqlctl/query.go:107[0m exec create table t1(id1 int, id2 int, val varbinary(128), primary key(id1)) ENGINE=InnoDB CHARSET=utf8mb4
[2m2026-09-26 16:33:52.692 UTC[0m [92mINF[0m [2mvstreamer/main_test.go:134[0m Starting stream with current position
[2m2026-09-26 16:33:52.693 UTC[0m [92mINF[0m [2mvstreamer/uvstreamer.go:447[0m Stream() called
[2m2026-09-26 16:33:52.693 UTC[0m [92mINF[0m [2mvstreamer/uvstreamer.go:363[0m sendEventsForCurrentPos
[2m2026-09-26 16:33:52.693 UTC[0m [92mINF[0m [2mvstreamer/main_test.go:332[0m Received events: [type:GTID gtid:"MySQL56/f31d99a9-b9c7-11f1-8aa7-02fc00000001:1-495" keyspace:"vttest" shard:"0" type:OTHER keyspace:"vttest" shard:"0"]
[2m2026-09-26 16:33:52.693 UTC[0m [92mINF[0m [2mvstreamer/vstreamer.go:258[0m Starting Stream() with startPos MySQL56/f31d99a9-b9c7-11f1-8aa7-02fc00000001:1-495
[2m2026-09-26 16:33:52.693 UTC[0m [92mINF[0m [2mvstreamer/main_test.go:137[0m Starting to run test cases
[2m2026-09-26 16:33:52.694 UTC[0m [92mINF[0m [2mmysqlctl/query.go:107[0m exec begin
[2m2026-09-26 16:33:52.694 UTC[0m [92mINF[0m [2mmysqlctl/query.go:107[0m exec insert into t1 values (1, 100, 'aaa')
[2m2026-09-26 16:33:52.694 UTC[0m [92mINF[0m [2mbinlog/binlog_connection.go:118[0m new binlog connection: serverID=1980439035
[2m2026-09-26 16:33:52.694 UTC[0m [92mINF[0m [2mbinlog/binlog_connection.go:169[0m sending binlog dump command: startPos=f31d99a9-b9c7-11f1-8aa7-02fc00000001:1-495, serverID=1980439035
[2m2026-09-26 16:33:52.695 UTC[0m [92mINF[0m [2mmysqlctl/query.go:107[0m exec insert into t1 values (2, 200, 'bbb')
[2m2026-09-26 16:33:52.695 UTC[0m [92mINF[0m [2mmysqlctl/query.go:107[0m exec insert into t1 values (3, 100, 'ccc')
[2m2026-09-26 16:33:52.695 UTC[0m [92mINF[0m [2mmysqlctl/query.go:107[0m exec insert into t1 values (4, 200, NULL)
[2m2026-09-26 16:33:52.695 UTC[0m [92mINF[0m [2mmysqlctl/query.go:107[0m exec insert into t1 values (5, 200, NULL)
[2m2026-09-26 16:33:52.695 UTC[0m [92mINF[0m [2mmysqlctl/query.go:107[0m exec commit
[2m2026-09-26 16:33:52.702 UTC[0m [92mINF[0m [2mschema/engine.go:640[0m schema engine created [], altered [t1], dropped []
[2m2026-09-26 16:33:52.708 UTC[0m [92mINF[0m [2mvstreamer/main_test.go:332[0m Received events: [type:BEGIN timestamp:1790440432 current_time:1790440432696089404 keyspace:"vttest" shard:"0" commit_parent:495 sequence_number:496 event_gtid:"f31d99a9-b9c7-11f1-8aa7-02fc00000001:496" type:FIELD timestamp:1790440432 field_event:{table_name:"t1" fields:{name:"id1" type:INT32 table:"t1" org_table:"t1" database:"vttest" org_name:"id1" column_length:11 charset:63 flags:53251 column_type:"int"} fields:{name:"val" type:VARBINARY table:"t1" org_table:"t1" database:"vttest" org_name:"val" column_length:128 charset:63 flags:128 column_type:"varbinary(128)"} keyspace:"vttest" shard:"0"} current_time:1790440432696120591 keyspace:"vttest" shard:"0" commit_parent:495 sequence_number:496 event_gtid:"f31d99a9-b9c7-11f1-8aa7-02fc00000001:496" type:ROW timestamp:1790440432 row_event:{table_name:"t1" row_changes:{after:{lengths:1 lengths:-1 values:"4"}} keyspace:"vttest" shard:"0" flags:3} current_time:1790440432708269537 keyspace:"vttest" shard:"0" commit_parent:495 sequence_number:496 event_gtid:"f31d99a9-b9c7-11f1-8aa7-02fc00000001:496" type:ROW timestamp:1790440432 row_event:{table_name:"t1" row_changes:{after:{lengths:1 lengths:-1 values:"5"}} keyspace:"vttest" shard:"0" flags:3} current_time:1790440432708276308 keyspace:"vttest" shard:"0" commit_parent:495 sequence_number:496 event_gtid:"f31d99a9-b9c7-11f1-8aa7-02fc00000001:496" type:GTID timestamp:1790440432 gtid:"MySQL56/f31d99a9-b9c7-11f1-8aa7-02fc00000001:1-496" current_time:1790440432708278151 keyspace:"vttest" shard:"0" commit_parent:495 sequence_number:496 event_gtid:"f31d99a9-b9c7-11f1-8aa7-02fc00000001:496" type:COMMIT timestamp:1790440432 current_time:1790440432708278151 keyspace:"vttest" shard:"0" commit_parent:495 sequence_number:496 event_gtid:"f31d99a9-b9c7-11f1-8aa7-02fc00000001:496"]
[2m2026-09-26 16:33:52.708 UTC[0m [92mINF[0m [2mvstreamer/vstreamer.go:1777[0m stream (at source tablet) ended @ (including the GTID we failed to process) f31d99a9-b9c7-11f1-8aa7-02fc00000001:1-496
[2m2026-09-26 16:33:52.708 UTC[0m [92mINF[0m [2mbinlog/binlog_connection.go:331[0m closing binlog socket to unblock reads
[2m2026-09-26 16:33:52.708 UTC[0m [92mINF[0m [2mbinlog/binlog_connection.go:206[0m connection closed during binlog stream (possibly intentional): read unix @->/home/vt/v4btest/data/vttest1035440681/vt_0000000001/mysql.sock: use of closed network connection
io.ReadFull(header size) failed (errno 2013) (sqlstate HY000)
[2m2026-09-26 16:33:52.708 UTC[0m [92mINF[0m [2mbinlog/binlog_connection.go:339[0m waiting for binlog dump thread to end
[2m2026-09-26 16:33:52.708 UTC[0m [92mINF[0m [2mbinlog/binlog_connection.go:345[0m closing binlog MySQL client with serverID 1980439035. Will recycle ID.
[2m2026-09-26 16:33:52.708 UTC[0m [92mINF[0m [2mvstreamer/main_test.go:154[0m Last line of runCases
[2m2026-09-26 16:33:52.709 UTC[0m [92mINF[0m [2mmysqlctl/query.go:107[0m exec drop table if exists t1
=== RUN   TestFilteredIsNullOperator/is-null-and-is-not-null
[2m2026-09-26 16:33:52.718 UTC[0m [92mINF[0m [2mmysqlctl/query.go:107[0m exec create table t1(id1 int, id2 int, val varbinary(128), primary key(id1)) ENGINE=InnoDB CHARSET=utf8mb4
[2m2026-09-26 16:33:52.723 UTC[0m [92mINF[0m [2mvstreamer/main_test.go:134[0m Starting stream with current position
[2m2026-09-26 16:33:52.724 UTC[0m [92mINF[0m [2mvstreamer/uvstreamer.go:447[0m Stream() called
[2m2026-09-26 16:33:52.725 UTC[0m [92mINF[0m [2mvstreamer/uvstreamer.go:363[0m sendEventsForCurrentPos
[2m2026-09-26 16:33:52.725 UTC[0m [92mINF[0m [2mvstreamer/main_test.go:332[0m Received events: [type:GTID gtid:"MySQL56/f31d99a9-b9c7-11f1-8aa7-02fc00000001:1-498" keyspace:"vttest" shard:"0" type:OTHER keyspace:"vttest" shard:"0"]
[2m2026-09-26 16:33:52.725 UTC[0m [92mINF[0m [2mvstreamer/vstreamer.go:258[0m Starting Stream() with startPos MySQL56/f31d99a9-b9c7-11f1-8aa7-02fc00000001:1-498
[2m2026-09-26 16:33:52.725 UTC[0m [92mINF[0m [2mvstreamer/main_test.go:137[0m Starting to run test cases
[2m2026-09-26 16:33:52.725 UTC[0m [92mINF[0m [2mmysqlctl/query.go:107[0m exec begin
[2m2026-09-26 16:33:52.725 UTC[0m [92mINF[0m [2mmysqlctl/query.go:107[0m exec insert into t1 values (1, 100, 'aaa')
[2m2026-09-26 16:33:52.725 UTC[0m [92mINF[0m [2mbinlog/binlog_connection.go:118[0m new binlog connection: serverID=1980439035
[2m2026-09-26 16:33:52.725 UTC[0m [92mINF[0m [2mbinlog/binlog_connection.go:169[0m sending binlog dump command: startPos=f31d99a9-b9c7-11f1-8aa7-02fc00000001:1-498, serverID=1980439035
[2m2026-09-26 16:33:52.726 UTC[0m [92mINF[0m [2mmysqlctl/query.go:107[0m exec insert into t1 values (2, 200, 'bbb')
[2m2026-09-26 16:33:52.726 UTC[0m [92mINF[0m [2mmysqlctl/query.go:107[0m exec insert into t1 values (3, 100, NULL)
[2m2026-09-26 16:33:52.726 UTC[0m [92mINF[0m [2mmysqlctl/query.go:107[0m exec insert into t1 values (4, NULL, NULL)
[2m2026-09-26 16:33:52.727 UTC[0m [92mINF[0m [2mmysqlctl/query.go:107[0m exec insert into t1 values (5, 200, NULL)
[2m2026-09-26 16:33:52.727 UTC[0m [92mINF[0m [2mmysqlctl/query.go:107[0m exec commit
[2m2026-09-26 16:33:52.730 UTC[0m [92mINF[0m [2mschema/engine.go:640[0m schema engine created [], altered [t1], dropped []
[2m2026-09-26 16:33:52.733 UTC[0m [92mINF[0m [2mvstreamer/main_test.go:332[0m Received events: [type:BEGIN timestamp:1790440432 current_time:1790440432727514528 keyspace:"vttest" shard:"0" commit_parent:498 sequence_number:499 event_gtid:"f31d99a9-b9c7-11f1-8aa7-02fc00000001:499" type:FIELD timestamp:1790440432 field_event:{table_name:"t1" fields:{name:"id1" type:INT32 table:"t1" org_table:"t1" database:"vttest" org_name:"id1" column_length:11 charset:63 flags:53251 column_type:"int"} fields:{name:"val" type:VARBINARY table:"t1" org_table:"t1" database:"vttest" org_name:"val" column_length:128 charset:63 flags:128 column_type:"varbinary(128)"} keyspace:"vttest" shard:"0"} current_time:1790440432727526426 keyspace:"vttest" shard:"0" commit_parent:498 sequence_number:499 event_gtid:"f31d99a9-b9c7-11f1-8aa7-02fc00000001:499" type:ROW timestamp:1790440432 row_event:{table_name:"t1" row_changes:{after:{lengths:1 lengths:-1 values:"3"}} keyspace:"vttest" shard:"0" flags:3} current_time:1790440432733089093 keyspace:"vttest" shard:"0" commit_parent:498 sequence_number:499 event_gtid:"f31d99a9-b9c7-11f1-8aa7-02fc00000001:499" type:ROW timestamp:1790440432 row_event:{table_name:"t1" row_changes:{after:{lengths:1 lengths:-1 values:"5"}} keyspace:"vttest" shard:"0" flags:3} current_time:1790440432733096974 keyspace:"vttest" shard:"0" commit_parent:498 sequence_number:499 event_gtid:"f31d99a9-b9c7-11f1-8aa7-02fc00000001:499" type:GTID timestamp:1790440432 gtid:"MySQL56/f31d99a9-b9c7-11f1-8aa7-02fc00000001:1-499" current_time:1790440432733098776 keyspace:"vttest" shard:"0" commit_parent:498 sequence_number:499 event_gtid:"f31d99a9-b9c7-11f1-8aa7-02fc00000001:499" type:COMMIT timestamp:1790440432 current_time:1790440432733098776 keyspace:"vttest" shard:"0" commit_parent:498 sequence_number:499 event_gtid:"f31d99a9-b9c7-11f1-8aa7-02fc00000001:499"]
[2m2026-09-26 16:33:52.733 UTC[0m [92mINF[0m [2mvstreamer/vstreamer.go:1777[0m stream (at source tablet) ended @ (including the GTID we failed to process) f31d99a9-b9c7-11f1-8aa7-02fc00000001:1-499
[2m2026-09-26 16:33:52.733 UTC[0m [92mINF[0m [2mbinlog/binlog_connection.go:331[0m closing binlog socket to unblock reads
[2m2026-09-26 16:33:52.733 UTC[0m [92mINF[0m [2mbinlog/binlog_connection.go:206[0m connection closed during binlog stream (possibly intentional): read unix @->/home/vt/v4btest/data/vttest1035440681/vt_0000000001/mysql.sock: use of closed network connection
io.ReadFull(header size) failed (errno 2013) (sqlstate HY000)
[2m2026-09-26 16:33:52.733 UTC[0m [92mINF[0m [2mbinlog/binlog_connection.go:339[0m waiting for binlog dump thread to end
[2m2026-09-26 16:33:52.733 UTC[0m [92mINF[0m [2mbinlog/binlog_connection.go:345[0m closing binlog MySQL client with serverID 1980439035. Will recycle ID.
[2m2026-09-26 16:33:52.733 UTC[0m [92mINF[0m [2mvstreamer/main_test.go:154[0m Last line of runCases
[2m2026-09-26 16:33:52.733 UTC[0m [92mINF[0m [2mmysqlctl/query.go:107[0m exec drop table if exists t1
=== RUN   TestFilteredIsNullOperator/is-null-and-other-op
[2m2026-09-26 16:33:52.736 UTC[0m [92mINF[0m [2mmysqlctl/query.go:107[0m exec create table t1(id1 int, id2 int, val varbinary(128), primary key(id1)) ENGINE=InnoDB CHARSET=utf8mb4
[2m2026-09-26 16:33:52.740 UTC[0m [92mINF[0m [2mvstreamer/main_test.go:134[0m Starting stream with current position
[2m2026-09-26 16:33:52.741 UTC[0m [92mINF[0m [2mvstreamer/uvstreamer.go:447[0m Stream() called
[2m2026-09-26 16:33:52.742 UTC[0m [92mINF[0m [2mvstreamer/uvstreamer.go:363[0m sendEventsForCurrentPos
[2m2026-09-26 16:33:52.742 UTC[0m [92mINF[0m [2mvstreamer/main_test.go:332[0m Received events: [type:GTID gtid:"MySQL56/f31d99a9-b9c7-11f1-8aa7-02fc00000001:1-501" keyspace:"vttest" shard:"0" type:OTHER keyspace:"vttest" shard:"0"]
[2m2026-09-26 16:33:52.742 UTC[0m [92mINF[0m [2mvstreamer/vstreamer.go:258[0m Starting Stream() with startPos MySQL56/f31d99a9-b9c7-11f1-8aa7-02fc00000001:1-501
[2m2026-09-26 16:33:52.742 UTC[0m [92mINF[0m [2mvstreamer/main_test.go:137[0m Starting to run test cases
[2m2026-09-26 16:33:52.742 UTC[0m [92mINF[0m [2mmysqlctl/query.go:107[0m exec begin
[2m2026-09-26 16:33:52.742 UTC[0m [92mINF[0m [2mmysqlctl/query.go:107[0m exec insert into t1 values (1, 100, 'd')
[2m2026-09-26 16:33:52.742 UTC[0m [92mINF[0m [2mbinlog/binlog_connection.go:118[0m new binlog connection: serverID=1980439035
[2m2026-09-26 16:33:52.743 UTC[0m [92mINF[0m [2mbinlog/binlog_connection.go:169[0m sending binlog dump command: startPos=f31d99a9-b9c7-11f1-8aa7-02fc00000001:1-501, serverID=1980439035
[2m2026-09-26 16:33:52.744 UTC[0m [92mINF[0m [2mmysqlctl/query.go:107[0m exec insert into t1 values (2, 200, 'e')
[2m2026-09-26 16:33:52.744 UTC[0m [92mINF[0m [2mmysqlctl/query.go:107[0m exec insert into t1 values (3, 100, NULL)
[2m2026-09-26 16:33:52.744 UTC[0m [92mINF[0m [2mmysqlctl/query.go:107[0m exec insert into t1 values (4, 200, NULL)
[2m2026-09-26 16:33:52.744 UTC[0m [92mINF[0m [2mmysqlctl/query.go:107[0m exec insert into t1 values (5, 200, NULL)
[2m2026-09-26 16:33:52.744 UTC[0m [92mINF[0m [2mmysqlctl/query.go:107[0m exec commit
[2m2026-09-26 16:33:52.748 UTC[0m [92mINF[0m [2mvstreamer/main_test.go:332[0m Received events: [type:BEGIN timestamp:1790440432 current_time:1790440432744959138 keyspace:"vttest" shard:"0" commit_parent:501 sequence_number:502 event_gtid:"f31d99a9-b9c7-11f1-8aa7-02fc00000001:502" type:FIELD timestamp:1790440432 field_event:{table_name:"t1" fields:{name:"id1" type:INT32 table:"t1" org_table:"t1" database:"vttest" org_name:"id1" column_length:11 charset:63 flags:53251 column_type:"int"} fields:{name:"val" type:VARBINARY table:"t1" org_table:"t1" database:"vttest" org_name:"val" column_length:128 charset:63 flags:128 column_type:"varbinary(128)"} keyspace:"vttest" shard:"0"} current_time:1790440432744969976 keyspace:"vttest" shard:"0" commit_parent:501 sequence_number:502 event_gtid:"f31d99a9-b9c7-11f1-8aa7-02fc00000001:502" type:ROW timestamp:1790440432 row_event:{table_name:"t1" row_changes:{after:{lengths:1 lengths:-1 values:"5"}} keyspace:"vttest" shard:"0" flags:3} current_time:1790440432748039597 keyspace:"vttest" shard:"0" commit_parent:501 sequence_number:502 event_gtid:"f31d99a9-b9c7-11f1-8aa7-02fc00000001:502" type:GTID timestamp:1790440432 gtid:"MySQL56/f31d99a9-b9c7-11f1-8aa7-02fc00000001:1-502" current_time:1790440432748042619 keyspace:"vttest" shard:"0" commit_parent:501 sequence_number:502 event_gtid:"f31d99a9-b9c7-11f1-8aa7-02fc00000001:502" type:COMMIT timestamp:1790440432 current_time:1790440432748042619 keyspace:"vttest" shard:"0" commit_parent:501 sequence_number:502 event_gtid:"f31d99a9-b9c7-11f1-8aa7-02fc00000001:502"]
[2m2026-09-26 16:33:52.749 UTC[0m [92mINF[0m [2mschema/engine.go:640[0m schema engine created [], altered [t1], dropped []
[2m2026-09-26 16:33:52.750 UTC[0m [92mINF[0m [2mvstreamer/vstreamer.go:1777[0m stream (at source tablet) ended @ (including the GTID we failed to process) f31d99a9-b9c7-11f1-8aa7-02fc00000001:1-502
[2m2026-09-26 16:33:52.750 UTC[0m [92mINF[0m [2mbinlog/binlog_connection.go:331[0m closing binlog socket to unblock reads
[2m2026-09-26 16:33:52.750 UTC[0m [92mINF[0m [2mbinlog/binlog_connection.go:206[0m connection closed during binlog stream (possibly intentional): read unix @->/home/vt/v4btest/data/vttest1035440681/vt_0000000001/mysql.sock: use of closed network connection
io.ReadFull(header size) failed (errno 2013) (sqlstate HY000)
[2m2026-09-26 16:33:52.750 UTC[0m [92mINF[0m [2mbinlog/binlog_connection.go:339[0m waiting for binlog dump thread to end
[2m2026-09-26 16:33:52.750 UTC[0m [92mINF[0m [2mbinlog/binlog_connection.go:345[0m closing binlog MySQL client with serverID 1980439035. Will recycle ID.
[2m2026-09-26 16:33:52.750 UTC[0m [92mINF[0m [2mvstreamer/main_test.go:154[0m Last line of runCases
[2m2026-09-26 16:33:52.750 UTC[0m [92mINF[0m [2mmysqlctl/query.go:107[0m exec drop table if exists t1
--- PASS: TestFilteredIsNullOperator (0.07s)
    --- PASS: TestFilteredIsNullOperator/is-null (0.03s)
    --- PASS: TestFilteredIsNullOperator/is-null-and-is-not-null (0.02s)
    --- PASS: TestFilteredIsNullOperator/is-null-and-other-op (0.02s)
=== RUN   TestUVStreamerNoCopyWithGTID
[2m2026-09-26 16:33:52.754 UTC[0m [92mINF[0m [2mmysqlctl/query.go:107[0m exec create table t1(id int, val varchar(128), primary key(id))
[2m2026-09-26 16:33:52.759 UTC[0m [92mINF[0m [2mmysqlctl/query.go:107[0m exec insert into t1 values (1, 'val1')
[2m2026-09-26 16:33:52.761 UTC[0m [92mINF[0m [2mmysqlctl/query.go:107[0m exec drop table t1
--- PASS: TestUVStreamerNoCopyWithGTID (0.01s)
=== RUN   TestMinimalSchemaEnumSetColumnTypeLifecycle
[2m2026-09-26 16:33:52.763 UTC[0m [92mINF[0m [2mmysqlctl/query.go:107[0m exec create table enum_set_lifecycle(id int, plan enum('free','standard') not null, roles set('admin','user') not null, bin_plan enum('gold','silver') collate utf8mb4_bin not null, bin_roles set('a','b') c
[2m2026-09-26 16:33:52.773 UTC[0m [92mINF[0m [2mschema/engine.go:640[0m schema engine created [enum_set_lifecycle], altered [], dropped [t1]
[2m2026-09-26 16:33:52.774 UTC[0m [92mINF[0m [2mmysqlctl/query.go:107[0m exec alter table enum_set_lifecycle modify plan enum('free','basic','standard') not null, modify roles set('admin','ops','user') not null, drop column bin_plan, drop column bin_roles
[2m2026-09-26 16:33:52.785 UTC[0m [92mINF[0m [2mmysqlctl/query.go:107[0m exec drop table enum_set_lifecycle
--- PASS: TestMinimalSchemaEnumSetColumnTypeLifecycle (0.02s)
=== RUN   TestAddEnumAndSetMappingsActionableError
--- PASS: TestAddEnumAndSetMappingsActionableError (0.00s)
=== RUN   TestBuildSetStringValue64thMember
--- PASS: TestBuildSetStringValue64thMember (0.00s)
PASS
[2m2026-09-26 16:33:52.788 UTC[0m [92mINF[0m [2mvstreamer/engine.go:205[0m VStreamer: closed
[2m2026-09-26 16:33:52.788 UTC[0m [92mINF[0m [2mschema/engine.go:308[0m Schema Engine: closed
exit 0
